2025-04-27 19:42:09,415 - httpx - INFO - HTTP Request: POST https://api.telegram.org/bot8084223356:AAH0f9ib-iOJlt4xZWPH3r8GecTdVvjYcrE/getMe "HTTP/1.1 200 OK"
2025-04-27 19:42:09,486 - httpx - INFO - HTTP Request: POST https://api.telegram.org/bot8084223356:AAH0f9ib-iOJlt4xZWPH3r8GecTdVvjYcrE/deleteWebhook "HTTP/1.1 200 OK"
2025-04-27 19:42:09,490 - telegram.ext.Application - INFO - Application started
2025-04-27 19:42:09,636 - httpx - INFO - HTTP Request: POST https://api.telegram.org/bot8084223356:AAH0f9ib-iOJlt4xZWPH3r8GecTdVvjYcrE/getUpdates "HTTP/1.1 200 OK"
2025-04-27 19:42:09,707 - httpx - INFO - HTTP Request: POST https://api.telegram.org/bot8084223356:AAH0f9ib-iOJlt4xZWPH3r8GecTdVvjYcrE/sendMessage "HTTP/1.1 400 Bad Request"
2025-04-27 19:42:09,720 - telegram.ext.Application - ERROR - No error handlers are registered, logging exception.
Traceback (most recent call last):
  File "C:\Users\PC\AppData\Local\Programs\Python\Python313\Lib\site-packages\telegram\ext\_application.py", line 1298, in process_update
    await coroutine
  File "C:\Users\PC\AppData\Local\Programs\Python\Python313\Lib\site-packages\telegram\ext\_handlers\basehandler.py", line 158, in handle_update
    return await self.callback(update, context)
           ^^^^^^^^^^^^^^^^^^^^^^^^^^^^^^^^^^^^
  File "C:\mi-bot-horoscopo\bot.py", line 80, in start
    await update.message.reply_text(
    ...<3 lines>...
    )
  File "C:\Users\PC\AppData\Local\Programs\Python\Python313\Lib\site-packages\telegram\_message.py", line 1775, in reply_text
    return await self.get_bot().send_message(
           ^^^^^^^^^^^^^^^^^^^^^^^^^^^^^^^^^^
    ...<20 lines>...
    )
    ^
  File "C:\Users\PC\AppData\Local\Programs\Python\Python313\Lib\site-packages\telegram\ext\_extbot.py", line 2977, in send_message
    return await super().send_message(
           ^^^^^^^^^^^^^^^^^^^^^^^^^^^
    ...<21 lines>...
    )
    ^
  File "C:\Users\PC\AppData\Local\Programs\Python\Python313\Lib\site-packages\telegram\_bot.py", line 1091, in send_message
    return await self._send_message(
           ^^^^^^^^^^^^^^^^^^^^^^^^^
    ...<19 lines>...
    )
    ^
  File "C:\Users\PC\AppData\Local\Programs\Python\Python313\Lib\site-packages\telegram\ext\_extbot.py", line 618, in _send_message
    result = await super()._send_message(
             ^^^^^^^^^^^^^^^^^^^^^^^^^^^^
    ...<21 lines>...
    )
    ^
  File "C:\Users\PC\AppData\Local\Programs\Python\Python313\Lib\site-packages\telegram\_bot.py", line 803, in _send_message
    result = await self._post(
             ^^^^^^^^^^^^^^^^^
    ...<7 lines>...
    )
    ^
  File "C:\Users\PC\AppData\Local\Programs\Python\Python313\Lib\site-packages\telegram\_bot.py", line 691, in _post
    return await self._do_post(
           ^^^^^^^^^^^^^^^^^^^^
    ...<6 lines>...
    )
    ^
  File "C:\Users\PC\AppData\Local\Programs\Python\Python313\Lib\site-packages\telegram\ext\_extbot.py", line 362, in _do_post
    return await super()._do_post(
           ^^^^^^^^^^^^^^^^^^^^^^^
    ...<6 lines>...
    )
    ^
  File "C:\Users\PC\AppData\Local\Programs\Python\Python313\Lib\site-packages\telegram\_bot.py", line 720, in _do_post
    result = await request.post(
             ^^^^^^^^^^^^^^^^^^^
    ...<6 lines>...
    )
    ^
  File "C:\Users\PC\AppData\Local\Programs\Python\Python313\Lib\site-packages\telegram\request\_baserequest.py", line 197, in post
    result = await self._request_wrapper(
             ^^^^^^^^^^^^^^^^^^^^^^^^^^^^
    ...<7 lines>...
    )
    ^
  File "C:\Users\PC\AppData\Local\Programs\Python\Python313\Lib\site-packages\telegram\request\_baserequest.py", line 353, in _request_wrapper
    raise BadRequest(message)
telegram.error.BadRequest: Can't parse entities: character '!' is reserved and must be escaped with the preceding '\'
2025-04-27 19:42:19,799 - httpx - INFO - HTTP Request: POST https://api.telegram.org/bot8084223356:AAH0f9ib-iOJlt4xZWPH3r8GecTdVvjYcrE/getUpdates "HTTP/1.1 200 OK"
2025-04-27 19:42:29,867 - httpx - INFO - HTTP Request: POST https://api.telegram.org/bot8084223356:AAH0f9ib-iOJlt4xZWPH3r8GecTdVvjYcrE/getUpdates "HTTP/1.1 200 OK"
2025-04-27 19:42:39,919 - httpx - INFO - HTTP Request: POST https://api.telegram.org/bot8084223356:AAH0f9ib-iOJlt4xZWPH3r8GecTdVvjYcrE/getUpdates "HTTP/1.1 200 OK"
2025-04-27 19:42:40,849 - httpx - INFO - HTTP Request: POST https://api.telegram.org/bot8084223356:AAH0f9ib-iOJlt4xZWPH3r8GecTdVvjYcrE/getUpdates "HTTP/1.1 200 OK"
2025-04-27 19:42:40,986 - httpx - INFO - HTTP Request: POST https://api.telegram.org/bot8084223356:AAH0f9ib-iOJlt4xZWPH3r8GecTdVvjYcrE/sendMessage "HTTP/1.1 400 Bad Request"
2025-04-27 19:42:40,987 - telegram.ext.Application - ERROR - No error handlers are registered, logging exception.
Traceback (most recent call last):
  File "C:\Users\PC\AppData\Local\Programs\Python\Python313\Lib\site-packages\telegram\ext\_application.py", line 1298, in process_update
    await coroutine
  File "C:\Users\PC\AppData\Local\Programs\Python\Python313\Lib\site-packages\telegram\ext\_handlers\basehandler.py", line 158, in handle_update
    return await self.callback(update, context)
           ^^^^^^^^^^^^^^^^^^^^^^^^^^^^^^^^^^^^
  File "C:\mi-bot-horoscopo\bot.py", line 80, in start
    await update.message.reply_text(
    ...<3 lines>...
    )
  File "C:\Users\PC\AppData\Local\Programs\Python\Python313\Lib\site-packages\telegram\_message.py", line 1775, in reply_text
    return await self.get_bot().send_message(
           ^^^^^^^^^^^^^^^^^^^^^^^^^^^^^^^^^^
    ...<20 lines>...
    )
    ^
  File "C:\Users\PC\AppData\Local\Programs\Python\Python313\Lib\site-packages\telegram\ext\_extbot.py", line 2977, in send_message
    return await super().send_message(
           ^^^^^^^^^^^^^^^^^^^^^^^^^^^
    ...<21 lines>...
    )
    ^
  File "C:\Users\PC\AppData\Local\Programs\Python\Python313\Lib\site-packages\telegram\_bot.py", line 1091, in send_message
    return await self._send_message(
           ^^^^^^^^^^^^^^^^^^^^^^^^^
    ...<19 lines>...
    )
    ^
  File "C:\Users\PC\AppData\Local\Programs\Python\Python313\Lib\site-packages\telegram\ext\_extbot.py", line 618, in _send_message
    result = await super()._send_message(
             ^^^^^^^^^^^^^^^^^^^^^^^^^^^^
    ...<21 lines>...
    )
    ^
  File "C:\Users\PC\AppData\Local\Programs\Python\Python313\Lib\site-packages\telegram\_bot.py", line 803, in _send_message
    result = await self._post(
             ^^^^^^^^^^^^^^^^^
    ...<7 lines>...
    )
    ^
  File "C:\Users\PC\AppData\Local\Programs\Python\Python313\Lib\site-packages\telegram\_bot.py", line 691, in _post
    return await self._do_post(
           ^^^^^^^^^^^^^^^^^^^^
    ...<6 lines>...
    )
    ^
  File "C:\Users\PC\AppData\Local\Programs\Python\Python313\Lib\site-packages\telegram\ext\_extbot.py", line 362, in _do_post
    return await super()._do_post(
           ^^^^^^^^^^^^^^^^^^^^^^^
    ...<6 lines>...
    )
    ^
  File "C:\Users\PC\AppData\Local\Programs\Python\Python313\Lib\site-packages\telegram\_bot.py", line 720, in _do_post
    result = await request.post(
             ^^^^^^^^^^^^^^^^^^^
    ...<6 lines>...
    )
    ^
  File "C:\Users\PC\AppData\Local\Programs\Python\Python313\Lib\site-packages\telegram\request\_baserequest.py", line 197, in post
    result = await self._request_wrapper(
             ^^^^^^^^^^^^^^^^^^^^^^^^^^^^
    ...<7 lines>...
    )
    ^
  File "C:\Users\PC\AppData\Local\Programs\Python\Python313\Lib\site-packages\telegram\request\_baserequest.py", line 353, in _request_wrapper
    raise BadRequest(message)
telegram.error.BadRequest: Can't parse entities: character '!' is reserved and must be escaped with the preceding '\'
2025-04-27 19:42:43,289 - httpx - INFO - HTTP Request: POST https://api.telegram.org/bot8084223356:AAH0f9ib-iOJlt4xZWPH3r8GecTdVvjYcrE/getUpdates "HTTP/1.1 200 OK"
2025-04-27 19:42:43,357 - httpx - INFO - HTTP Request: POST https://api.telegram.org/bot8084223356:AAH0f9ib-iOJlt4xZWPH3r8GecTdVvjYcrE/sendMessage "HTTP/1.1 400 Bad Request"
2025-04-27 19:42:43,358 - telegram.ext.Application - ERROR - No error handlers are registered, logging exception.
Traceback (most recent call last):
  File "C:\Users\PC\AppData\Local\Programs\Python\Python313\Lib\site-packages\telegram\ext\_application.py", line 1298, in process_update
    await coroutine
  File "C:\Users\PC\AppData\Local\Programs\Python\Python313\Lib\site-packages\telegram\ext\_handlers\basehandler.py", line 158, in handle_update
    return await self.callback(update, context)
           ^^^^^^^^^^^^^^^^^^^^^^^^^^^^^^^^^^^^
  File "C:\mi-bot-horoscopo\bot.py", line 80, in start
    await update.message.reply_text(
    ...<3 lines>...
    )
  File "C:\Users\PC\AppData\Local\Programs\Python\Python313\Lib\site-packages\telegram\_message.py", line 1775, in reply_text
    return await self.get_bot().send_message(
           ^^^^^^^^^^^^^^^^^^^^^^^^^^^^^^^^^^
    ...<20 lines>...
    )
    ^
  File "C:\Users\PC\AppData\Local\Programs\Python\Python313\Lib\site-packages\telegram\ext\_extbot.py", line 2977, in send_message
    return await super().send_message(
           ^^^^^^^^^^^^^^^^^^^^^^^^^^^
    ...<21 lines>...
    )
    ^
  File "C:\Users\PC\AppData\Local\Programs\Python\Python313\Lib\site-packages\telegram\_bot.py", line 1091, in send_message
    return await self._send_message(
           ^^^^^^^^^^^^^^^^^^^^^^^^^
    ...<19 lines>...
    )
    ^
  File "C:\Users\PC\AppData\Local\Programs\Python\Python313\Lib\site-packages\telegram\ext\_extbot.py", line 618, in _send_message
    result = await super()._send_message(
             ^^^^^^^^^^^^^^^^^^^^^^^^^^^^
    ...<21 lines>...
    )
    ^
  File "C:\Users\PC\AppData\Local\Programs\Python\Python313\Lib\site-packages\telegram\_bot.py", line 803, in _send_message
    result = await self._post(
             ^^^^^^^^^^^^^^^^^
    ...<7 lines>...
    )
    ^
  File "C:\Users\PC\AppData\Local\Programs\Python\Python313\Lib\site-packages\telegram\_bot.py", line 691, in _post
    return await self._do_post(
           ^^^^^^^^^^^^^^^^^^^^
    ...<6 lines>...
    )
    ^
  File "C:\Users\PC\AppData\Local\Programs\Python\Python313\Lib\site-packages\telegram\ext\_extbot.py", line 362, in _do_post
    return await super()._do_post(
           ^^^^^^^^^^^^^^^^^^^^^^^
    ...<6 lines>...
    )
    ^
  File "C:\Users\PC\AppData\Local\Programs\Python\Python313\Lib\site-packages\telegram\_bot.py", line 720, in _do_post
    result = await request.post(
             ^^^^^^^^^^^^^^^^^^^
    ...<6 lines>...
    )
    ^
  File "C:\Users\PC\AppData\Local\Programs\Python\Python313\Lib\site-packages\telegram\request\_baserequest.py", line 197, in post
    result = await self._request_wrapper(
             ^^^^^^^^^^^^^^^^^^^^^^^^^^^^
    ...<7 lines>...
    )
    ^
  File "C:\Users\PC\AppData\Local\Programs\Python\Python313\Lib\site-packages\telegram\request\_baserequest.py", line 353, in _request_wrapper
    raise BadRequest(message)
telegram.error.BadRequest: Can't parse entities: character '!' is reserved and must be escaped with the preceding '\'
2025-04-27 19:42:49,658 - httpx - INFO - HTTP Request: POST https://api.telegram.org/bot8084223356:AAH0f9ib-iOJlt4xZWPH3r8GecTdVvjYcrE/getUpdates "HTTP/1.1 200 OK"
2025-04-27 19:42:49,784 - httpx - INFO - HTTP Request: POST https://api.telegram.org/bot8084223356:AAH0f9ib-iOJlt4xZWPH3r8GecTdVvjYcrE/sendMessage "HTTP/1.1 400 Bad Request"
2025-04-27 19:42:49,784 - telegram.ext.Application - ERROR - No error handlers are registered, logging exception.
Traceback (most recent call last):
  File "C:\Users\PC\AppData\Local\Programs\Python\Python313\Lib\site-packages\telegram\ext\_application.py", line 1298, in process_update
    await coroutine
  File "C:\Users\PC\AppData\Local\Programs\Python\Python313\Lib\site-packages\telegram\ext\_handlers\basehandler.py", line 158, in handle_update
    return await self.callback(update, context)
           ^^^^^^^^^^^^^^^^^^^^^^^^^^^^^^^^^^^^
  File "C:\mi-bot-horoscopo\bot.py", line 122, in help_command
    await update.message.reply_text(help_text, parse_mode="MarkdownV2")
  File "C:\Users\PC\AppData\Local\Programs\Python\Python313\Lib\site-packages\telegram\_message.py", line 1775, in reply_text
    return await self.get_bot().send_message(
           ^^^^^^^^^^^^^^^^^^^^^^^^^^^^^^^^^^
    ...<20 lines>...
    )
    ^
  File "C:\Users\PC\AppData\Local\Programs\Python\Python313\Lib\site-packages\telegram\ext\_extbot.py", line 2977, in send_message
    return await super().send_message(
           ^^^^^^^^^^^^^^^^^^^^^^^^^^^
    ...<21 lines>...
    )
    ^
  File "C:\Users\PC\AppData\Local\Programs\Python\Python313\Lib\site-packages\telegram\_bot.py", line 1091, in send_message
    return await self._send_message(
           ^^^^^^^^^^^^^^^^^^^^^^^^^
    ...<19 lines>...
    )
    ^
  File "C:\Users\PC\AppData\Local\Programs\Python\Python313\Lib\site-packages\telegram\ext\_extbot.py", line 618, in _send_message
    result = await super()._send_message(
             ^^^^^^^^^^^^^^^^^^^^^^^^^^^^
    ...<21 lines>...
    )
    ^
  File "C:\Users\PC\AppData\Local\Programs\Python\Python313\Lib\site-packages\telegram\_bot.py", line 803, in _send_message
    result = await self._post(
             ^^^^^^^^^^^^^^^^^
    ...<7 lines>...
    )
    ^
  File "C:\Users\PC\AppData\Local\Programs\Python\Python313\Lib\site-packages\telegram\_bot.py", line 691, in _post
    return await self._do_post(
           ^^^^^^^^^^^^^^^^^^^^
    ...<6 lines>...
    )
    ^
  File "C:\Users\PC\AppData\Local\Programs\Python\Python313\Lib\site-packages\telegram\ext\_extbot.py", line 362, in _do_post
    return await super()._do_post(
           ^^^^^^^^^^^^^^^^^^^^^^^
    ...<6 lines>...
    )
    ^
  File "C:\Users\PC\AppData\Local\Programs\Python\Python313\Lib\site-packages\telegram\_bot.py", line 720, in _do_post
    result = await request.post(
             ^^^^^^^^^^^^^^^^^^^
    ...<6 lines>...
    )
    ^
  File "C:\Users\PC\AppData\Local\Programs\Python\Python313\Lib\site-packages\telegram\request\_baserequest.py", line 197, in post
    result = await self._request_wrapper(
             ^^^^^^^^^^^^^^^^^^^^^^^^^^^^
    ...<7 lines>...
    )
    ^
  File "C:\Users\PC\AppData\Local\Programs\Python\Python313\Lib\site-packages\telegram\request\_baserequest.py", line 353, in _request_wrapper
    raise BadRequest(message)
telegram.error.BadRequest: Can't parse entities: character '-' is reserved and must be escaped with the preceding '\'
2025-04-27 19:42:59,706 - httpx - INFO - HTTP Request: POST https://api.telegram.org/bot8084223356:AAH0f9ib-iOJlt4xZWPH3r8GecTdVvjYcrE/getUpdates "HTTP/1.1 200 OK"
2025-04-27 19:44:05,764 - httpx - INFO - HTTP Request: POST https://api.telegram.org/bot8084223356:AAH0f9ib-iOJlt4xZWPH3r8GecTdVvjYcrE/getMe "HTTP/1.1 200 OK"
2025-04-27 19:44:05,832 - httpx - INFO - HTTP Request: POST https://api.telegram.org/bot8084223356:AAH0f9ib-iOJlt4xZWPH3r8GecTdVvjYcrE/deleteWebhook "HTTP/1.1 200 OK"
2025-04-27 19:44:05,836 - telegram.ext.Application - INFO - Application started
2025-04-27 19:44:15,968 - httpx - INFO - HTTP Request: POST https://api.telegram.org/bot8084223356:AAH0f9ib-iOJlt4xZWPH3r8GecTdVvjYcrE/getUpdates "HTTP/1.1 200 OK"
2025-04-27 19:44:20,137 - httpx - INFO - HTTP Request: POST https://api.telegram.org/bot8084223356:AAH0f9ib-iOJlt4xZWPH3r8GecTdVvjYcrE/getUpdates "HTTP/1.1 200 OK"
2025-04-27 19:44:20,271 - httpx - INFO - HTTP Request: POST https://api.telegram.org/bot8084223356:AAH0f9ib-iOJlt4xZWPH3r8GecTdVvjYcrE/sendMessage "HTTP/1.1 400 Bad Request"
2025-04-27 19:44:20,272 - telegram.ext.Application - ERROR - No error handlers are registered, logging exception.
Traceback (most recent call last):
  File "C:\Users\PC\AppData\Local\Programs\Python\Python313\Lib\site-packages\telegram\ext\_application.py", line 1298, in process_update
    await coroutine
  File "C:\Users\PC\AppData\Local\Programs\Python\Python313\Lib\site-packages\telegram\ext\_handlers\basehandler.py", line 158, in handle_update
    return await self.callback(update, context)
           ^^^^^^^^^^^^^^^^^^^^^^^^^^^^^^^^^^^^
  File "C:\mi-bot-horoscopo\bot.py", line 80, in start
    await update.message.reply_text(
    ...<3 lines>...
    )
  File "C:\Users\PC\AppData\Local\Programs\Python\Python313\Lib\site-packages\telegram\_message.py", line 1775, in reply_text
    return await self.get_bot().send_message(
           ^^^^^^^^^^^^^^^^^^^^^^^^^^^^^^^^^^
    ...<20 lines>...
    )
    ^
  File "C:\Users\PC\AppData\Local\Programs\Python\Python313\Lib\site-packages\telegram\ext\_extbot.py", line 2977, in send_message
    return await super().send_message(
           ^^^^^^^^^^^^^^^^^^^^^^^^^^^
    ...<21 lines>...
    )
    ^
  File "C:\Users\PC\AppData\Local\Programs\Python\Python313\Lib\site-packages\telegram\_bot.py", line 1091, in send_message
    return await self._send_message(
           ^^^^^^^^^^^^^^^^^^^^^^^^^
    ...<19 lines>...
    )
    ^
  File "C:\Users\PC\AppData\Local\Programs\Python\Python313\Lib\site-packages\telegram\ext\_extbot.py", line 618, in _send_message
    result = await super()._send_message(
             ^^^^^^^^^^^^^^^^^^^^^^^^^^^^
    ...<21 lines>...
    )
    ^
  File "C:\Users\PC\AppData\Local\Programs\Python\Python313\Lib\site-packages\telegram\_bot.py", line 803, in _send_message
    result = await self._post(
             ^^^^^^^^^^^^^^^^^
    ...<7 lines>...
    )
    ^
  File "C:\Users\PC\AppData\Local\Programs\Python\Python313\Lib\site-packages\telegram\_bot.py", line 691, in _post
    return await self._do_post(
           ^^^^^^^^^^^^^^^^^^^^
    ...<6 lines>...
    )
    ^
  File "C:\Users\PC\AppData\Local\Programs\Python\Python313\Lib\site-packages\telegram\ext\_extbot.py", line 362, in _do_post
    return await super()._do_post(
           ^^^^^^^^^^^^^^^^^^^^^^^
    ...<6 lines>...
    )
    ^
  File "C:\Users\PC\AppData\Local\Programs\Python\Python313\Lib\site-packages\telegram\_bot.py", line 720, in _do_post
    result = await request.post(
             ^^^^^^^^^^^^^^^^^^^
    ...<6 lines>...
    )
    ^
  File "C:\Users\PC\AppData\Local\Programs\Python\Python313\Lib\site-packages\telegram\request\_baserequest.py", line 197, in post
    result = await self._request_wrapper(
             ^^^^^^^^^^^^^^^^^^^^^^^^^^^^
    ...<7 lines>...
    )
    ^
  File "C:\Users\PC\AppData\Local\Programs\Python\Python313\Lib\site-packages\telegram\request\_baserequest.py", line 353, in _request_wrapper
    raise BadRequest(message)
telegram.error.BadRequest: Can't parse entities: character '!' is reserved and must be escaped with the preceding '\'
2025-04-27 19:44:30,183 - httpx - INFO - HTTP Request: POST https://api.telegram.org/bot8084223356:AAH0f9ib-iOJlt4xZWPH3r8GecTdVvjYcrE/getUpdates "HTTP/1.1 200 OK"
2025-04-27 19:44:40,239 - httpx - INFO - HTTP Request: POST https://api.telegram.org/bot8084223356:AAH0f9ib-iOJlt4xZWPH3r8GecTdVvjYcrE/getUpdates "HTTP/1.1 200 OK"
2025-04-27 19:44:50,288 - httpx - INFO - HTTP Request: POST https://api.telegram.org/bot8084223356:AAH0f9ib-iOJlt4xZWPH3r8GecTdVvjYcrE/getUpdates "HTTP/1.1 200 OK"
2025-04-27 19:45:00,343 - httpx - INFO - HTTP Request: POST https://api.telegram.org/bot8084223356:AAH0f9ib-iOJlt4xZWPH3r8GecTdVvjYcrE/getUpdates "HTTP/1.1 200 OK"
2025-04-27 19:45:10,387 - httpx - INFO - HTTP Request: POST https://api.telegram.org/bot8084223356:AAH0f9ib-iOJlt4xZWPH3r8GecTdVvjYcrE/getUpdates "HTTP/1.1 200 OK"
2025-04-27 19:45:20,433 - httpx - INFO - HTTP Request: POST https://api.telegram.org/bot8084223356:AAH0f9ib-iOJlt4xZWPH3r8GecTdVvjYcrE/getUpdates "HTTP/1.1 200 OK"
2025-04-27 19:45:30,512 - httpx - INFO - HTTP Request: POST https://api.telegram.org/bot8084223356:AAH0f9ib-iOJlt4xZWPH3r8GecTdVvjYcrE/getUpdates "HTTP/1.1 200 OK"
2025-04-27 19:45:40,564 - httpx - INFO - HTTP Request: POST https://api.telegram.org/bot8084223356:AAH0f9ib-iOJlt4xZWPH3r8GecTdVvjYcrE/getUpdates "HTTP/1.1 200 OK"
2025-04-27 19:45:50,620 - httpx - INFO - HTTP Request: POST https://api.telegram.org/bot8084223356:AAH0f9ib-iOJlt4xZWPH3r8GecTdVvjYcrE/getUpdates "HTTP/1.1 200 OK"
2025-04-27 19:46:00,775 - httpx - INFO - HTTP Request: POST https://api.telegram.org/bot8084223356:AAH0f9ib-iOJlt4xZWPH3r8GecTdVvjYcrE/getUpdates "HTTP/1.1 200 OK"
2025-04-27 19:46:10,827 - httpx - INFO - HTTP Request: POST https://api.telegram.org/bot8084223356:AAH0f9ib-iOJlt4xZWPH3r8GecTdVvjYcrE/getUpdates "HTTP/1.1 200 OK"
2025-04-27 19:46:20,869 - httpx - INFO - HTTP Request: POST https://api.telegram.org/bot8084223356:AAH0f9ib-iOJlt4xZWPH3r8GecTdVvjYcrE/getUpdates "HTTP/1.1 200 OK"
2025-04-27 19:46:30,915 - httpx - INFO - HTTP Request: POST https://api.telegram.org/bot8084223356:AAH0f9ib-iOJlt4xZWPH3r8GecTdVvjYcrE/getUpdates "HTTP/1.1 200 OK"
2025-04-27 19:46:40,961 - httpx - INFO - HTTP Request: POST https://api.telegram.org/bot8084223356:AAH0f9ib-iOJlt4xZWPH3r8GecTdVvjYcrE/getUpdates "HTTP/1.1 200 OK"
2025-04-27 19:46:51,040 - httpx - INFO - HTTP Request: POST https://api.telegram.org/bot8084223356:AAH0f9ib-iOJlt4xZWPH3r8GecTdVvjYcrE/getUpdates "HTTP/1.1 200 OK"
2025-04-27 19:47:01,083 - httpx - INFO - HTTP Request: POST https://api.telegram.org/bot8084223356:AAH0f9ib-iOJlt4xZWPH3r8GecTdVvjYcrE/getUpdates "HTTP/1.1 200 OK"
2025-04-27 19:47:11,127 - httpx - INFO - HTTP Request: POST https://api.telegram.org/bot8084223356:AAH0f9ib-iOJlt4xZWPH3r8GecTdVvjYcrE/getUpdates "HTTP/1.1 200 OK"
2025-04-27 19:47:21,174 - httpx - INFO - HTTP Request: POST https://api.telegram.org/bot8084223356:AAH0f9ib-iOJlt4xZWPH3r8GecTdVvjYcrE/getUpdates "HTTP/1.1 200 OK"
2025-04-27 19:47:31,281 - httpx - INFO - HTTP Request: POST https://api.telegram.org/bot8084223356:AAH0f9ib-iOJlt4xZWPH3r8GecTdVvjYcrE/getUpdates "HTTP/1.1 200 OK"
2025-04-27 19:47:41,322 - httpx - INFO - HTTP Request: POST https://api.telegram.org/bot8084223356:AAH0f9ib-iOJlt4xZWPH3r8GecTdVvjYcrE/getUpdates "HTTP/1.1 200 OK"
2025-04-27 19:47:51,365 - httpx - INFO - HTTP Request: POST https://api.telegram.org/bot8084223356:AAH0f9ib-iOJlt4xZWPH3r8GecTdVvjYcrE/getUpdates "HTTP/1.1 200 OK"
2025-04-27 19:48:01,409 - httpx - INFO - HTTP Request: POST https://api.telegram.org/bot8084223356:AAH0f9ib-iOJlt4xZWPH3r8GecTdVvjYcrE/getUpdates "HTTP/1.1 200 OK"
2025-04-27 19:48:11,455 - httpx - INFO - HTTP Request: POST https://api.telegram.org/bot8084223356:AAH0f9ib-iOJlt4xZWPH3r8GecTdVvjYcrE/getUpdates "HTTP/1.1 200 OK"
2025-04-27 19:48:21,503 - httpx - INFO - HTTP Request: POST https://api.telegram.org/bot8084223356:AAH0f9ib-iOJlt4xZWPH3r8GecTdVvjYcrE/getUpdates "HTTP/1.1 200 OK"
2025-04-27 19:48:31,564 - httpx - INFO - HTTP Request: POST https://api.telegram.org/bot8084223356:AAH0f9ib-iOJlt4xZWPH3r8GecTdVvjYcrE/getUpdates "HTTP/1.1 200 OK"
2025-04-27 19:48:41,616 - httpx - INFO - HTTP Request: POST https://api.telegram.org/bot8084223356:AAH0f9ib-iOJlt4xZWPH3r8GecTdVvjYcrE/getUpdates "HTTP/1.1 200 OK"
2025-04-27 19:48:48,463 - httpx - INFO - HTTP Request: POST https://api.telegram.org/bot8084223356:AAH0f9ib-iOJlt4xZWPH3r8GecTdVvjYcrE/getUpdates "HTTP/1.1 200 OK"
2025-04-27 19:48:58,510 - httpx - INFO - HTTP Request: POST https://api.telegram.org/bot8084223356:AAH0f9ib-iOJlt4xZWPH3r8GecTdVvjYcrE/getUpdates "HTTP/1.1 200 OK"
2025-04-27 19:49:08,558 - httpx - INFO - HTTP Request: POST https://api.telegram.org/bot8084223356:AAH0f9ib-iOJlt4xZWPH3r8GecTdVvjYcrE/getUpdates "HTTP/1.1 200 OK"
2025-04-27 19:49:18,605 - httpx - INFO - HTTP Request: POST https://api.telegram.org/bot8084223356:AAH0f9ib-iOJlt4xZWPH3r8GecTdVvjYcrE/getUpdates "HTTP/1.1 200 OK"
2025-04-27 19:49:28,657 - httpx - INFO - HTTP Request: POST https://api.telegram.org/bot8084223356:AAH0f9ib-iOJlt4xZWPH3r8GecTdVvjYcrE/getUpdates "HTTP/1.1 200 OK"
2025-04-27 19:49:38,706 - httpx - INFO - HTTP Request: POST https://api.telegram.org/bot8084223356:AAH0f9ib-iOJlt4xZWPH3r8GecTdVvjYcrE/getUpdates "HTTP/1.1 200 OK"
2025-04-27 19:49:41,350 - httpx - INFO - HTTP Request: POST https://api.telegram.org/bot8084223356:AAH0f9ib-iOJlt4xZWPH3r8GecTdVvjYcrE/getUpdates "HTTP/1.1 200 OK"
2025-04-27 19:49:41,485 - httpx - INFO - HTTP Request: POST https://api.telegram.org/bot8084223356:AAH0f9ib-iOJlt4xZWPH3r8GecTdVvjYcrE/sendMessage "HTTP/1.1 400 Bad Request"
2025-04-27 19:49:41,486 - telegram.ext.Application - ERROR - No error handlers are registered, logging exception.
Traceback (most recent call last):
  File "C:\Users\PC\AppData\Local\Programs\Python\Python313\Lib\site-packages\telegram\ext\_application.py", line 1298, in process_update
    await coroutine
  File "C:\Users\PC\AppData\Local\Programs\Python\Python313\Lib\site-packages\telegram\ext\_handlers\basehandler.py", line 158, in handle_update
    return await self.callback(update, context)
           ^^^^^^^^^^^^^^^^^^^^^^^^^^^^^^^^^^^^
  File "C:\mi-bot-horoscopo\bot.py", line 80, in start
  File "C:\Users\PC\AppData\Local\Programs\Python\Python313\Lib\site-packages\telegram\_message.py", line 1775, in reply_text
    return await self.get_bot().send_message(
           ^^^^^^^^^^^^^^^^^^^^^^^^^^^^^^^^^^
    ...<20 lines>...
    )
    ^
  File "C:\Users\PC\AppData\Local\Programs\Python\Python313\Lib\site-packages\telegram\ext\_extbot.py", line 2977, in send_message
    return await super().send_message(
           ^^^^^^^^^^^^^^^^^^^^^^^^^^^
    ...<21 lines>...
    )
    ^
  File "C:\Users\PC\AppData\Local\Programs\Python\Python313\Lib\site-packages\telegram\_bot.py", line 1091, in send_message
    return await self._send_message(
           ^^^^^^^^^^^^^^^^^^^^^^^^^
    ...<19 lines>...
    )
    ^
  File "C:\Users\PC\AppData\Local\Programs\Python\Python313\Lib\site-packages\telegram\ext\_extbot.py", line 618, in _send_message
    result = await super()._send_message(
             ^^^^^^^^^^^^^^^^^^^^^^^^^^^^
    ...<21 lines>...
    )
    ^
  File "C:\Users\PC\AppData\Local\Programs\Python\Python313\Lib\site-packages\telegram\_bot.py", line 803, in _send_message
    result = await self._post(
             ^^^^^^^^^^^^^^^^^
    ...<7 lines>...
    )
    ^
  File "C:\Users\PC\AppData\Local\Programs\Python\Python313\Lib\site-packages\telegram\_bot.py", line 691, in _post
    return await self._do_post(
           ^^^^^^^^^^^^^^^^^^^^
    ...<6 lines>...
    )
    ^
  File "C:\Users\PC\AppData\Local\Programs\Python\Python313\Lib\site-packages\telegram\ext\_extbot.py", line 362, in _do_post
    return await super()._do_post(
           ^^^^^^^^^^^^^^^^^^^^^^^
    ...<6 lines>...
    )
    ^
  File "C:\Users\PC\AppData\Local\Programs\Python\Python313\Lib\site-packages\telegram\_bot.py", line 720, in _do_post
    result = await request.post(
             ^^^^^^^^^^^^^^^^^^^
    ...<6 lines>...
    )
    ^
  File "C:\Users\PC\AppData\Local\Programs\Python\Python313\Lib\site-packages\telegram\request\_baserequest.py", line 197, in post
    result = await self._request_wrapper(
             ^^^^^^^^^^^^^^^^^^^^^^^^^^^^
    ...<7 lines>...
    )
    ^
  File "C:\Users\PC\AppData\Local\Programs\Python\Python313\Lib\site-packages\telegram\request\_baserequest.py", line 353, in _request_wrapper
    raise BadRequest(message)
telegram.error.BadRequest: Can't parse entities: character '!' is reserved and must be escaped with the preceding '\'
2025-04-27 19:49:51,395 - httpx - INFO - HTTP Request: POST https://api.telegram.org/bot8084223356:AAH0f9ib-iOJlt4xZWPH3r8GecTdVvjYcrE/getUpdates "HTTP/1.1 200 OK"
2025-04-27 19:50:01,443 - httpx - INFO - HTTP Request: POST https://api.telegram.org/bot8084223356:AAH0f9ib-iOJlt4xZWPH3r8GecTdVvjYcrE/getUpdates "HTTP/1.1 200 OK"
2025-04-27 19:50:11,493 - httpx - INFO - HTTP Request: POST https://api.telegram.org/bot8084223356:AAH0f9ib-iOJlt4xZWPH3r8GecTdVvjYcrE/getUpdates "HTTP/1.1 200 OK"
2025-04-27 19:50:21,551 - httpx - INFO - HTTP Request: POST https://api.telegram.org/bot8084223356:AAH0f9ib-iOJlt4xZWPH3r8GecTdVvjYcrE/getUpdates "HTTP/1.1 200 OK"
2025-04-27 19:50:31,597 - httpx - INFO - HTTP Request: POST https://api.telegram.org/bot8084223356:AAH0f9ib-iOJlt4xZWPH3r8GecTdVvjYcrE/getUpdates "HTTP/1.1 200 OK"
2025-04-27 19:50:41,643 - httpx - INFO - HTTP Request: POST https://api.telegram.org/bot8084223356:AAH0f9ib-iOJlt4xZWPH3r8GecTdVvjYcrE/getUpdates "HTTP/1.1 200 OK"
2025-04-27 19:50:51,699 - httpx - INFO - HTTP Request: POST https://api.telegram.org/bot8084223356:AAH0f9ib-iOJlt4xZWPH3r8GecTdVvjYcrE/getUpdates "HTTP/1.1 200 OK"
2025-04-27 19:51:01,745 - httpx - INFO - HTTP Request: POST https://api.telegram.org/bot8084223356:AAH0f9ib-iOJlt4xZWPH3r8GecTdVvjYcrE/getUpdates "HTTP/1.1 200 OK"
2025-04-27 19:51:11,796 - httpx - INFO - HTTP Request: POST https://api.telegram.org/bot8084223356:AAH0f9ib-iOJlt4xZWPH3r8GecTdVvjYcrE/getUpdates "HTTP/1.1 200 OK"
2025-04-27 19:51:21,839 - httpx - INFO - HTTP Request: POST https://api.telegram.org/bot8084223356:AAH0f9ib-iOJlt4xZWPH3r8GecTdVvjYcrE/getUpdates "HTTP/1.1 200 OK"
2025-04-27 19:51:31,890 - httpx - INFO - HTTP Request: POST https://api.telegram.org/bot8084223356:AAH0f9ib-iOJlt4xZWPH3r8GecTdVvjYcrE/getUpdates "HTTP/1.1 200 OK"
2025-04-27 19:51:41,940 - httpx - INFO - HTTP Request: POST https://api.telegram.org/bot8084223356:AAH0f9ib-iOJlt4xZWPH3r8GecTdVvjYcrE/getUpdates "HTTP/1.1 200 OK"
2025-04-27 19:51:51,987 - httpx - INFO - HTTP Request: POST https://api.telegram.org/bot8084223356:AAH0f9ib-iOJlt4xZWPH3r8GecTdVvjYcrE/getUpdates "HTTP/1.1 200 OK"
2025-04-27 19:52:02,050 - httpx - INFO - HTTP Request: POST https://api.telegram.org/bot8084223356:AAH0f9ib-iOJlt4xZWPH3r8GecTdVvjYcrE/getUpdates "HTTP/1.1 200 OK"
2025-04-27 19:52:12,100 - httpx - INFO - HTTP Request: POST https://api.telegram.org/bot8084223356:AAH0f9ib-iOJlt4xZWPH3r8GecTdVvjYcrE/getUpdates "HTTP/1.1 200 OK"
2025-04-27 19:52:22,145 - httpx - INFO - HTTP Request: POST https://api.telegram.org/bot8084223356:AAH0f9ib-iOJlt4xZWPH3r8GecTdVvjYcrE/getUpdates "HTTP/1.1 200 OK"
2025-04-27 19:52:32,193 - httpx - INFO - HTTP Request: POST https://api.telegram.org/bot8084223356:AAH0f9ib-iOJlt4xZWPH3r8GecTdVvjYcrE/getUpdates "HTTP/1.1 200 OK"
2025-04-27 19:52:42,247 - httpx - INFO - HTTP Request: POST https://api.telegram.org/bot8084223356:AAH0f9ib-iOJlt4xZWPH3r8GecTdVvjYcrE/getUpdates "HTTP/1.1 200 OK"
2025-04-27 19:52:52,292 - httpx - INFO - HTTP Request: POST https://api.telegram.org/bot8084223356:AAH0f9ib-iOJlt4xZWPH3r8GecTdVvjYcrE/getUpdates "HTTP/1.1 200 OK"
2025-04-27 19:53:02,338 - httpx - INFO - HTTP Request: POST https://api.telegram.org/bot8084223356:AAH0f9ib-iOJlt4xZWPH3r8GecTdVvjYcrE/getUpdates "HTTP/1.1 200 OK"
2025-04-27 19:53:12,382 - httpx - INFO - HTTP Request: POST https://api.telegram.org/bot8084223356:AAH0f9ib-iOJlt4xZWPH3r8GecTdVvjYcrE/getUpdates "HTTP/1.1 200 OK"
2025-04-27 19:53:22,507 - httpx - INFO - HTTP Request: POST https://api.telegram.org/bot8084223356:AAH0f9ib-iOJlt4xZWPH3r8GecTdVvjYcrE/getUpdates "HTTP/1.1 200 OK"
2025-04-27 19:53:32,558 - httpx - INFO - HTTP Request: POST https://api.telegram.org/bot8084223356:AAH0f9ib-iOJlt4xZWPH3r8GecTdVvjYcrE/getUpdates "HTTP/1.1 200 OK"
2025-04-27 19:53:42,603 - httpx - INFO - HTTP Request: POST https://api.telegram.org/bot8084223356:AAH0f9ib-iOJlt4xZWPH3r8GecTdVvjYcrE/getUpdates "HTTP/1.1 200 OK"
2025-04-27 19:53:52,652 - httpx - INFO - HTTP Request: POST https://api.telegram.org/bot8084223356:AAH0f9ib-iOJlt4xZWPH3r8GecTdVvjYcrE/getUpdates "HTTP/1.1 200 OK"
2025-04-27 19:54:02,697 - httpx - INFO - HTTP Request: POST https://api.telegram.org/bot8084223356:AAH0f9ib-iOJlt4xZWPH3r8GecTdVvjYcrE/getUpdates "HTTP/1.1 200 OK"
2025-04-27 19:54:12,743 - httpx - INFO - HTTP Request: POST https://api.telegram.org/bot8084223356:AAH0f9ib-iOJlt4xZWPH3r8GecTdVvjYcrE/getUpdates "HTTP/1.1 200 OK"
2025-04-27 19:54:22,799 - httpx - INFO - HTTP Request: POST https://api.telegram.org/bot8084223356:AAH0f9ib-iOJlt4xZWPH3r8GecTdVvjYcrE/getUpdates "HTTP/1.1 200 OK"
2025-04-27 19:54:32,860 - httpx - INFO - HTTP Request: POST https://api.telegram.org/bot8084223356:AAH0f9ib-iOJlt4xZWPH3r8GecTdVvjYcrE/getUpdates "HTTP/1.1 200 OK"
2025-04-27 19:54:42,918 - httpx - INFO - HTTP Request: POST https://api.telegram.org/bot8084223356:AAH0f9ib-iOJlt4xZWPH3r8GecTdVvjYcrE/getUpdates "HTTP/1.1 200 OK"
2025-04-27 19:54:52,963 - httpx - INFO - HTTP Request: POST https://api.telegram.org/bot8084223356:AAH0f9ib-iOJlt4xZWPH3r8GecTdVvjYcrE/getUpdates "HTTP/1.1 200 OK"
2025-04-27 19:55:03,009 - httpx - INFO - HTTP Request: POST https://api.telegram.org/bot8084223356:AAH0f9ib-iOJlt4xZWPH3r8GecTdVvjYcrE/getUpdates "HTTP/1.1 200 OK"
2025-04-27 19:55:13,061 - httpx - INFO - HTTP Request: POST https://api.telegram.org/bot8084223356:AAH0f9ib-iOJlt4xZWPH3r8GecTdVvjYcrE/getUpdates "HTTP/1.1 200 OK"
2025-04-27 19:55:23,114 - httpx - INFO - HTTP Request: POST https://api.telegram.org/bot8084223356:AAH0f9ib-iOJlt4xZWPH3r8GecTdVvjYcrE/getUpdates "HTTP/1.1 200 OK"
2025-04-27 19:55:33,165 - httpx - INFO - HTTP Request: POST https://api.telegram.org/bot8084223356:AAH0f9ib-iOJlt4xZWPH3r8GecTdVvjYcrE/getUpdates "HTTP/1.1 200 OK"
2025-04-27 19:55:43,212 - httpx - INFO - HTTP Request: POST https://api.telegram.org/bot8084223356:AAH0f9ib-iOJlt4xZWPH3r8GecTdVvjYcrE/getUpdates "HTTP/1.1 200 OK"
2025-04-27 19:55:53,259 - httpx - INFO - HTTP Request: POST https://api.telegram.org/bot8084223356:AAH0f9ib-iOJlt4xZWPH3r8GecTdVvjYcrE/getUpdates "HTTP/1.1 200 OK"
2025-04-27 19:56:03,303 - httpx - INFO - HTTP Request: POST https://api.telegram.org/bot8084223356:AAH0f9ib-iOJlt4xZWPH3r8GecTdVvjYcrE/getUpdates "HTTP/1.1 200 OK"
2025-04-27 19:56:13,349 - httpx - INFO - HTTP Request: POST https://api.telegram.org/bot8084223356:AAH0f9ib-iOJlt4xZWPH3r8GecTdVvjYcrE/getUpdates "HTTP/1.1 200 OK"
2025-04-27 19:56:23,393 - httpx - INFO - HTTP Request: POST https://api.telegram.org/bot8084223356:AAH0f9ib-iOJlt4xZWPH3r8GecTdVvjYcrE/getUpdates "HTTP/1.1 200 OK"
2025-04-27 19:56:33,487 - httpx - INFO - HTTP Request: POST https://api.telegram.org/bot8084223356:AAH0f9ib-iOJlt4xZWPH3r8GecTdVvjYcrE/getUpdates "HTTP/1.1 200 OK"
2025-04-27 19:56:43,534 - httpx - INFO - HTTP Request: POST https://api.telegram.org/bot8084223356:AAH0f9ib-iOJlt4xZWPH3r8GecTdVvjYcrE/getUpdates "HTTP/1.1 200 OK"
2025-04-27 19:56:53,582 - httpx - INFO - HTTP Request: POST https://api.telegram.org/bot8084223356:AAH0f9ib-iOJlt4xZWPH3r8GecTdVvjYcrE/getUpdates "HTTP/1.1 200 OK"
2025-04-27 19:57:03,634 - httpx - INFO - HTTP Request: POST https://api.telegram.org/bot8084223356:AAH0f9ib-iOJlt4xZWPH3r8GecTdVvjYcrE/getUpdates "HTTP/1.1 200 OK"
2025-04-27 19:57:13,678 - httpx - INFO - HTTP Request: POST https://api.telegram.org/bot8084223356:AAH0f9ib-iOJlt4xZWPH3r8GecTdVvjYcrE/getUpdates "HTTP/1.1 200 OK"
2025-04-27 19:57:23,723 - httpx - INFO - HTTP Request: POST https://api.telegram.org/bot8084223356:AAH0f9ib-iOJlt4xZWPH3r8GecTdVvjYcrE/getUpdates "HTTP/1.1 200 OK"
2025-04-27 19:57:33,769 - httpx - INFO - HTTP Request: POST https://api.telegram.org/bot8084223356:AAH0f9ib-iOJlt4xZWPH3r8GecTdVvjYcrE/getUpdates "HTTP/1.1 200 OK"
2025-04-27 19:57:43,814 - httpx - INFO - HTTP Request: POST https://api.telegram.org/bot8084223356:AAH0f9ib-iOJlt4xZWPH3r8GecTdVvjYcrE/getUpdates "HTTP/1.1 200 OK"
2025-04-27 19:57:53,856 - httpx - INFO - HTTP Request: POST https://api.telegram.org/bot8084223356:AAH0f9ib-iOJlt4xZWPH3r8GecTdVvjYcrE/getUpdates "HTTP/1.1 200 OK"
2025-04-27 19:58:03,902 - httpx - INFO - HTTP Request: POST https://api.telegram.org/bot8084223356:AAH0f9ib-iOJlt4xZWPH3r8GecTdVvjYcrE/getUpdates "HTTP/1.1 200 OK"
2025-04-27 19:58:13,952 - httpx - INFO - HTTP Request: POST https://api.telegram.org/bot8084223356:AAH0f9ib-iOJlt4xZWPH3r8GecTdVvjYcrE/getUpdates "HTTP/1.1 200 OK"
2025-04-27 19:58:24,001 - httpx - INFO - HTTP Request: POST https://api.telegram.org/bot8084223356:AAH0f9ib-iOJlt4xZWPH3r8GecTdVvjYcrE/getUpdates "HTTP/1.1 200 OK"
2025-04-27 19:58:34,044 - httpx - INFO - HTTP Request: POST https://api.telegram.org/bot8084223356:AAH0f9ib-iOJlt4xZWPH3r8GecTdVvjYcrE/getUpdates "HTTP/1.1 200 OK"
2025-04-27 19:58:44,087 - httpx - INFO - HTTP Request: POST https://api.telegram.org/bot8084223356:AAH0f9ib-iOJlt4xZWPH3r8GecTdVvjYcrE/getUpdates "HTTP/1.1 200 OK"
2025-04-27 19:58:54,136 - httpx - INFO - HTTP Request: POST https://api.telegram.org/bot8084223356:AAH0f9ib-iOJlt4xZWPH3r8GecTdVvjYcrE/getUpdates "HTTP/1.1 200 OK"
2025-04-27 19:59:04,185 - httpx - INFO - HTTP Request: POST https://api.telegram.org/bot8084223356:AAH0f9ib-iOJlt4xZWPH3r8GecTdVvjYcrE/getUpdates "HTTP/1.1 200 OK"
2025-04-27 19:59:14,232 - httpx - INFO - HTTP Request: POST https://api.telegram.org/bot8084223356:AAH0f9ib-iOJlt4xZWPH3r8GecTdVvjYcrE/getUpdates "HTTP/1.1 200 OK"
2025-04-27 19:59:24,278 - httpx - INFO - HTTP Request: POST https://api.telegram.org/bot8084223356:AAH0f9ib-iOJlt4xZWPH3r8GecTdVvjYcrE/getUpdates "HTTP/1.1 200 OK"
2025-04-27 19:59:34,333 - httpx - INFO - HTTP Request: POST https://api.telegram.org/bot8084223356:AAH0f9ib-iOJlt4xZWPH3r8GecTdVvjYcrE/getUpdates "HTTP/1.1 200 OK"
2025-04-27 19:59:44,385 - httpx - INFO - HTTP Request: POST https://api.telegram.org/bot8084223356:AAH0f9ib-iOJlt4xZWPH3r8GecTdVvjYcrE/getUpdates "HTTP/1.1 200 OK"
2025-04-27 19:59:54,432 - httpx - INFO - HTTP Request: POST https://api.telegram.org/bot8084223356:AAH0f9ib-iOJlt4xZWPH3r8GecTdVvjYcrE/getUpdates "HTTP/1.1 200 OK"
2025-04-27 20:00:04,478 - httpx - INFO - HTTP Request: POST https://api.telegram.org/bot8084223356:AAH0f9ib-iOJlt4xZWPH3r8GecTdVvjYcrE/getUpdates "HTTP/1.1 200 OK"
2025-04-27 20:00:14,540 - httpx - INFO - HTTP Request: POST https://api.telegram.org/bot8084223356:AAH0f9ib-iOJlt4xZWPH3r8GecTdVvjYcrE/getUpdates "HTTP/1.1 200 OK"
2025-04-27 20:00:24,588 - httpx - INFO - HTTP Request: POST https://api.telegram.org/bot8084223356:AAH0f9ib-iOJlt4xZWPH3r8GecTdVvjYcrE/getUpdates "HTTP/1.1 200 OK"
2025-04-27 20:00:34,635 - httpx - INFO - HTTP Request: POST https://api.telegram.org/bot8084223356:AAH0f9ib-iOJlt4xZWPH3r8GecTdVvjYcrE/getUpdates "HTTP/1.1 200 OK"
2025-04-27 20:00:44,763 - httpx - INFO - HTTP Request: POST https://api.telegram.org/bot8084223356:AAH0f9ib-iOJlt4xZWPH3r8GecTdVvjYcrE/getUpdates "HTTP/1.1 200 OK"
2025-04-27 20:00:54,803 - httpx - INFO - HTTP Request: POST https://api.telegram.org/bot8084223356:AAH0f9ib-iOJlt4xZWPH3r8GecTdVvjYcrE/getUpdates "HTTP/1.1 200 OK"
2025-04-27 20:01:04,842 - httpx - INFO - HTTP Request: POST https://api.telegram.org/bot8084223356:AAH0f9ib-iOJlt4xZWPH3r8GecTdVvjYcrE/getUpdates "HTTP/1.1 200 OK"
2025-04-27 20:01:14,882 - httpx - INFO - HTTP Request: POST https://api.telegram.org/bot8084223356:AAH0f9ib-iOJlt4xZWPH3r8GecTdVvjYcrE/getUpdates "HTTP/1.1 200 OK"
2025-04-27 20:01:24,926 - httpx - INFO - HTTP Request: POST https://api.telegram.org/bot8084223356:AAH0f9ib-iOJlt4xZWPH3r8GecTdVvjYcrE/getUpdates "HTTP/1.1 200 OK"
2025-04-27 20:01:34,972 - httpx - INFO - HTTP Request: POST https://api.telegram.org/bot8084223356:AAH0f9ib-iOJlt4xZWPH3r8GecTdVvjYcrE/getUpdates "HTTP/1.1 200 OK"
2025-04-27 20:01:45,013 - httpx - INFO - HTTP Request: POST https://api.telegram.org/bot8084223356:AAH0f9ib-iOJlt4xZWPH3r8GecTdVvjYcrE/getUpdates "HTTP/1.1 200 OK"
2025-04-27 20:01:55,059 - httpx - INFO - HTTP Request: POST https://api.telegram.org/bot8084223356:AAH0f9ib-iOJlt4xZWPH3r8GecTdVvjYcrE/getUpdates "HTTP/1.1 200 OK"
2025-04-27 20:02:05,099 - httpx - INFO - HTTP Request: POST https://api.telegram.org/bot8084223356:AAH0f9ib-iOJlt4xZWPH3r8GecTdVvjYcrE/getUpdates "HTTP/1.1 200 OK"
2025-04-27 20:02:15,142 - httpx - INFO - HTTP Request: POST https://api.telegram.org/bot8084223356:AAH0f9ib-iOJlt4xZWPH3r8GecTdVvjYcrE/getUpdates "HTTP/1.1 200 OK"
2025-04-27 20:02:25,180 - httpx - INFO - HTTP Request: POST https://api.telegram.org/bot8084223356:AAH0f9ib-iOJlt4xZWPH3r8GecTdVvjYcrE/getUpdates "HTTP/1.1 200 OK"
2025-04-27 20:02:35,219 - httpx - INFO - HTTP Request: POST https://api.telegram.org/bot8084223356:AAH0f9ib-iOJlt4xZWPH3r8GecTdVvjYcrE/getUpdates "HTTP/1.1 200 OK"
2025-04-27 20:02:45,308 - httpx - INFO - HTTP Request: POST https://api.telegram.org/bot8084223356:AAH0f9ib-iOJlt4xZWPH3r8GecTdVvjYcrE/getUpdates "HTTP/1.1 200 OK"
2025-04-27 20:02:55,344 - httpx - INFO - HTTP Request: POST https://api.telegram.org/bot8084223356:AAH0f9ib-iOJlt4xZWPH3r8GecTdVvjYcrE/getUpdates "HTTP/1.1 200 OK"
2025-04-27 20:03:05,385 - httpx - INFO - HTTP Request: POST https://api.telegram.org/bot8084223356:AAH0f9ib-iOJlt4xZWPH3r8GecTdVvjYcrE/getUpdates "HTTP/1.1 200 OK"
2025-04-27 20:03:15,433 - httpx - INFO - HTTP Request: POST https://api.telegram.org/bot8084223356:AAH0f9ib-iOJlt4xZWPH3r8GecTdVvjYcrE/getUpdates "HTTP/1.1 200 OK"
2025-04-27 20:03:25,474 - httpx - INFO - HTTP Request: POST https://api.telegram.org/bot8084223356:AAH0f9ib-iOJlt4xZWPH3r8GecTdVvjYcrE/getUpdates "HTTP/1.1 200 OK"
2025-04-27 20:03:35,514 - httpx - INFO - HTTP Request: POST https://api.telegram.org/bot8084223356:AAH0f9ib-iOJlt4xZWPH3r8GecTdVvjYcrE/getUpdates "HTTP/1.1 200 OK"
2025-04-27 20:03:45,556 - httpx - INFO - HTTP Request: POST https://api.telegram.org/bot8084223356:AAH0f9ib-iOJlt4xZWPH3r8GecTdVvjYcrE/getUpdates "HTTP/1.1 200 OK"
2025-04-27 20:03:55,597 - httpx - INFO - HTTP Request: POST https://api.telegram.org/bot8084223356:AAH0f9ib-iOJlt4xZWPH3r8GecTdVvjYcrE/getUpdates "HTTP/1.1 200 OK"
2025-04-27 20:04:05,646 - httpx - INFO - HTTP Request: POST https://api.telegram.org/bot8084223356:AAH0f9ib-iOJlt4xZWPH3r8GecTdVvjYcrE/getUpdates "HTTP/1.1 200 OK"
2025-04-27 20:04:15,685 - httpx - INFO - HTTP Request: POST https://api.telegram.org/bot8084223356:AAH0f9ib-iOJlt4xZWPH3r8GecTdVvjYcrE/getUpdates "HTTP/1.1 200 OK"
2025-04-27 20:04:25,727 - httpx - INFO - HTTP Request: POST https://api.telegram.org/bot8084223356:AAH0f9ib-iOJlt4xZWPH3r8GecTdVvjYcrE/getUpdates "HTTP/1.1 200 OK"
2025-04-27 20:04:35,793 - httpx - INFO - HTTP Request: POST https://api.telegram.org/bot8084223356:AAH0f9ib-iOJlt4xZWPH3r8GecTdVvjYcrE/getUpdates "HTTP/1.1 200 OK"
2025-04-27 20:04:45,834 - httpx - INFO - HTTP Request: POST https://api.telegram.org/bot8084223356:AAH0f9ib-iOJlt4xZWPH3r8GecTdVvjYcrE/getUpdates "HTTP/1.1 200 OK"
2025-04-27 20:04:55,876 - httpx - INFO - HTTP Request: POST https://api.telegram.org/bot8084223356:AAH0f9ib-iOJlt4xZWPH3r8GecTdVvjYcrE/getUpdates "HTTP/1.1 200 OK"
2025-04-27 20:05:05,918 - httpx - INFO - HTTP Request: POST https://api.telegram.org/bot8084223356:AAH0f9ib-iOJlt4xZWPH3r8GecTdVvjYcrE/getUpdates "HTTP/1.1 200 OK"
2025-04-27 20:05:15,960 - httpx - INFO - HTTP Request: POST https://api.telegram.org/bot8084223356:AAH0f9ib-iOJlt4xZWPH3r8GecTdVvjYcrE/getUpdates "HTTP/1.1 200 OK"
2025-04-27 20:05:26,002 - httpx - INFO - HTTP Request: POST https://api.telegram.org/bot8084223356:AAH0f9ib-iOJlt4xZWPH3r8GecTdVvjYcrE/getUpdates "HTTP/1.1 200 OK"
2025-04-27 20:05:36,042 - httpx - INFO - HTTP Request: POST https://api.telegram.org/bot8084223356:AAH0f9ib-iOJlt4xZWPH3r8GecTdVvjYcrE/getUpdates "HTTP/1.1 200 OK"
2025-04-27 20:05:46,084 - httpx - INFO - HTTP Request: POST https://api.telegram.org/bot8084223356:AAH0f9ib-iOJlt4xZWPH3r8GecTdVvjYcrE/getUpdates "HTTP/1.1 200 OK"
2025-04-27 20:05:56,125 - httpx - INFO - HTTP Request: POST https://api.telegram.org/bot8084223356:AAH0f9ib-iOJlt4xZWPH3r8GecTdVvjYcrE/getUpdates "HTTP/1.1 200 OK"
2025-04-27 20:06:06,167 - httpx - INFO - HTTP Request: POST https://api.telegram.org/bot8084223356:AAH0f9ib-iOJlt4xZWPH3r8GecTdVvjYcrE/getUpdates "HTTP/1.1 200 OK"
2025-04-27 20:06:16,211 - httpx - INFO - HTTP Request: POST https://api.telegram.org/bot8084223356:AAH0f9ib-iOJlt4xZWPH3r8GecTdVvjYcrE/getUpdates "HTTP/1.1 200 OK"
2025-04-27 20:06:26,252 - httpx - INFO - HTTP Request: POST https://api.telegram.org/bot8084223356:AAH0f9ib-iOJlt4xZWPH3r8GecTdVvjYcrE/getUpdates "HTTP/1.1 200 OK"
2025-04-27 20:06:36,294 - httpx - INFO - HTTP Request: POST https://api.telegram.org/bot8084223356:AAH0f9ib-iOJlt4xZWPH3r8GecTdVvjYcrE/getUpdates "HTTP/1.1 200 OK"
2025-04-27 20:06:46,339 - httpx - INFO - HTTP Request: POST https://api.telegram.org/bot8084223356:AAH0f9ib-iOJlt4xZWPH3r8GecTdVvjYcrE/getUpdates "HTTP/1.1 200 OK"
2025-04-27 20:06:56,382 - httpx - INFO - HTTP Request: POST https://api.telegram.org/bot8084223356:AAH0f9ib-iOJlt4xZWPH3r8GecTdVvjYcrE/getUpdates "HTTP/1.1 200 OK"
2025-04-27 20:07:06,422 - httpx - INFO - HTTP Request: POST https://api.telegram.org/bot8084223356:AAH0f9ib-iOJlt4xZWPH3r8GecTdVvjYcrE/getUpdates "HTTP/1.1 200 OK"
2025-04-27 20:07:16,466 - httpx - INFO - HTTP Request: POST https://api.telegram.org/bot8084223356:AAH0f9ib-iOJlt4xZWPH3r8GecTdVvjYcrE/getUpdates "HTTP/1.1 200 OK"
2025-04-27 20:07:26,503 - httpx - INFO - HTTP Request: POST https://api.telegram.org/bot8084223356:AAH0f9ib-iOJlt4xZWPH3r8GecTdVvjYcrE/getUpdates "HTTP/1.1 200 OK"
2025-04-27 20:07:36,549 - httpx - INFO - HTTP Request: POST https://api.telegram.org/bot8084223356:AAH0f9ib-iOJlt4xZWPH3r8GecTdVvjYcrE/getUpdates "HTTP/1.1 200 OK"
2025-04-27 20:07:46,594 - httpx - INFO - HTTP Request: POST https://api.telegram.org/bot8084223356:AAH0f9ib-iOJlt4xZWPH3r8GecTdVvjYcrE/getUpdates "HTTP/1.1 200 OK"
2025-04-27 20:07:56,640 - httpx - INFO - HTTP Request: POST https://api.telegram.org/bot8084223356:AAH0f9ib-iOJlt4xZWPH3r8GecTdVvjYcrE/getUpdates "HTTP/1.1 200 OK"
2025-04-27 20:08:06,789 - httpx - INFO - HTTP Request: POST https://api.telegram.org/bot8084223356:AAH0f9ib-iOJlt4xZWPH3r8GecTdVvjYcrE/getUpdates "HTTP/1.1 200 OK"
2025-04-27 20:08:16,833 - httpx - INFO - HTTP Request: POST https://api.telegram.org/bot8084223356:AAH0f9ib-iOJlt4xZWPH3r8GecTdVvjYcrE/getUpdates "HTTP/1.1 200 OK"
2025-04-27 20:08:26,870 - httpx - INFO - HTTP Request: POST https://api.telegram.org/bot8084223356:AAH0f9ib-iOJlt4xZWPH3r8GecTdVvjYcrE/getUpdates "HTTP/1.1 200 OK"
2025-04-27 20:08:36,909 - httpx - INFO - HTTP Request: POST https://api.telegram.org/bot8084223356:AAH0f9ib-iOJlt4xZWPH3r8GecTdVvjYcrE/getUpdates "HTTP/1.1 200 OK"
2025-04-27 20:08:46,949 - httpx - INFO - HTTP Request: POST https://api.telegram.org/bot8084223356:AAH0f9ib-iOJlt4xZWPH3r8GecTdVvjYcrE/getUpdates "HTTP/1.1 200 OK"
2025-04-27 20:08:56,995 - httpx - INFO - HTTP Request: POST https://api.telegram.org/bot8084223356:AAH0f9ib-iOJlt4xZWPH3r8GecTdVvjYcrE/getUpdates "HTTP/1.1 200 OK"
2025-04-27 20:09:07,040 - httpx - INFO - HTTP Request: POST https://api.telegram.org/bot8084223356:AAH0f9ib-iOJlt4xZWPH3r8GecTdVvjYcrE/getUpdates "HTTP/1.1 200 OK"
2025-04-27 20:09:17,085 - httpx - INFO - HTTP Request: POST https://api.telegram.org/bot8084223356:AAH0f9ib-iOJlt4xZWPH3r8GecTdVvjYcrE/getUpdates "HTTP/1.1 200 OK"
2025-04-27 20:09:27,127 - httpx - INFO - HTTP Request: POST https://api.telegram.org/bot8084223356:AAH0f9ib-iOJlt4xZWPH3r8GecTdVvjYcrE/getUpdates "HTTP/1.1 200 OK"
2025-04-27 20:09:37,172 - httpx - INFO - HTTP Request: POST https://api.telegram.org/bot8084223356:AAH0f9ib-iOJlt4xZWPH3r8GecTdVvjYcrE/getUpdates "HTTP/1.1 200 OK"
2025-04-27 20:09:47,213 - httpx - INFO - HTTP Request: POST https://api.telegram.org/bot8084223356:AAH0f9ib-iOJlt4xZWPH3r8GecTdVvjYcrE/getUpdates "HTTP/1.1 200 OK"
2025-04-27 20:09:57,255 - httpx - INFO - HTTP Request: POST https://api.telegram.org/bot8084223356:AAH0f9ib-iOJlt4xZWPH3r8GecTdVvjYcrE/getUpdates "HTTP/1.1 200 OK"
2025-04-27 20:10:07,301 - httpx - INFO - HTTP Request: POST https://api.telegram.org/bot8084223356:AAH0f9ib-iOJlt4xZWPH3r8GecTdVvjYcrE/getUpdates "HTTP/1.1 200 OK"
2025-04-27 20:10:17,342 - httpx - INFO - HTTP Request: POST https://api.telegram.org/bot8084223356:AAH0f9ib-iOJlt4xZWPH3r8GecTdVvjYcrE/getUpdates "HTTP/1.1 200 OK"
2025-04-27 20:10:27,379 - httpx - INFO - HTTP Request: POST https://api.telegram.org/bot8084223356:AAH0f9ib-iOJlt4xZWPH3r8GecTdVvjYcrE/getUpdates "HTTP/1.1 200 OK"
2025-04-27 20:10:37,426 - httpx - INFO - HTTP Request: POST https://api.telegram.org/bot8084223356:AAH0f9ib-iOJlt4xZWPH3r8GecTdVvjYcrE/getUpdates "HTTP/1.1 200 OK"
2025-04-27 20:10:47,475 - httpx - INFO - HTTP Request: POST https://api.telegram.org/bot8084223356:AAH0f9ib-iOJlt4xZWPH3r8GecTdVvjYcrE/getUpdates "HTTP/1.1 200 OK"
2025-04-27 20:10:57,529 - httpx - INFO - HTTP Request: POST https://api.telegram.org/bot8084223356:AAH0f9ib-iOJlt4xZWPH3r8GecTdVvjYcrE/getUpdates "HTTP/1.1 200 OK"
2025-04-27 20:11:07,570 - httpx - INFO - HTTP Request: POST https://api.telegram.org/bot8084223356:AAH0f9ib-iOJlt4xZWPH3r8GecTdVvjYcrE/getUpdates "HTTP/1.1 200 OK"
2025-04-27 20:11:17,608 - httpx - INFO - HTTP Request: POST https://api.telegram.org/bot8084223356:AAH0f9ib-iOJlt4xZWPH3r8GecTdVvjYcrE/getUpdates "HTTP/1.1 200 OK"
2025-04-27 20:11:27,658 - httpx - INFO - HTTP Request: POST https://api.telegram.org/bot8084223356:AAH0f9ib-iOJlt4xZWPH3r8GecTdVvjYcrE/getUpdates "HTTP/1.1 200 OK"
2025-04-27 20:11:37,699 - httpx - INFO - HTTP Request: POST https://api.telegram.org/bot8084223356:AAH0f9ib-iOJlt4xZWPH3r8GecTdVvjYcrE/getUpdates "HTTP/1.1 200 OK"
2025-04-27 20:11:47,742 - httpx - INFO - HTTP Request: POST https://api.telegram.org/bot8084223356:AAH0f9ib-iOJlt4xZWPH3r8GecTdVvjYcrE/getUpdates "HTTP/1.1 200 OK"
2025-04-27 20:11:57,786 - httpx - INFO - HTTP Request: POST https://api.telegram.org/bot8084223356:AAH0f9ib-iOJlt4xZWPH3r8GecTdVvjYcrE/getUpdates "HTTP/1.1 200 OK"
2025-04-27 20:12:07,842 - httpx - INFO - HTTP Request: POST https://api.telegram.org/bot8084223356:AAH0f9ib-iOJlt4xZWPH3r8GecTdVvjYcrE/getUpdates "HTTP/1.1 200 OK"
2025-04-27 20:12:17,903 - httpx - INFO - HTTP Request: POST https://api.telegram.org/bot8084223356:AAH0f9ib-iOJlt4xZWPH3r8GecTdVvjYcrE/getUpdates "HTTP/1.1 200 OK"
2025-04-27 20:12:27,947 - httpx - INFO - HTTP Request: POST https://api.telegram.org/bot8084223356:AAH0f9ib-iOJlt4xZWPH3r8GecTdVvjYcrE/getUpdates "HTTP/1.1 200 OK"
2025-04-27 20:12:37,985 - httpx - INFO - HTTP Request: POST https://api.telegram.org/bot8084223356:AAH0f9ib-iOJlt4xZWPH3r8GecTdVvjYcrE/getUpdates "HTTP/1.1 200 OK"
2025-04-27 20:12:48,083 - httpx - INFO - HTTP Request: POST https://api.telegram.org/bot8084223356:AAH0f9ib-iOJlt4xZWPH3r8GecTdVvjYcrE/getUpdates "HTTP/1.1 200 OK"
2025-04-27 20:12:58,119 - httpx - INFO - HTTP Request: POST https://api.telegram.org/bot8084223356:AAH0f9ib-iOJlt4xZWPH3r8GecTdVvjYcrE/getUpdates "HTTP/1.1 200 OK"
2025-04-27 20:13:08,156 - httpx - INFO - HTTP Request: POST https://api.telegram.org/bot8084223356:AAH0f9ib-iOJlt4xZWPH3r8GecTdVvjYcrE/getUpdates "HTTP/1.1 200 OK"
2025-04-27 20:13:18,199 - httpx - INFO - HTTP Request: POST https://api.telegram.org/bot8084223356:AAH0f9ib-iOJlt4xZWPH3r8GecTdVvjYcrE/getUpdates "HTTP/1.1 200 OK"
2025-04-27 20:13:28,239 - httpx - INFO - HTTP Request: POST https://api.telegram.org/bot8084223356:AAH0f9ib-iOJlt4xZWPH3r8GecTdVvjYcrE/getUpdates "HTTP/1.1 200 OK"
2025-04-27 20:13:38,288 - httpx - INFO - HTTP Request: POST https://api.telegram.org/bot8084223356:AAH0f9ib-iOJlt4xZWPH3r8GecTdVvjYcrE/getUpdates "HTTP/1.1 200 OK"
2025-04-27 20:13:48,332 - httpx - INFO - HTTP Request: POST https://api.telegram.org/bot8084223356:AAH0f9ib-iOJlt4xZWPH3r8GecTdVvjYcrE/getUpdates "HTTP/1.1 200 OK"
2025-04-27 20:13:58,372 - httpx - INFO - HTTP Request: POST https://api.telegram.org/bot8084223356:AAH0f9ib-iOJlt4xZWPH3r8GecTdVvjYcrE/getUpdates "HTTP/1.1 200 OK"
2025-04-27 20:14:08,413 - httpx - INFO - HTTP Request: POST https://api.telegram.org/bot8084223356:AAH0f9ib-iOJlt4xZWPH3r8GecTdVvjYcrE/getUpdates "HTTP/1.1 200 OK"
2025-04-27 20:14:18,453 - httpx - INFO - HTTP Request: POST https://api.telegram.org/bot8084223356:AAH0f9ib-iOJlt4xZWPH3r8GecTdVvjYcrE/getUpdates "HTTP/1.1 200 OK"
2025-04-27 20:14:28,501 - httpx - INFO - HTTP Request: POST https://api.telegram.org/bot8084223356:AAH0f9ib-iOJlt4xZWPH3r8GecTdVvjYcrE/getUpdates "HTTP/1.1 200 OK"
2025-04-27 20:14:38,543 - httpx - INFO - HTTP Request: POST https://api.telegram.org/bot8084223356:AAH0f9ib-iOJlt4xZWPH3r8GecTdVvjYcrE/getUpdates "HTTP/1.1 200 OK"
2025-04-27 20:14:48,584 - httpx - INFO - HTTP Request: POST https://api.telegram.org/bot8084223356:AAH0f9ib-iOJlt4xZWPH3r8GecTdVvjYcrE/getUpdates "HTTP/1.1 200 OK"
2025-04-27 20:14:58,629 - httpx - INFO - HTTP Request: POST https://api.telegram.org/bot8084223356:AAH0f9ib-iOJlt4xZWPH3r8GecTdVvjYcrE/getUpdates "HTTP/1.1 200 OK"
2025-04-27 20:15:08,672 - httpx - INFO - HTTP Request: POST https://api.telegram.org/bot8084223356:AAH0f9ib-iOJlt4xZWPH3r8GecTdVvjYcrE/getUpdates "HTTP/1.1 200 OK"
2025-04-27 20:15:18,774 - httpx - INFO - HTTP Request: POST https://api.telegram.org/bot8084223356:AAH0f9ib-iOJlt4xZWPH3r8GecTdVvjYcrE/getUpdates "HTTP/1.1 200 OK"
2025-04-27 20:15:28,823 - httpx - INFO - HTTP Request: POST https://api.telegram.org/bot8084223356:AAH0f9ib-iOJlt4xZWPH3r8GecTdVvjYcrE/getUpdates "HTTP/1.1 200 OK"
2025-04-27 20:15:38,863 - httpx - INFO - HTTP Request: POST https://api.telegram.org/bot8084223356:AAH0f9ib-iOJlt4xZWPH3r8GecTdVvjYcrE/getUpdates "HTTP/1.1 200 OK"
2025-04-27 20:15:48,904 - httpx - INFO - HTTP Request: POST https://api.telegram.org/bot8084223356:AAH0f9ib-iOJlt4xZWPH3r8GecTdVvjYcrE/getUpdates "HTTP/1.1 200 OK"
2025-04-27 20:15:58,945 - httpx - INFO - HTTP Request: POST https://api.telegram.org/bot8084223356:AAH0f9ib-iOJlt4xZWPH3r8GecTdVvjYcrE/getUpdates "HTTP/1.1 200 OK"
2025-04-27 20:16:08,991 - httpx - INFO - HTTP Request: POST https://api.telegram.org/bot8084223356:AAH0f9ib-iOJlt4xZWPH3r8GecTdVvjYcrE/getUpdates "HTTP/1.1 200 OK"
2025-04-27 20:16:19,037 - httpx - INFO - HTTP Request: POST https://api.telegram.org/bot8084223356:AAH0f9ib-iOJlt4xZWPH3r8GecTdVvjYcrE/getUpdates "HTTP/1.1 200 OK"
2025-04-27 20:16:29,078 - httpx - INFO - HTTP Request: POST https://api.telegram.org/bot8084223356:AAH0f9ib-iOJlt4xZWPH3r8GecTdVvjYcrE/getUpdates "HTTP/1.1 200 OK"
2025-04-27 20:16:39,126 - httpx - INFO - HTTP Request: POST https://api.telegram.org/bot8084223356:AAH0f9ib-iOJlt4xZWPH3r8GecTdVvjYcrE/getUpdates "HTTP/1.1 200 OK"
2025-04-27 20:16:49,167 - httpx - INFO - HTTP Request: POST https://api.telegram.org/bot8084223356:AAH0f9ib-iOJlt4xZWPH3r8GecTdVvjYcrE/getUpdates "HTTP/1.1 200 OK"
2025-04-27 20:16:59,214 - httpx - INFO - HTTP Request: POST https://api.telegram.org/bot8084223356:AAH0f9ib-iOJlt4xZWPH3r8GecTdVvjYcrE/getUpdates "HTTP/1.1 200 OK"
2025-04-27 20:17:09,255 - httpx - INFO - HTTP Request: POST https://api.telegram.org/bot8084223356:AAH0f9ib-iOJlt4xZWPH3r8GecTdVvjYcrE/getUpdates "HTTP/1.1 200 OK"
2025-04-27 20:17:19,301 - httpx - INFO - HTTP Request: POST https://api.telegram.org/bot8084223356:AAH0f9ib-iOJlt4xZWPH3r8GecTdVvjYcrE/getUpdates "HTTP/1.1 200 OK"
2025-04-27 20:17:29,444 - httpx - INFO - HTTP Request: POST https://api.telegram.org/bot8084223356:AAH0f9ib-iOJlt4xZWPH3r8GecTdVvjYcrE/getUpdates "HTTP/1.1 200 OK"
2025-04-27 20:17:39,497 - httpx - INFO - HTTP Request: POST https://api.telegram.org/bot8084223356:AAH0f9ib-iOJlt4xZWPH3r8GecTdVvjYcrE/getUpdates "HTTP/1.1 200 OK"
2025-04-27 20:17:49,546 - httpx - INFO - HTTP Request: POST https://api.telegram.org/bot8084223356:AAH0f9ib-iOJlt4xZWPH3r8GecTdVvjYcrE/getUpdates "HTTP/1.1 200 OK"
2025-04-27 20:17:59,591 - httpx - INFO - HTTP Request: POST https://api.telegram.org/bot8084223356:AAH0f9ib-iOJlt4xZWPH3r8GecTdVvjYcrE/getUpdates "HTTP/1.1 200 OK"
2025-04-27 20:18:09,639 - httpx - INFO - HTTP Request: POST https://api.telegram.org/bot8084223356:AAH0f9ib-iOJlt4xZWPH3r8GecTdVvjYcrE/getUpdates "HTTP/1.1 200 OK"
2025-04-27 20:18:19,687 - httpx - INFO - HTTP Request: POST https://api.telegram.org/bot8084223356:AAH0f9ib-iOJlt4xZWPH3r8GecTdVvjYcrE/getUpdates "HTTP/1.1 200 OK"
2025-04-27 20:18:29,733 - httpx - INFO - HTTP Request: POST https://api.telegram.org/bot8084223356:AAH0f9ib-iOJlt4xZWPH3r8GecTdVvjYcrE/getUpdates "HTTP/1.1 200 OK"
2025-04-27 20:18:39,780 - httpx - INFO - HTTP Request: POST https://api.telegram.org/bot8084223356:AAH0f9ib-iOJlt4xZWPH3r8GecTdVvjYcrE/getUpdates "HTTP/1.1 200 OK"
2025-04-27 20:18:49,838 - httpx - INFO - HTTP Request: POST https://api.telegram.org/bot8084223356:AAH0f9ib-iOJlt4xZWPH3r8GecTdVvjYcrE/getUpdates "HTTP/1.1 200 OK"
2025-04-27 20:18:59,885 - httpx - INFO - HTTP Request: POST https://api.telegram.org/bot8084223356:AAH0f9ib-iOJlt4xZWPH3r8GecTdVvjYcrE/getUpdates "HTTP/1.1 200 OK"
2025-04-27 20:19:09,931 - httpx - INFO - HTTP Request: POST https://api.telegram.org/bot8084223356:AAH0f9ib-iOJlt4xZWPH3r8GecTdVvjYcrE/getUpdates "HTTP/1.1 200 OK"
2025-04-27 20:19:19,980 - httpx - INFO - HTTP Request: POST https://api.telegram.org/bot8084223356:AAH0f9ib-iOJlt4xZWPH3r8GecTdVvjYcrE/getUpdates "HTTP/1.1 200 OK"
2025-04-27 20:19:30,027 - httpx - INFO - HTTP Request: POST https://api.telegram.org/bot8084223356:AAH0f9ib-iOJlt4xZWPH3r8GecTdVvjYcrE/getUpdates "HTTP/1.1 200 OK"
2025-04-27 20:19:40,076 - httpx - INFO - HTTP Request: POST https://api.telegram.org/bot8084223356:AAH0f9ib-iOJlt4xZWPH3r8GecTdVvjYcrE/getUpdates "HTTP/1.1 200 OK"
2025-04-27 20:19:50,121 - httpx - INFO - HTTP Request: POST https://api.telegram.org/bot8084223356:AAH0f9ib-iOJlt4xZWPH3r8GecTdVvjYcrE/getUpdates "HTTP/1.1 200 OK"
2025-04-27 20:20:00,168 - httpx - INFO - HTTP Request: POST https://api.telegram.org/bot8084223356:AAH0f9ib-iOJlt4xZWPH3r8GecTdVvjYcrE/getUpdates "HTTP/1.1 200 OK"
2025-04-27 20:20:10,214 - httpx - INFO - HTTP Request: POST https://api.telegram.org/bot8084223356:AAH0f9ib-iOJlt4xZWPH3r8GecTdVvjYcrE/getUpdates "HTTP/1.1 200 OK"
2025-04-27 20:20:20,260 - httpx - INFO - HTTP Request: POST https://api.telegram.org/bot8084223356:AAH0f9ib-iOJlt4xZWPH3r8GecTdVvjYcrE/getUpdates "HTTP/1.1 200 OK"
2025-04-27 20:20:30,307 - httpx - INFO - HTTP Request: POST https://api.telegram.org/bot8084223356:AAH0f9ib-iOJlt4xZWPH3r8GecTdVvjYcrE/getUpdates "HTTP/1.1 200 OK"
2025-04-27 20:20:40,355 - httpx - INFO - HTTP Request: POST https://api.telegram.org/bot8084223356:AAH0f9ib-iOJlt4xZWPH3r8GecTdVvjYcrE/getUpdates "HTTP/1.1 200 OK"
2025-04-27 20:20:50,406 - httpx - INFO - HTTP Request: POST https://api.telegram.org/bot8084223356:AAH0f9ib-iOJlt4xZWPH3r8GecTdVvjYcrE/getUpdates "HTTP/1.1 200 OK"
2025-04-27 20:21:00,454 - httpx - INFO - HTTP Request: POST https://api.telegram.org/bot8084223356:AAH0f9ib-iOJlt4xZWPH3r8GecTdVvjYcrE/getUpdates "HTTP/1.1 200 OK"
2025-04-27 20:21:10,503 - httpx - INFO - HTTP Request: POST https://api.telegram.org/bot8084223356:AAH0f9ib-iOJlt4xZWPH3r8GecTdVvjYcrE/getUpdates "HTTP/1.1 200 OK"
2025-04-27 20:21:20,552 - httpx - INFO - HTTP Request: POST https://api.telegram.org/bot8084223356:AAH0f9ib-iOJlt4xZWPH3r8GecTdVvjYcrE/getUpdates "HTTP/1.1 200 OK"
2025-04-27 20:21:30,607 - httpx - INFO - HTTP Request: POST https://api.telegram.org/bot8084223356:AAH0f9ib-iOJlt4xZWPH3r8GecTdVvjYcrE/getUpdates "HTTP/1.1 200 OK"
2025-04-27 20:21:40,654 - httpx - INFO - HTTP Request: POST https://api.telegram.org/bot8084223356:AAH0f9ib-iOJlt4xZWPH3r8GecTdVvjYcrE/getUpdates "HTTP/1.1 200 OK"
2025-04-27 20:21:50,701 - httpx - INFO - HTTP Request: POST https://api.telegram.org/bot8084223356:AAH0f9ib-iOJlt4xZWPH3r8GecTdVvjYcrE/getUpdates "HTTP/1.1 200 OK"
2025-04-27 20:22:00,750 - httpx - INFO - HTTP Request: POST https://api.telegram.org/bot8084223356:AAH0f9ib-iOJlt4xZWPH3r8GecTdVvjYcrE/getUpdates "HTTP/1.1 200 OK"
2025-04-27 20:22:10,797 - httpx - INFO - HTTP Request: POST https://api.telegram.org/bot8084223356:AAH0f9ib-iOJlt4xZWPH3r8GecTdVvjYcrE/getUpdates "HTTP/1.1 200 OK"
2025-04-27 20:22:20,878 - httpx - INFO - HTTP Request: POST https://api.telegram.org/bot8084223356:AAH0f9ib-iOJlt4xZWPH3r8GecTdVvjYcrE/getUpdates "HTTP/1.1 200 OK"
2025-04-27 20:22:31,016 - httpx - INFO - HTTP Request: POST https://api.telegram.org/bot8084223356:AAH0f9ib-iOJlt4xZWPH3r8GecTdVvjYcrE/getUpdates "HTTP/1.1 200 OK"
2025-04-27 20:22:41,063 - httpx - INFO - HTTP Request: POST https://api.telegram.org/bot8084223356:AAH0f9ib-iOJlt4xZWPH3r8GecTdVvjYcrE/getUpdates "HTTP/1.1 200 OK"
2025-04-27 20:22:51,110 - httpx - INFO - HTTP Request: POST https://api.telegram.org/bot8084223356:AAH0f9ib-iOJlt4xZWPH3r8GecTdVvjYcrE/getUpdates "HTTP/1.1 200 OK"
2025-04-27 20:23:01,268 - httpx - INFO - HTTP Request: POST https://api.telegram.org/bot8084223356:AAH0f9ib-iOJlt4xZWPH3r8GecTdVvjYcrE/getUpdates "HTTP/1.1 200 OK"
2025-04-27 20:23:11,333 - httpx - INFO - HTTP Request: POST https://api.telegram.org/bot8084223356:AAH0f9ib-iOJlt4xZWPH3r8GecTdVvjYcrE/getUpdates "HTTP/1.1 200 OK"
2025-04-27 20:23:21,380 - httpx - INFO - HTTP Request: POST https://api.telegram.org/bot8084223356:AAH0f9ib-iOJlt4xZWPH3r8GecTdVvjYcrE/getUpdates "HTTP/1.1 200 OK"
2025-04-27 20:23:31,428 - httpx - INFO - HTTP Request: POST https://api.telegram.org/bot8084223356:AAH0f9ib-iOJlt4xZWPH3r8GecTdVvjYcrE/getUpdates "HTTP/1.1 200 OK"
2025-04-27 20:23:41,479 - httpx - INFO - HTTP Request: POST https://api.telegram.org/bot8084223356:AAH0f9ib-iOJlt4xZWPH3r8GecTdVvjYcrE/getUpdates "HTTP/1.1 200 OK"
2025-04-27 20:23:51,530 - httpx - INFO - HTTP Request: POST https://api.telegram.org/bot8084223356:AAH0f9ib-iOJlt4xZWPH3r8GecTdVvjYcrE/getUpdates "HTTP/1.1 200 OK"
2025-04-27 20:24:01,580 - httpx - INFO - HTTP Request: POST https://api.telegram.org/bot8084223356:AAH0f9ib-iOJlt4xZWPH3r8GecTdVvjYcrE/getUpdates "HTTP/1.1 200 OK"
2025-04-27 20:24:11,631 - httpx - INFO - HTTP Request: POST https://api.telegram.org/bot8084223356:AAH0f9ib-iOJlt4xZWPH3r8GecTdVvjYcrE/getUpdates "HTTP/1.1 200 OK"
2025-04-27 20:24:21,678 - httpx - INFO - HTTP Request: POST https://api.telegram.org/bot8084223356:AAH0f9ib-iOJlt4xZWPH3r8GecTdVvjYcrE/getUpdates "HTTP/1.1 200 OK"
2025-04-27 20:24:31,725 - httpx - INFO - HTTP Request: POST https://api.telegram.org/bot8084223356:AAH0f9ib-iOJlt4xZWPH3r8GecTdVvjYcrE/getUpdates "HTTP/1.1 200 OK"
2025-04-27 20:24:41,769 - httpx - INFO - HTTP Request: POST https://api.telegram.org/bot8084223356:AAH0f9ib-iOJlt4xZWPH3r8GecTdVvjYcrE/getUpdates "HTTP/1.1 200 OK"
2025-04-27 20:24:51,814 - httpx - INFO - HTTP Request: POST https://api.telegram.org/bot8084223356:AAH0f9ib-iOJlt4xZWPH3r8GecTdVvjYcrE/getUpdates "HTTP/1.1 200 OK"
2025-04-27 20:25:01,862 - httpx - INFO - HTTP Request: POST https://api.telegram.org/bot8084223356:AAH0f9ib-iOJlt4xZWPH3r8GecTdVvjYcrE/getUpdates "HTTP/1.1 200 OK"
2025-04-27 20:25:11,908 - httpx - INFO - HTTP Request: POST https://api.telegram.org/bot8084223356:AAH0f9ib-iOJlt4xZWPH3r8GecTdVvjYcrE/getUpdates "HTTP/1.1 200 OK"
2025-04-27 20:25:21,954 - httpx - INFO - HTTP Request: POST https://api.telegram.org/bot8084223356:AAH0f9ib-iOJlt4xZWPH3r8GecTdVvjYcrE/getUpdates "HTTP/1.1 200 OK"
2025-04-27 20:25:32,004 - httpx - INFO - HTTP Request: POST https://api.telegram.org/bot8084223356:AAH0f9ib-iOJlt4xZWPH3r8GecTdVvjYcrE/getUpdates "HTTP/1.1 200 OK"
2025-04-27 20:25:42,054 - httpx - INFO - HTTP Request: POST https://api.telegram.org/bot8084223356:AAH0f9ib-iOJlt4xZWPH3r8GecTdVvjYcrE/getUpdates "HTTP/1.1 200 OK"
2025-04-27 20:25:52,101 - httpx - INFO - HTTP Request: POST https://api.telegram.org/bot8084223356:AAH0f9ib-iOJlt4xZWPH3r8GecTdVvjYcrE/getUpdates "HTTP/1.1 200 OK"
2025-04-27 20:26:02,147 - httpx - INFO - HTTP Request: POST https://api.telegram.org/bot8084223356:AAH0f9ib-iOJlt4xZWPH3r8GecTdVvjYcrE/getUpdates "HTTP/1.1 200 OK"
2025-04-27 20:26:12,193 - httpx - INFO - HTTP Request: POST https://api.telegram.org/bot8084223356:AAH0f9ib-iOJlt4xZWPH3r8GecTdVvjYcrE/getUpdates "HTTP/1.1 200 OK"
2025-04-27 20:26:22,243 - httpx - INFO - HTTP Request: POST https://api.telegram.org/bot8084223356:AAH0f9ib-iOJlt4xZWPH3r8GecTdVvjYcrE/getUpdates "HTTP/1.1 200 OK"
2025-04-27 20:26:32,292 - httpx - INFO - HTTP Request: POST https://api.telegram.org/bot8084223356:AAH0f9ib-iOJlt4xZWPH3r8GecTdVvjYcrE/getUpdates "HTTP/1.1 200 OK"
2025-04-27 20:26:42,339 - httpx - INFO - HTTP Request: POST https://api.telegram.org/bot8084223356:AAH0f9ib-iOJlt4xZWPH3r8GecTdVvjYcrE/getUpdates "HTTP/1.1 200 OK"
2025-04-27 20:26:52,395 - httpx - INFO - HTTP Request: POST https://api.telegram.org/bot8084223356:AAH0f9ib-iOJlt4xZWPH3r8GecTdVvjYcrE/getUpdates "HTTP/1.1 200 OK"
2025-04-27 20:27:02,443 - httpx - INFO - HTTP Request: POST https://api.telegram.org/bot8084223356:AAH0f9ib-iOJlt4xZWPH3r8GecTdVvjYcrE/getUpdates "HTTP/1.1 200 OK"
2025-04-27 20:27:12,519 - httpx - INFO - HTTP Request: POST https://api.telegram.org/bot8084223356:AAH0f9ib-iOJlt4xZWPH3r8GecTdVvjYcrE/getUpdates "HTTP/1.1 200 OK"
2025-04-27 20:27:22,565 - httpx - INFO - HTTP Request: POST https://api.telegram.org/bot8084223356:AAH0f9ib-iOJlt4xZWPH3r8GecTdVvjYcrE/getUpdates "HTTP/1.1 200 OK"
2025-04-27 20:27:32,614 - httpx - INFO - HTTP Request: POST https://api.telegram.org/bot8084223356:AAH0f9ib-iOJlt4xZWPH3r8GecTdVvjYcrE/getUpdates "HTTP/1.1 200 OK"
2025-04-27 20:27:42,660 - httpx - INFO - HTTP Request: POST https://api.telegram.org/bot8084223356:AAH0f9ib-iOJlt4xZWPH3r8GecTdVvjYcrE/getUpdates "HTTP/1.1 200 OK"
2025-04-27 20:27:52,705 - httpx - INFO - HTTP Request: POST https://api.telegram.org/bot8084223356:AAH0f9ib-iOJlt4xZWPH3r8GecTdVvjYcrE/getUpdates "HTTP/1.1 200 OK"
2025-04-27 20:28:02,753 - httpx - INFO - HTTP Request: POST https://api.telegram.org/bot8084223356:AAH0f9ib-iOJlt4xZWPH3r8GecTdVvjYcrE/getUpdates "HTTP/1.1 200 OK"
2025-04-27 20:28:12,810 - httpx - INFO - HTTP Request: POST https://api.telegram.org/bot8084223356:AAH0f9ib-iOJlt4xZWPH3r8GecTdVvjYcrE/getUpdates "HTTP/1.1 200 OK"
2025-04-27 20:28:22,859 - httpx - INFO - HTTP Request: POST https://api.telegram.org/bot8084223356:AAH0f9ib-iOJlt4xZWPH3r8GecTdVvjYcrE/getUpdates "HTTP/1.1 200 OK"
2025-04-27 20:28:32,906 - httpx - INFO - HTTP Request: POST https://api.telegram.org/bot8084223356:AAH0f9ib-iOJlt4xZWPH3r8GecTdVvjYcrE/getUpdates "HTTP/1.1 200 OK"
2025-04-27 20:28:42,957 - httpx - INFO - HTTP Request: POST https://api.telegram.org/bot8084223356:AAH0f9ib-iOJlt4xZWPH3r8GecTdVvjYcrE/getUpdates "HTTP/1.1 200 OK"
2025-04-27 20:28:53,006 - httpx - INFO - HTTP Request: POST https://api.telegram.org/bot8084223356:AAH0f9ib-iOJlt4xZWPH3r8GecTdVvjYcrE/getUpdates "HTTP/1.1 200 OK"
2025-04-27 20:29:03,055 - httpx - INFO - HTTP Request: POST https://api.telegram.org/bot8084223356:AAH0f9ib-iOJlt4xZWPH3r8GecTdVvjYcrE/getUpdates "HTTP/1.1 200 OK"
2025-04-27 20:29:13,102 - httpx - INFO - HTTP Request: POST https://api.telegram.org/bot8084223356:AAH0f9ib-iOJlt4xZWPH3r8GecTdVvjYcrE/getUpdates "HTTP/1.1 200 OK"
2025-04-27 20:29:23,146 - httpx - INFO - HTTP Request: POST https://api.telegram.org/bot8084223356:AAH0f9ib-iOJlt4xZWPH3r8GecTdVvjYcrE/getUpdates "HTTP/1.1 200 OK"
2025-04-27 20:29:33,192 - httpx - INFO - HTTP Request: POST https://api.telegram.org/bot8084223356:AAH0f9ib-iOJlt4xZWPH3r8GecTdVvjYcrE/getUpdates "HTTP/1.1 200 OK"
2025-04-27 20:29:43,239 - httpx - INFO - HTTP Request: POST https://api.telegram.org/bot8084223356:AAH0f9ib-iOJlt4xZWPH3r8GecTdVvjYcrE/getUpdates "HTTP/1.1 200 OK"
2025-04-27 20:29:53,286 - httpx - INFO - HTTP Request: POST https://api.telegram.org/bot8084223356:AAH0f9ib-iOJlt4xZWPH3r8GecTdVvjYcrE/getUpdates "HTTP/1.1 200 OK"
2025-04-27 20:30:03,338 - httpx - INFO - HTTP Request: POST https://api.telegram.org/bot8084223356:AAH0f9ib-iOJlt4xZWPH3r8GecTdVvjYcrE/getUpdates "HTTP/1.1 200 OK"
2025-04-27 20:30:13,389 - httpx - INFO - HTTP Request: POST https://api.telegram.org/bot8084223356:AAH0f9ib-iOJlt4xZWPH3r8GecTdVvjYcrE/getUpdates "HTTP/1.1 200 OK"
2025-04-27 20:30:23,556 - httpx - INFO - HTTP Request: POST https://api.telegram.org/bot8084223356:AAH0f9ib-iOJlt4xZWPH3r8GecTdVvjYcrE/getUpdates "HTTP/1.1 200 OK"
2025-04-27 20:30:33,603 - httpx - INFO - HTTP Request: POST https://api.telegram.org/bot8084223356:AAH0f9ib-iOJlt4xZWPH3r8GecTdVvjYcrE/getUpdates "HTTP/1.1 200 OK"
2025-04-27 20:30:43,652 - httpx - INFO - HTTP Request: POST https://api.telegram.org/bot8084223356:AAH0f9ib-iOJlt4xZWPH3r8GecTdVvjYcrE/getUpdates "HTTP/1.1 200 OK"
2025-04-27 20:30:53,700 - httpx - INFO - HTTP Request: POST https://api.telegram.org/bot8084223356:AAH0f9ib-iOJlt4xZWPH3r8GecTdVvjYcrE/getUpdates "HTTP/1.1 200 OK"
2025-04-27 20:31:03,746 - httpx - INFO - HTTP Request: POST https://api.telegram.org/bot8084223356:AAH0f9ib-iOJlt4xZWPH3r8GecTdVvjYcrE/getUpdates "HTTP/1.1 200 OK"
2025-04-27 20:31:13,795 - httpx - INFO - HTTP Request: POST https://api.telegram.org/bot8084223356:AAH0f9ib-iOJlt4xZWPH3r8GecTdVvjYcrE/getUpdates "HTTP/1.1 200 OK"
2025-04-27 20:31:23,841 - httpx - INFO - HTTP Request: POST https://api.telegram.org/bot8084223356:AAH0f9ib-iOJlt4xZWPH3r8GecTdVvjYcrE/getUpdates "HTTP/1.1 200 OK"
2025-04-27 20:31:33,885 - httpx - INFO - HTTP Request: POST https://api.telegram.org/bot8084223356:AAH0f9ib-iOJlt4xZWPH3r8GecTdVvjYcrE/getUpdates "HTTP/1.1 200 OK"
2025-04-27 20:31:43,933 - httpx - INFO - HTTP Request: POST https://api.telegram.org/bot8084223356:AAH0f9ib-iOJlt4xZWPH3r8GecTdVvjYcrE/getUpdates "HTTP/1.1 200 OK"
2025-04-27 20:31:53,980 - httpx - INFO - HTTP Request: POST https://api.telegram.org/bot8084223356:AAH0f9ib-iOJlt4xZWPH3r8GecTdVvjYcrE/getUpdates "HTTP/1.1 200 OK"
2025-04-27 20:32:04,028 - httpx - INFO - HTTP Request: POST https://api.telegram.org/bot8084223356:AAH0f9ib-iOJlt4xZWPH3r8GecTdVvjYcrE/getUpdates "HTTP/1.1 200 OK"
2025-04-27 20:32:14,073 - httpx - INFO - HTTP Request: POST https://api.telegram.org/bot8084223356:AAH0f9ib-iOJlt4xZWPH3r8GecTdVvjYcrE/getUpdates "HTTP/1.1 200 OK"
2025-04-27 20:32:24,123 - httpx - INFO - HTTP Request: POST https://api.telegram.org/bot8084223356:AAH0f9ib-iOJlt4xZWPH3r8GecTdVvjYcrE/getUpdates "HTTP/1.1 200 OK"
2025-04-27 20:32:34,171 - httpx - INFO - HTTP Request: POST https://api.telegram.org/bot8084223356:AAH0f9ib-iOJlt4xZWPH3r8GecTdVvjYcrE/getUpdates "HTTP/1.1 200 OK"
2025-04-27 20:32:44,218 - httpx - INFO - HTTP Request: POST https://api.telegram.org/bot8084223356:AAH0f9ib-iOJlt4xZWPH3r8GecTdVvjYcrE/getUpdates "HTTP/1.1 200 OK"
2025-04-27 20:32:54,265 - httpx - INFO - HTTP Request: POST https://api.telegram.org/bot8084223356:AAH0f9ib-iOJlt4xZWPH3r8GecTdVvjYcrE/getUpdates "HTTP/1.1 200 OK"
2025-04-27 20:33:04,316 - httpx - INFO - HTTP Request: POST https://api.telegram.org/bot8084223356:AAH0f9ib-iOJlt4xZWPH3r8GecTdVvjYcrE/getUpdates "HTTP/1.1 200 OK"
2025-04-27 20:33:14,360 - httpx - INFO - HTTP Request: POST https://api.telegram.org/bot8084223356:AAH0f9ib-iOJlt4xZWPH3r8GecTdVvjYcrE/getUpdates "HTTP/1.1 200 OK"
2025-04-27 20:33:24,407 - httpx - INFO - HTTP Request: POST https://api.telegram.org/bot8084223356:AAH0f9ib-iOJlt4xZWPH3r8GecTdVvjYcrE/getUpdates "HTTP/1.1 200 OK"
2025-04-27 20:33:34,458 - httpx - INFO - HTTP Request: POST https://api.telegram.org/bot8084223356:AAH0f9ib-iOJlt4xZWPH3r8GecTdVvjYcrE/getUpdates "HTTP/1.1 200 OK"
2025-04-27 20:33:44,507 - httpx - INFO - HTTP Request: POST https://api.telegram.org/bot8084223356:AAH0f9ib-iOJlt4xZWPH3r8GecTdVvjYcrE/getUpdates "HTTP/1.1 200 OK"
2025-04-27 20:33:54,556 - httpx - INFO - HTTP Request: POST https://api.telegram.org/bot8084223356:AAH0f9ib-iOJlt4xZWPH3r8GecTdVvjYcrE/getUpdates "HTTP/1.1 200 OK"
2025-04-27 20:34:04,610 - httpx - INFO - HTTP Request: POST https://api.telegram.org/bot8084223356:AAH0f9ib-iOJlt4xZWPH3r8GecTdVvjYcrE/getUpdates "HTTP/1.1 200 OK"
2025-04-27 20:34:14,728 - httpx - INFO - HTTP Request: POST https://api.telegram.org/bot8084223356:AAH0f9ib-iOJlt4xZWPH3r8GecTdVvjYcrE/getUpdates "HTTP/1.1 200 OK"
2025-04-27 20:34:24,765 - httpx - INFO - HTTP Request: POST https://api.telegram.org/bot8084223356:AAH0f9ib-iOJlt4xZWPH3r8GecTdVvjYcrE/getUpdates "HTTP/1.1 200 OK"
2025-04-27 20:34:34,821 - httpx - INFO - HTTP Request: POST https://api.telegram.org/bot8084223356:AAH0f9ib-iOJlt4xZWPH3r8GecTdVvjYcrE/getUpdates "HTTP/1.1 200 OK"
2025-04-27 20:34:44,861 - httpx - INFO - HTTP Request: POST https://api.telegram.org/bot8084223356:AAH0f9ib-iOJlt4xZWPH3r8GecTdVvjYcrE/getUpdates "HTTP/1.1 200 OK"
2025-04-27 20:34:54,902 - httpx - INFO - HTTP Request: POST https://api.telegram.org/bot8084223356:AAH0f9ib-iOJlt4xZWPH3r8GecTdVvjYcrE/getUpdates "HTTP/1.1 200 OK"
2025-04-27 20:35:04,948 - httpx - INFO - HTTP Request: POST https://api.telegram.org/bot8084223356:AAH0f9ib-iOJlt4xZWPH3r8GecTdVvjYcrE/getUpdates "HTTP/1.1 200 OK"
2025-04-27 20:35:14,987 - httpx - INFO - HTTP Request: POST https://api.telegram.org/bot8084223356:AAH0f9ib-iOJlt4xZWPH3r8GecTdVvjYcrE/getUpdates "HTTP/1.1 200 OK"
2025-04-27 20:35:25,030 - httpx - INFO - HTTP Request: POST https://api.telegram.org/bot8084223356:AAH0f9ib-iOJlt4xZWPH3r8GecTdVvjYcrE/getUpdates "HTTP/1.1 200 OK"
2025-04-27 20:35:35,065 - httpx - INFO - HTTP Request: POST https://api.telegram.org/bot8084223356:AAH0f9ib-iOJlt4xZWPH3r8GecTdVvjYcrE/getUpdates "HTTP/1.1 200 OK"
2025-04-27 20:35:45,101 - httpx - INFO - HTTP Request: POST https://api.telegram.org/bot8084223356:AAH0f9ib-iOJlt4xZWPH3r8GecTdVvjYcrE/getUpdates "HTTP/1.1 200 OK"
2025-04-27 20:35:55,138 - httpx - INFO - HTTP Request: POST https://api.telegram.org/bot8084223356:AAH0f9ib-iOJlt4xZWPH3r8GecTdVvjYcrE/getUpdates "HTTP/1.1 200 OK"
2025-04-27 20:36:05,182 - httpx - INFO - HTTP Request: POST https://api.telegram.org/bot8084223356:AAH0f9ib-iOJlt4xZWPH3r8GecTdVvjYcrE/getUpdates "HTTP/1.1 200 OK"
2025-04-27 20:36:15,222 - httpx - INFO - HTTP Request: POST https://api.telegram.org/bot8084223356:AAH0f9ib-iOJlt4xZWPH3r8GecTdVvjYcrE/getUpdates "HTTP/1.1 200 OK"
2025-04-27 20:36:25,260 - httpx - INFO - HTTP Request: POST https://api.telegram.org/bot8084223356:AAH0f9ib-iOJlt4xZWPH3r8GecTdVvjYcrE/getUpdates "HTTP/1.1 200 OK"
2025-04-27 20:36:35,302 - httpx - INFO - HTTP Request: POST https://api.telegram.org/bot8084223356:AAH0f9ib-iOJlt4xZWPH3r8GecTdVvjYcrE/getUpdates "HTTP/1.1 200 OK"
2025-04-27 20:36:45,337 - httpx - INFO - HTTP Request: POST https://api.telegram.org/bot8084223356:AAH0f9ib-iOJlt4xZWPH3r8GecTdVvjYcrE/getUpdates "HTTP/1.1 200 OK"
2025-04-27 20:36:55,371 - httpx - INFO - HTTP Request: POST https://api.telegram.org/bot8084223356:AAH0f9ib-iOJlt4xZWPH3r8GecTdVvjYcrE/getUpdates "HTTP/1.1 200 OK"
2025-04-27 20:37:05,424 - httpx - INFO - HTTP Request: POST https://api.telegram.org/bot8084223356:AAH0f9ib-iOJlt4xZWPH3r8GecTdVvjYcrE/getUpdates "HTTP/1.1 200 OK"
2025-04-27 20:37:15,460 - httpx - INFO - HTTP Request: POST https://api.telegram.org/bot8084223356:AAH0f9ib-iOJlt4xZWPH3r8GecTdVvjYcrE/getUpdates "HTTP/1.1 200 OK"
2025-04-27 20:37:25,499 - httpx - INFO - HTTP Request: POST https://api.telegram.org/bot8084223356:AAH0f9ib-iOJlt4xZWPH3r8GecTdVvjYcrE/getUpdates "HTTP/1.1 200 OK"
2025-04-27 20:37:35,535 - httpx - INFO - HTTP Request: POST https://api.telegram.org/bot8084223356:AAH0f9ib-iOJlt4xZWPH3r8GecTdVvjYcrE/getUpdates "HTTP/1.1 200 OK"
2025-04-27 20:37:45,680 - httpx - INFO - HTTP Request: POST https://api.telegram.org/bot8084223356:AAH0f9ib-iOJlt4xZWPH3r8GecTdVvjYcrE/getUpdates "HTTP/1.1 200 OK"
2025-04-27 20:37:55,718 - httpx - INFO - HTTP Request: POST https://api.telegram.org/bot8084223356:AAH0f9ib-iOJlt4xZWPH3r8GecTdVvjYcrE/getUpdates "HTTP/1.1 200 OK"
2025-04-27 20:38:05,756 - httpx - INFO - HTTP Request: POST https://api.telegram.org/bot8084223356:AAH0f9ib-iOJlt4xZWPH3r8GecTdVvjYcrE/getUpdates "HTTP/1.1 200 OK"
2025-04-27 20:38:15,792 - httpx - INFO - HTTP Request: POST https://api.telegram.org/bot8084223356:AAH0f9ib-iOJlt4xZWPH3r8GecTdVvjYcrE/getUpdates "HTTP/1.1 200 OK"
2025-04-27 20:38:25,834 - httpx - INFO - HTTP Request: POST https://api.telegram.org/bot8084223356:AAH0f9ib-iOJlt4xZWPH3r8GecTdVvjYcrE/getUpdates "HTTP/1.1 200 OK"
2025-04-27 20:38:35,873 - httpx - INFO - HTTP Request: POST https://api.telegram.org/bot8084223356:AAH0f9ib-iOJlt4xZWPH3r8GecTdVvjYcrE/getUpdates "HTTP/1.1 200 OK"
2025-04-27 20:38:45,909 - httpx - INFO - HTTP Request: POST https://api.telegram.org/bot8084223356:AAH0f9ib-iOJlt4xZWPH3r8GecTdVvjYcrE/getUpdates "HTTP/1.1 200 OK"
2025-04-27 20:38:55,945 - httpx - INFO - HTTP Request: POST https://api.telegram.org/bot8084223356:AAH0f9ib-iOJlt4xZWPH3r8GecTdVvjYcrE/getUpdates "HTTP/1.1 200 OK"
2025-04-27 20:39:05,983 - httpx - INFO - HTTP Request: POST https://api.telegram.org/bot8084223356:AAH0f9ib-iOJlt4xZWPH3r8GecTdVvjYcrE/getUpdates "HTTP/1.1 200 OK"
2025-04-27 20:39:16,021 - httpx - INFO - HTTP Request: POST https://api.telegram.org/bot8084223356:AAH0f9ib-iOJlt4xZWPH3r8GecTdVvjYcrE/getUpdates "HTTP/1.1 200 OK"
2025-04-27 20:39:26,055 - httpx - INFO - HTTP Request: POST https://api.telegram.org/bot8084223356:AAH0f9ib-iOJlt4xZWPH3r8GecTdVvjYcrE/getUpdates "HTTP/1.1 200 OK"
2025-04-27 20:39:36,092 - httpx - INFO - HTTP Request: POST https://api.telegram.org/bot8084223356:AAH0f9ib-iOJlt4xZWPH3r8GecTdVvjYcrE/getUpdates "HTTP/1.1 200 OK"
2025-04-27 20:39:46,136 - httpx - INFO - HTTP Request: POST https://api.telegram.org/bot8084223356:AAH0f9ib-iOJlt4xZWPH3r8GecTdVvjYcrE/getUpdates "HTTP/1.1 200 OK"
2025-04-27 20:39:56,182 - httpx - INFO - HTTP Request: POST https://api.telegram.org/bot8084223356:AAH0f9ib-iOJlt4xZWPH3r8GecTdVvjYcrE/getUpdates "HTTP/1.1 200 OK"
2025-04-27 20:40:06,221 - httpx - INFO - HTTP Request: POST https://api.telegram.org/bot8084223356:AAH0f9ib-iOJlt4xZWPH3r8GecTdVvjYcrE/getUpdates "HTTP/1.1 200 OK"
2025-04-27 20:40:16,259 - httpx - INFO - HTTP Request: POST https://api.telegram.org/bot8084223356:AAH0f9ib-iOJlt4xZWPH3r8GecTdVvjYcrE/getUpdates "HTTP/1.1 200 OK"
2025-04-27 20:40:26,295 - httpx - INFO - HTTP Request: POST https://api.telegram.org/bot8084223356:AAH0f9ib-iOJlt4xZWPH3r8GecTdVvjYcrE/getUpdates "HTTP/1.1 200 OK"
2025-04-27 20:40:36,331 - httpx - INFO - HTTP Request: POST https://api.telegram.org/bot8084223356:AAH0f9ib-iOJlt4xZWPH3r8GecTdVvjYcrE/getUpdates "HTTP/1.1 200 OK"
2025-04-27 20:40:46,373 - httpx - INFO - HTTP Request: POST https://api.telegram.org/bot8084223356:AAH0f9ib-iOJlt4xZWPH3r8GecTdVvjYcrE/getUpdates "HTTP/1.1 200 OK"
2025-04-27 20:40:56,411 - httpx - INFO - HTTP Request: POST https://api.telegram.org/bot8084223356:AAH0f9ib-iOJlt4xZWPH3r8GecTdVvjYcrE/getUpdates "HTTP/1.1 200 OK"
2025-04-27 20:41:06,458 - httpx - INFO - HTTP Request: POST https://api.telegram.org/bot8084223356:AAH0f9ib-iOJlt4xZWPH3r8GecTdVvjYcrE/getUpdates "HTTP/1.1 200 OK"
2025-04-27 20:41:16,499 - httpx - INFO - HTTP Request: POST https://api.telegram.org/bot8084223356:AAH0f9ib-iOJlt4xZWPH3r8GecTdVvjYcrE/getUpdates "HTTP/1.1 200 OK"
2025-04-27 20:41:26,540 - httpx - INFO - HTTP Request: POST https://api.telegram.org/bot8084223356:AAH0f9ib-iOJlt4xZWPH3r8GecTdVvjYcrE/getUpdates "HTTP/1.1 200 OK"
2025-04-27 20:41:36,633 - httpx - INFO - HTTP Request: POST https://api.telegram.org/bot8084223356:AAH0f9ib-iOJlt4xZWPH3r8GecTdVvjYcrE/getUpdates "HTTP/1.1 200 OK"
2025-04-27 20:41:46,671 - httpx - INFO - HTTP Request: POST https://api.telegram.org/bot8084223356:AAH0f9ib-iOJlt4xZWPH3r8GecTdVvjYcrE/getUpdates "HTTP/1.1 200 OK"
2025-04-27 20:41:56,711 - httpx - INFO - HTTP Request: POST https://api.telegram.org/bot8084223356:AAH0f9ib-iOJlt4xZWPH3r8GecTdVvjYcrE/getUpdates "HTTP/1.1 200 OK"
2025-04-27 20:42:06,749 - httpx - INFO - HTTP Request: POST https://api.telegram.org/bot8084223356:AAH0f9ib-iOJlt4xZWPH3r8GecTdVvjYcrE/getUpdates "HTTP/1.1 200 OK"
2025-04-27 20:42:16,787 - httpx - INFO - HTTP Request: POST https://api.telegram.org/bot8084223356:AAH0f9ib-iOJlt4xZWPH3r8GecTdVvjYcrE/getUpdates "HTTP/1.1 200 OK"
2025-04-27 20:42:26,823 - httpx - INFO - HTTP Request: POST https://api.telegram.org/bot8084223356:AAH0f9ib-iOJlt4xZWPH3r8GecTdVvjYcrE/getUpdates "HTTP/1.1 200 OK"
2025-04-27 20:42:36,860 - httpx - INFO - HTTP Request: POST https://api.telegram.org/bot8084223356:AAH0f9ib-iOJlt4xZWPH3r8GecTdVvjYcrE/getUpdates "HTTP/1.1 200 OK"
2025-04-27 20:42:46,902 - httpx - INFO - HTTP Request: POST https://api.telegram.org/bot8084223356:AAH0f9ib-iOJlt4xZWPH3r8GecTdVvjYcrE/getUpdates "HTTP/1.1 200 OK"
2025-04-27 20:42:56,940 - httpx - INFO - HTTP Request: POST https://api.telegram.org/bot8084223356:AAH0f9ib-iOJlt4xZWPH3r8GecTdVvjYcrE/getUpdates "HTTP/1.1 200 OK"
2025-04-27 20:43:06,977 - httpx - INFO - HTTP Request: POST https://api.telegram.org/bot8084223356:AAH0f9ib-iOJlt4xZWPH3r8GecTdVvjYcrE/getUpdates "HTTP/1.1 200 OK"
2025-04-27 20:43:17,014 - httpx - INFO - HTTP Request: POST https://api.telegram.org/bot8084223356:AAH0f9ib-iOJlt4xZWPH3r8GecTdVvjYcrE/getUpdates "HTTP/1.1 200 OK"
2025-04-27 20:43:27,064 - httpx - INFO - HTTP Request: POST https://api.telegram.org/bot8084223356:AAH0f9ib-iOJlt4xZWPH3r8GecTdVvjYcrE/getUpdates "HTTP/1.1 200 OK"
2025-04-27 20:43:37,103 - httpx - INFO - HTTP Request: POST https://api.telegram.org/bot8084223356:AAH0f9ib-iOJlt4xZWPH3r8GecTdVvjYcrE/getUpdates "HTTP/1.1 200 OK"
2025-04-27 20:43:47,139 - httpx - INFO - HTTP Request: POST https://api.telegram.org/bot8084223356:AAH0f9ib-iOJlt4xZWPH3r8GecTdVvjYcrE/getUpdates "HTTP/1.1 200 OK"
2025-04-27 20:43:57,177 - httpx - INFO - HTTP Request: POST https://api.telegram.org/bot8084223356:AAH0f9ib-iOJlt4xZWPH3r8GecTdVvjYcrE/getUpdates "HTTP/1.1 200 OK"
2025-04-27 20:44:07,215 - httpx - INFO - HTTP Request: POST https://api.telegram.org/bot8084223356:AAH0f9ib-iOJlt4xZWPH3r8GecTdVvjYcrE/getUpdates "HTTP/1.1 200 OK"
2025-04-27 20:44:17,254 - httpx - INFO - HTTP Request: POST https://api.telegram.org/bot8084223356:AAH0f9ib-iOJlt4xZWPH3r8GecTdVvjYcrE/getUpdates "HTTP/1.1 200 OK"
2025-04-27 20:44:27,292 - httpx - INFO - HTTP Request: POST https://api.telegram.org/bot8084223356:AAH0f9ib-iOJlt4xZWPH3r8GecTdVvjYcrE/getUpdates "HTTP/1.1 200 OK"
2025-04-27 20:44:37,443 - httpx - INFO - HTTP Request: POST https://api.telegram.org/bot8084223356:AAH0f9ib-iOJlt4xZWPH3r8GecTdVvjYcrE/getUpdates "HTTP/1.1 200 OK"
2025-04-27 20:44:47,477 - httpx - INFO - HTTP Request: POST https://api.telegram.org/bot8084223356:AAH0f9ib-iOJlt4xZWPH3r8GecTdVvjYcrE/getUpdates "HTTP/1.1 200 OK"
2025-04-27 20:44:57,515 - httpx - INFO - HTTP Request: POST https://api.telegram.org/bot8084223356:AAH0f9ib-iOJlt4xZWPH3r8GecTdVvjYcrE/getUpdates "HTTP/1.1 200 OK"
2025-04-27 20:45:07,555 - httpx - INFO - HTTP Request: POST https://api.telegram.org/bot8084223356:AAH0f9ib-iOJlt4xZWPH3r8GecTdVvjYcrE/getUpdates "HTTP/1.1 200 OK"
2025-04-27 20:45:17,591 - httpx - INFO - HTTP Request: POST https://api.telegram.org/bot8084223356:AAH0f9ib-iOJlt4xZWPH3r8GecTdVvjYcrE/getUpdates "HTTP/1.1 200 OK"
2025-04-27 20:45:27,627 - httpx - INFO - HTTP Request: POST https://api.telegram.org/bot8084223356:AAH0f9ib-iOJlt4xZWPH3r8GecTdVvjYcrE/getUpdates "HTTP/1.1 200 OK"
2025-04-27 20:45:37,665 - httpx - INFO - HTTP Request: POST https://api.telegram.org/bot8084223356:AAH0f9ib-iOJlt4xZWPH3r8GecTdVvjYcrE/getUpdates "HTTP/1.1 200 OK"
2025-04-27 20:45:47,711 - httpx - INFO - HTTP Request: POST https://api.telegram.org/bot8084223356:AAH0f9ib-iOJlt4xZWPH3r8GecTdVvjYcrE/getUpdates "HTTP/1.1 200 OK"
2025-04-27 20:45:51,879 - httpx - INFO - HTTP Request: POST https://api.telegram.org/bot8084223356:AAH0f9ib-iOJlt4xZWPH3r8GecTdVvjYcrE/getUpdates "HTTP/1.1 200 OK"
2025-04-27 20:45:52,003 - httpx - INFO - HTTP Request: POST https://api.telegram.org/bot8084223356:AAH0f9ib-iOJlt4xZWPH3r8GecTdVvjYcrE/sendMessage "HTTP/1.1 400 Bad Request"
2025-04-27 20:45:52,004 - telegram.ext.Application - ERROR - No error handlers are registered, logging exception.
Traceback (most recent call last):
  File "C:\Users\PC\AppData\Local\Programs\Python\Python313\Lib\site-packages\telegram\ext\_application.py", line 1298, in process_update
    await coroutine
  File "C:\Users\PC\AppData\Local\Programs\Python\Python313\Lib\site-packages\telegram\ext\_handlers\basehandler.py", line 158, in handle_update
    return await self.callback(update, context)
           ^^^^^^^^^^^^^^^^^^^^^^^^^^^^^^^^^^^^
  File "C:\mi-bot-horoscopo\bot.py", line 80, in start
  File "C:\Users\PC\AppData\Local\Programs\Python\Python313\Lib\site-packages\telegram\_message.py", line 1775, in reply_text
    return await self.get_bot().send_message(
           ^^^^^^^^^^^^^^^^^^^^^^^^^^^^^^^^^^
    ...<20 lines>...
    )
    ^
  File "C:\Users\PC\AppData\Local\Programs\Python\Python313\Lib\site-packages\telegram\ext\_extbot.py", line 2977, in send_message
    return await super().send_message(
           ^^^^^^^^^^^^^^^^^^^^^^^^^^^
    ...<21 lines>...
    )
    ^
  File "C:\Users\PC\AppData\Local\Programs\Python\Python313\Lib\site-packages\telegram\_bot.py", line 1091, in send_message
    return await self._send_message(
           ^^^^^^^^^^^^^^^^^^^^^^^^^
    ...<19 lines>...
    )
    ^
  File "C:\Users\PC\AppData\Local\Programs\Python\Python313\Lib\site-packages\telegram\ext\_extbot.py", line 618, in _send_message
    result = await super()._send_message(
             ^^^^^^^^^^^^^^^^^^^^^^^^^^^^
    ...<21 lines>...
    )
    ^
  File "C:\Users\PC\AppData\Local\Programs\Python\Python313\Lib\site-packages\telegram\_bot.py", line 803, in _send_message
    result = await self._post(
             ^^^^^^^^^^^^^^^^^
    ...<7 lines>...
    )
    ^
  File "C:\Users\PC\AppData\Local\Programs\Python\Python313\Lib\site-packages\telegram\_bot.py", line 691, in _post
    return await self._do_post(
           ^^^^^^^^^^^^^^^^^^^^
    ...<6 lines>...
    )
    ^
  File "C:\Users\PC\AppData\Local\Programs\Python\Python313\Lib\site-packages\telegram\ext\_extbot.py", line 362, in _do_post
    return await super()._do_post(
           ^^^^^^^^^^^^^^^^^^^^^^^
    ...<6 lines>...
    )
    ^
  File "C:\Users\PC\AppData\Local\Programs\Python\Python313\Lib\site-packages\telegram\_bot.py", line 720, in _do_post
    result = await request.post(
             ^^^^^^^^^^^^^^^^^^^
    ...<6 lines>...
    )
    ^
  File "C:\Users\PC\AppData\Local\Programs\Python\Python313\Lib\site-packages\telegram\request\_baserequest.py", line 197, in post
    result = await self._request_wrapper(
             ^^^^^^^^^^^^^^^^^^^^^^^^^^^^
    ...<7 lines>...
    )
    ^
  File "C:\Users\PC\AppData\Local\Programs\Python\Python313\Lib\site-packages\telegram\request\_baserequest.py", line 353, in _request_wrapper
    raise BadRequest(message)
telegram.error.BadRequest: Can't parse entities: character '!' is reserved and must be escaped with the preceding '\'
2025-04-27 20:46:01,914 - httpx - INFO - HTTP Request: POST https://api.telegram.org/bot8084223356:AAH0f9ib-iOJlt4xZWPH3r8GecTdVvjYcrE/getUpdates "HTTP/1.1 200 OK"
2025-04-27 20:46:11,949 - httpx - INFO - HTTP Request: POST https://api.telegram.org/bot8084223356:AAH0f9ib-iOJlt4xZWPH3r8GecTdVvjYcrE/getUpdates "HTTP/1.1 200 OK"
2025-04-27 20:46:21,993 - httpx - INFO - HTTP Request: POST https://api.telegram.org/bot8084223356:AAH0f9ib-iOJlt4xZWPH3r8GecTdVvjYcrE/getUpdates "HTTP/1.1 200 OK"
2025-04-27 20:46:32,029 - httpx - INFO - HTTP Request: POST https://api.telegram.org/bot8084223356:AAH0f9ib-iOJlt4xZWPH3r8GecTdVvjYcrE/getUpdates "HTTP/1.1 200 OK"
2025-04-27 20:46:42,066 - httpx - INFO - HTTP Request: POST https://api.telegram.org/bot8084223356:AAH0f9ib-iOJlt4xZWPH3r8GecTdVvjYcrE/getUpdates "HTTP/1.1 200 OK"
2025-04-27 20:46:52,104 - httpx - INFO - HTTP Request: POST https://api.telegram.org/bot8084223356:AAH0f9ib-iOJlt4xZWPH3r8GecTdVvjYcrE/getUpdates "HTTP/1.1 200 OK"
2025-04-27 20:47:02,140 - httpx - INFO - HTTP Request: POST https://api.telegram.org/bot8084223356:AAH0f9ib-iOJlt4xZWPH3r8GecTdVvjYcrE/getUpdates "HTTP/1.1 200 OK"
2025-04-27 20:47:12,179 - httpx - INFO - HTTP Request: POST https://api.telegram.org/bot8084223356:AAH0f9ib-iOJlt4xZWPH3r8GecTdVvjYcrE/getUpdates "HTTP/1.1 200 OK"
2025-04-27 20:47:22,219 - httpx - INFO - HTTP Request: POST https://api.telegram.org/bot8084223356:AAH0f9ib-iOJlt4xZWPH3r8GecTdVvjYcrE/getUpdates "HTTP/1.1 200 OK"
2025-04-27 20:47:32,272 - httpx - INFO - HTTP Request: POST https://api.telegram.org/bot8084223356:AAH0f9ib-iOJlt4xZWPH3r8GecTdVvjYcrE/getUpdates "HTTP/1.1 200 OK"
2025-04-27 20:47:42,307 - httpx - INFO - HTTP Request: POST https://api.telegram.org/bot8084223356:AAH0f9ib-iOJlt4xZWPH3r8GecTdVvjYcrE/getUpdates "HTTP/1.1 200 OK"
2025-04-27 20:47:52,342 - httpx - INFO - HTTP Request: POST https://api.telegram.org/bot8084223356:AAH0f9ib-iOJlt4xZWPH3r8GecTdVvjYcrE/getUpdates "HTTP/1.1 200 OK"
2025-04-27 20:48:02,380 - httpx - INFO - HTTP Request: POST https://api.telegram.org/bot8084223356:AAH0f9ib-iOJlt4xZWPH3r8GecTdVvjYcrE/getUpdates "HTTP/1.1 200 OK"
2025-04-27 20:48:12,416 - httpx - INFO - HTTP Request: POST https://api.telegram.org/bot8084223356:AAH0f9ib-iOJlt4xZWPH3r8GecTdVvjYcrE/getUpdates "HTTP/1.1 200 OK"
2025-04-27 20:48:22,452 - httpx - INFO - HTTP Request: POST https://api.telegram.org/bot8084223356:AAH0f9ib-iOJlt4xZWPH3r8GecTdVvjYcrE/getUpdates "HTTP/1.1 200 OK"
2025-04-27 20:48:32,487 - httpx - INFO - HTTP Request: POST https://api.telegram.org/bot8084223356:AAH0f9ib-iOJlt4xZWPH3r8GecTdVvjYcrE/getUpdates "HTTP/1.1 200 OK"
2025-04-27 20:48:42,524 - httpx - INFO - HTTP Request: POST https://api.telegram.org/bot8084223356:AAH0f9ib-iOJlt4xZWPH3r8GecTdVvjYcrE/getUpdates "HTTP/1.1 200 OK"
2025-04-27 20:48:52,727 - httpx - INFO - HTTP Request: POST https://api.telegram.org/bot8084223356:AAH0f9ib-iOJlt4xZWPH3r8GecTdVvjYcrE/getUpdates "HTTP/1.1 200 OK"
2025-04-27 20:49:02,763 - httpx - INFO - HTTP Request: POST https://api.telegram.org/bot8084223356:AAH0f9ib-iOJlt4xZWPH3r8GecTdVvjYcrE/getUpdates "HTTP/1.1 200 OK"
2025-04-27 20:49:12,804 - httpx - INFO - HTTP Request: POST https://api.telegram.org/bot8084223356:AAH0f9ib-iOJlt4xZWPH3r8GecTdVvjYcrE/getUpdates "HTTP/1.1 200 OK"
2025-04-27 20:49:22,844 - httpx - INFO - HTTP Request: POST https://api.telegram.org/bot8084223356:AAH0f9ib-iOJlt4xZWPH3r8GecTdVvjYcrE/getUpdates "HTTP/1.1 200 OK"
2025-04-27 20:49:26,256 - httpx - INFO - HTTP Request: POST https://api.telegram.org/bot8084223356:AAH0f9ib-iOJlt4xZWPH3r8GecTdVvjYcrE/getUpdates "HTTP/1.1 200 OK"
2025-04-27 20:49:26,401 - httpx - INFO - HTTP Request: POST https://api.telegram.org/bot8084223356:AAH0f9ib-iOJlt4xZWPH3r8GecTdVvjYcrE/sendMessage "HTTP/1.1 400 Bad Request"
2025-04-27 20:49:26,402 - telegram.ext.Application - ERROR - No error handlers are registered, logging exception.
Traceback (most recent call last):
  File "C:\Users\PC\AppData\Local\Programs\Python\Python313\Lib\site-packages\telegram\ext\_application.py", line 1298, in process_update
    await coroutine
  File "C:\Users\PC\AppData\Local\Programs\Python\Python313\Lib\site-packages\telegram\ext\_handlers\basehandler.py", line 158, in handle_update
    return await self.callback(update, context)
           ^^^^^^^^^^^^^^^^^^^^^^^^^^^^^^^^^^^^
  File "C:\mi-bot-horoscopo\bot.py", line 80, in start
  File "C:\Users\PC\AppData\Local\Programs\Python\Python313\Lib\site-packages\telegram\_message.py", line 1775, in reply_text
    return await self.get_bot().send_message(
           ^^^^^^^^^^^^^^^^^^^^^^^^^^^^^^^^^^
    ...<20 lines>...
    )
    ^
  File "C:\Users\PC\AppData\Local\Programs\Python\Python313\Lib\site-packages\telegram\ext\_extbot.py", line 2977, in send_message
    return await super().send_message(
           ^^^^^^^^^^^^^^^^^^^^^^^^^^^
    ...<21 lines>...
    )
    ^
  File "C:\Users\PC\AppData\Local\Programs\Python\Python313\Lib\site-packages\telegram\_bot.py", line 1091, in send_message
    return await self._send_message(
           ^^^^^^^^^^^^^^^^^^^^^^^^^
    ...<19 lines>...
    )
    ^
  File "C:\Users\PC\AppData\Local\Programs\Python\Python313\Lib\site-packages\telegram\ext\_extbot.py", line 618, in _send_message
    result = await super()._send_message(
             ^^^^^^^^^^^^^^^^^^^^^^^^^^^^
    ...<21 lines>...
    )
    ^
  File "C:\Users\PC\AppData\Local\Programs\Python\Python313\Lib\site-packages\telegram\_bot.py", line 803, in _send_message
    result = await self._post(
             ^^^^^^^^^^^^^^^^^
    ...<7 lines>...
    )
    ^
  File "C:\Users\PC\AppData\Local\Programs\Python\Python313\Lib\site-packages\telegram\_bot.py", line 691, in _post
    return await self._do_post(
           ^^^^^^^^^^^^^^^^^^^^
    ...<6 lines>...
    )
    ^
  File "C:\Users\PC\AppData\Local\Programs\Python\Python313\Lib\site-packages\telegram\ext\_extbot.py", line 362, in _do_post
    return await super()._do_post(
           ^^^^^^^^^^^^^^^^^^^^^^^
    ...<6 lines>...
    )
    ^
  File "C:\Users\PC\AppData\Local\Programs\Python\Python313\Lib\site-packages\telegram\_bot.py", line 720, in _do_post
    result = await request.post(
             ^^^^^^^^^^^^^^^^^^^
    ...<6 lines>...
    )
    ^
  File "C:\Users\PC\AppData\Local\Programs\Python\Python313\Lib\site-packages\telegram\request\_baserequest.py", line 197, in post
    result = await self._request_wrapper(
             ^^^^^^^^^^^^^^^^^^^^^^^^^^^^
    ...<7 lines>...
    )
    ^
  File "C:\Users\PC\AppData\Local\Programs\Python\Python313\Lib\site-packages\telegram\request\_baserequest.py", line 353, in _request_wrapper
    raise BadRequest(message)
telegram.error.BadRequest: Can't parse entities: character '!' is reserved and must be escaped with the preceding '\'
2025-04-27 20:49:36,313 - httpx - INFO - HTTP Request: POST https://api.telegram.org/bot8084223356:AAH0f9ib-iOJlt4xZWPH3r8GecTdVvjYcrE/getUpdates "HTTP/1.1 200 OK"
2025-04-27 20:49:46,349 - httpx - INFO - HTTP Request: POST https://api.telegram.org/bot8084223356:AAH0f9ib-iOJlt4xZWPH3r8GecTdVvjYcrE/getUpdates "HTTP/1.1 200 OK"
2025-04-27 20:49:56,385 - httpx - INFO - HTTP Request: POST https://api.telegram.org/bot8084223356:AAH0f9ib-iOJlt4xZWPH3r8GecTdVvjYcrE/getUpdates "HTTP/1.1 200 OK"
2025-04-27 20:50:06,431 - httpx - INFO - HTTP Request: POST https://api.telegram.org/bot8084223356:AAH0f9ib-iOJlt4xZWPH3r8GecTdVvjYcrE/getUpdates "HTTP/1.1 200 OK"
2025-04-27 20:50:16,470 - httpx - INFO - HTTP Request: POST https://api.telegram.org/bot8084223356:AAH0f9ib-iOJlt4xZWPH3r8GecTdVvjYcrE/getUpdates "HTTP/1.1 200 OK"
2025-04-27 20:50:26,509 - httpx - INFO - HTTP Request: POST https://api.telegram.org/bot8084223356:AAH0f9ib-iOJlt4xZWPH3r8GecTdVvjYcrE/getUpdates "HTTP/1.1 200 OK"
2025-04-27 20:50:36,547 - httpx - INFO - HTTP Request: POST https://api.telegram.org/bot8084223356:AAH0f9ib-iOJlt4xZWPH3r8GecTdVvjYcrE/getUpdates "HTTP/1.1 200 OK"
2025-04-27 20:50:46,684 - httpx - INFO - HTTP Request: POST https://api.telegram.org/bot8084223356:AAH0f9ib-iOJlt4xZWPH3r8GecTdVvjYcrE/getUpdates "HTTP/1.1 200 OK"
2025-04-27 20:50:56,727 - httpx - INFO - HTTP Request: POST https://api.telegram.org/bot8084223356:AAH0f9ib-iOJlt4xZWPH3r8GecTdVvjYcrE/getUpdates "HTTP/1.1 200 OK"
2025-04-27 20:51:06,771 - httpx - INFO - HTTP Request: POST https://api.telegram.org/bot8084223356:AAH0f9ib-iOJlt4xZWPH3r8GecTdVvjYcrE/getUpdates "HTTP/1.1 200 OK"
2025-04-27 20:51:16,812 - httpx - INFO - HTTP Request: POST https://api.telegram.org/bot8084223356:AAH0f9ib-iOJlt4xZWPH3r8GecTdVvjYcrE/getUpdates "HTTP/1.1 200 OK"
2025-04-27 20:51:26,852 - httpx - INFO - HTTP Request: POST https://api.telegram.org/bot8084223356:AAH0f9ib-iOJlt4xZWPH3r8GecTdVvjYcrE/getUpdates "HTTP/1.1 200 OK"
2025-04-27 20:51:36,892 - httpx - INFO - HTTP Request: POST https://api.telegram.org/bot8084223356:AAH0f9ib-iOJlt4xZWPH3r8GecTdVvjYcrE/getUpdates "HTTP/1.1 200 OK"
2025-04-27 20:51:46,936 - httpx - INFO - HTTP Request: POST https://api.telegram.org/bot8084223356:AAH0f9ib-iOJlt4xZWPH3r8GecTdVvjYcrE/getUpdates "HTTP/1.1 200 OK"
2025-04-27 20:51:56,981 - httpx - INFO - HTTP Request: POST https://api.telegram.org/bot8084223356:AAH0f9ib-iOJlt4xZWPH3r8GecTdVvjYcrE/getUpdates "HTTP/1.1 200 OK"
2025-04-27 20:52:07,021 - httpx - INFO - HTTP Request: POST https://api.telegram.org/bot8084223356:AAH0f9ib-iOJlt4xZWPH3r8GecTdVvjYcrE/getUpdates "HTTP/1.1 200 OK"
2025-04-27 20:52:17,060 - httpx - INFO - HTTP Request: POST https://api.telegram.org/bot8084223356:AAH0f9ib-iOJlt4xZWPH3r8GecTdVvjYcrE/getUpdates "HTTP/1.1 200 OK"
2025-04-27 20:52:27,104 - httpx - INFO - HTTP Request: POST https://api.telegram.org/bot8084223356:AAH0f9ib-iOJlt4xZWPH3r8GecTdVvjYcrE/getUpdates "HTTP/1.1 200 OK"
2025-04-27 20:52:37,162 - httpx - INFO - HTTP Request: POST https://api.telegram.org/bot8084223356:AAH0f9ib-iOJlt4xZWPH3r8GecTdVvjYcrE/getUpdates "HTTP/1.1 200 OK"
2025-04-27 21:24:31,929 - httpx - INFO - HTTP Request: POST https://api.telegram.org/bot8084223356:AAH0f9ib-iOJlt4xZWPH3r8GecTdVvjYcrE/getMe "HTTP/1.1 200 OK"
2025-04-27 21:24:31,986 - httpx - INFO - HTTP Request: POST https://api.telegram.org/bot8084223356:AAH0f9ib-iOJlt4xZWPH3r8GecTdVvjYcrE/deleteWebhook "HTTP/1.1 200 OK"
2025-04-27 21:24:31,989 - telegram.ext.Application - INFO - Application started
2025-04-27 21:24:42,115 - httpx - INFO - HTTP Request: POST https://api.telegram.org/bot8084223356:AAH0f9ib-iOJlt4xZWPH3r8GecTdVvjYcrE/getUpdates "HTTP/1.1 200 OK"
2025-04-27 21:24:52,158 - httpx - INFO - HTTP Request: POST https://api.telegram.org/bot8084223356:AAH0f9ib-iOJlt4xZWPH3r8GecTdVvjYcrE/getUpdates "HTTP/1.1 200 OK"
2025-04-27 21:24:57,438 - httpx - INFO - HTTP Request: POST https://api.telegram.org/bot8084223356:AAH0f9ib-iOJlt4xZWPH3r8GecTdVvjYcrE/getUpdates "HTTP/1.1 200 OK"
2025-04-27 21:24:59,450 - httpx - INFO - HTTP Request: POST https://api.telegram.org/bot8084223356:AAH0f9ib-iOJlt4xZWPH3r8GecTdVvjYcrE/sendMessage "HTTP/1.1 400 Bad Request"
2025-04-27 21:24:59,450 - __main__ - ERROR - Error: Can't parse entities: character '!' is reserved and must be escaped with the preceding '\'
2025-04-27 21:25:07,560 - httpx - INFO - HTTP Request: POST https://api.telegram.org/bot8084223356:AAH0f9ib-iOJlt4xZWPH3r8GecTdVvjYcrE/getUpdates "HTTP/1.1 200 OK"
2025-04-27 21:25:17,624 - httpx - INFO - HTTP Request: POST https://api.telegram.org/bot8084223356:AAH0f9ib-iOJlt4xZWPH3r8GecTdVvjYcrE/getUpdates "HTTP/1.1 200 OK"
2025-04-27 21:25:27,689 - httpx - INFO - HTTP Request: POST https://api.telegram.org/bot8084223356:AAH0f9ib-iOJlt4xZWPH3r8GecTdVvjYcrE/getUpdates "HTTP/1.1 200 OK"
2025-04-27 21:25:34,799 - httpx - INFO - HTTP Request: POST https://api.telegram.org/bot8084223356:AAH0f9ib-iOJlt4xZWPH3r8GecTdVvjYcrE/getUpdates "HTTP/1.1 200 OK"
2025-04-27 21:25:44,844 - httpx - INFO - HTTP Request: POST https://api.telegram.org/bot8084223356:AAH0f9ib-iOJlt4xZWPH3r8GecTdVvjYcrE/getUpdates "HTTP/1.1 200 OK"
2025-04-27 21:25:54,884 - httpx - INFO - HTTP Request: POST https://api.telegram.org/bot8084223356:AAH0f9ib-iOJlt4xZWPH3r8GecTdVvjYcrE/getUpdates "HTTP/1.1 200 OK"
2025-04-27 21:26:04,937 - httpx - INFO - HTTP Request: POST https://api.telegram.org/bot8084223356:AAH0f9ib-iOJlt4xZWPH3r8GecTdVvjYcrE/getUpdates "HTTP/1.1 200 OK"
2025-04-27 21:26:14,977 - httpx - INFO - HTTP Request: POST https://api.telegram.org/bot8084223356:AAH0f9ib-iOJlt4xZWPH3r8GecTdVvjYcrE/getUpdates "HTTP/1.1 200 OK"
2025-04-27 21:26:25,021 - httpx - INFO - HTTP Request: POST https://api.telegram.org/bot8084223356:AAH0f9ib-iOJlt4xZWPH3r8GecTdVvjYcrE/getUpdates "HTTP/1.1 200 OK"
2025-04-27 21:26:35,061 - httpx - INFO - HTTP Request: POST https://api.telegram.org/bot8084223356:AAH0f9ib-iOJlt4xZWPH3r8GecTdVvjYcrE/getUpdates "HTTP/1.1 200 OK"
2025-04-27 21:26:45,099 - httpx - INFO - HTTP Request: POST https://api.telegram.org/bot8084223356:AAH0f9ib-iOJlt4xZWPH3r8GecTdVvjYcrE/getUpdates "HTTP/1.1 200 OK"
2025-04-27 21:26:55,147 - httpx - INFO - HTTP Request: POST https://api.telegram.org/bot8084223356:AAH0f9ib-iOJlt4xZWPH3r8GecTdVvjYcrE/getUpdates "HTTP/1.1 200 OK"
2025-04-27 21:27:05,186 - httpx - INFO - HTTP Request: POST https://api.telegram.org/bot8084223356:AAH0f9ib-iOJlt4xZWPH3r8GecTdVvjYcrE/getUpdates "HTTP/1.1 200 OK"
2025-04-27 21:27:15,534 - httpx - INFO - HTTP Request: POST https://api.telegram.org/bot8084223356:AAH0f9ib-iOJlt4xZWPH3r8GecTdVvjYcrE/getUpdates "HTTP/1.1 200 OK"
2025-04-27 21:27:25,576 - httpx - INFO - HTTP Request: POST https://api.telegram.org/bot8084223356:AAH0f9ib-iOJlt4xZWPH3r8GecTdVvjYcrE/getUpdates "HTTP/1.1 200 OK"
2025-04-27 21:27:35,616 - httpx - INFO - HTTP Request: POST https://api.telegram.org/bot8084223356:AAH0f9ib-iOJlt4xZWPH3r8GecTdVvjYcrE/getUpdates "HTTP/1.1 200 OK"
2025-04-27 21:27:45,943 - httpx - INFO - HTTP Request: POST https://api.telegram.org/bot8084223356:AAH0f9ib-iOJlt4xZWPH3r8GecTdVvjYcrE/getUpdates "HTTP/1.1 200 OK"
2025-04-27 21:27:56,018 - httpx - INFO - HTTP Request: POST https://api.telegram.org/bot8084223356:AAH0f9ib-iOJlt4xZWPH3r8GecTdVvjYcrE/getUpdates "HTTP/1.1 200 OK"
2025-04-27 21:28:06,061 - httpx - INFO - HTTP Request: POST https://api.telegram.org/bot8084223356:AAH0f9ib-iOJlt4xZWPH3r8GecTdVvjYcrE/getUpdates "HTTP/1.1 200 OK"
2025-04-27 21:28:16,103 - httpx - INFO - HTTP Request: POST https://api.telegram.org/bot8084223356:AAH0f9ib-iOJlt4xZWPH3r8GecTdVvjYcrE/getUpdates "HTTP/1.1 200 OK"
2025-04-27 21:28:26,147 - httpx - INFO - HTTP Request: POST https://api.telegram.org/bot8084223356:AAH0f9ib-iOJlt4xZWPH3r8GecTdVvjYcrE/getUpdates "HTTP/1.1 200 OK"
2025-04-27 21:28:36,198 - httpx - INFO - HTTP Request: POST https://api.telegram.org/bot8084223356:AAH0f9ib-iOJlt4xZWPH3r8GecTdVvjYcrE/getUpdates "HTTP/1.1 200 OK"
2025-04-27 21:28:46,241 - httpx - INFO - HTTP Request: POST https://api.telegram.org/bot8084223356:AAH0f9ib-iOJlt4xZWPH3r8GecTdVvjYcrE/getUpdates "HTTP/1.1 200 OK"
2025-04-27 21:28:56,283 - httpx - INFO - HTTP Request: POST https://api.telegram.org/bot8084223356:AAH0f9ib-iOJlt4xZWPH3r8GecTdVvjYcrE/getUpdates "HTTP/1.1 200 OK"
2025-04-27 21:29:06,321 - httpx - INFO - HTTP Request: POST https://api.telegram.org/bot8084223356:AAH0f9ib-iOJlt4xZWPH3r8GecTdVvjYcrE/getUpdates "HTTP/1.1 200 OK"
2025-04-27 21:29:16,398 - httpx - INFO - HTTP Request: POST https://api.telegram.org/bot8084223356:AAH0f9ib-iOJlt4xZWPH3r8GecTdVvjYcrE/getUpdates "HTTP/1.1 200 OK"
2025-04-27 21:29:26,437 - httpx - INFO - HTTP Request: POST https://api.telegram.org/bot8084223356:AAH0f9ib-iOJlt4xZWPH3r8GecTdVvjYcrE/getUpdates "HTTP/1.1 200 OK"
2025-04-27 21:29:36,533 - httpx - INFO - HTTP Request: POST https://api.telegram.org/bot8084223356:AAH0f9ib-iOJlt4xZWPH3r8GecTdVvjYcrE/getUpdates "HTTP/1.1 200 OK"
2025-04-27 21:29:46,572 - httpx - INFO - HTTP Request: POST https://api.telegram.org/bot8084223356:AAH0f9ib-iOJlt4xZWPH3r8GecTdVvjYcrE/getUpdates "HTTP/1.1 200 OK"
2025-04-27 21:29:56,610 - httpx - INFO - HTTP Request: POST https://api.telegram.org/bot8084223356:AAH0f9ib-iOJlt4xZWPH3r8GecTdVvjYcrE/getUpdates "HTTP/1.1 200 OK"
2025-04-27 21:30:06,648 - httpx - INFO - HTTP Request: POST https://api.telegram.org/bot8084223356:AAH0f9ib-iOJlt4xZWPH3r8GecTdVvjYcrE/getUpdates "HTTP/1.1 200 OK"
2025-04-27 21:30:16,687 - httpx - INFO - HTTP Request: POST https://api.telegram.org/bot8084223356:AAH0f9ib-iOJlt4xZWPH3r8GecTdVvjYcrE/getUpdates "HTTP/1.1 200 OK"
2025-04-27 21:30:26,726 - httpx - INFO - HTTP Request: POST https://api.telegram.org/bot8084223356:AAH0f9ib-iOJlt4xZWPH3r8GecTdVvjYcrE/getUpdates "HTTP/1.1 200 OK"
2025-04-27 21:32:49,133 - httpx - INFO - HTTP Request: POST https://api.telegram.org/bot8084223356:AAH0f9ib-iOJlt4xZWPH3r8GecTdVvjYcrE/getMe "HTTP/1.1 200 OK"
2025-04-27 21:32:49,176 - httpx - INFO - HTTP Request: POST https://api.telegram.org/bot8084223356:AAH0f9ib-iOJlt4xZWPH3r8GecTdVvjYcrE/deleteWebhook "HTTP/1.1 200 OK"
2025-04-27 21:32:49,177 - telegram.ext.Application - INFO - Application started
2025-04-27 21:32:59,324 - httpx - INFO - HTTP Request: POST https://api.telegram.org/bot8084223356:AAH0f9ib-iOJlt4xZWPH3r8GecTdVvjYcrE/getUpdates "HTTP/1.1 200 OK"
2025-04-27 21:33:09,167 - httpx - INFO - HTTP Request: POST https://api.telegram.org/bot8084223356:AAH0f9ib-iOJlt4xZWPH3r8GecTdVvjYcrE/getUpdates "HTTP/1.1 200 OK"
2025-04-27 21:33:09,384 - httpx - INFO - HTTP Request: POST https://api.telegram.org/bot8084223356:AAH0f9ib-iOJlt4xZWPH3r8GecTdVvjYcrE/sendMessage "HTTP/1.1 400 Bad Request"
2025-04-27 21:33:09,385 - __main__ - ERROR - Error: Can't parse entities: character '.' is reserved and must be escaped with the preceding '\'
2025-04-27 21:33:19,290 - httpx - INFO - HTTP Request: POST https://api.telegram.org/bot8084223356:AAH0f9ib-iOJlt4xZWPH3r8GecTdVvjYcrE/getUpdates "HTTP/1.1 200 OK"
2025-04-27 21:33:29,338 - httpx - INFO - HTTP Request: POST https://api.telegram.org/bot8084223356:AAH0f9ib-iOJlt4xZWPH3r8GecTdVvjYcrE/getUpdates "HTTP/1.1 200 OK"
2025-04-27 21:33:39,382 - httpx - INFO - HTTP Request: POST https://api.telegram.org/bot8084223356:AAH0f9ib-iOJlt4xZWPH3r8GecTdVvjYcrE/getUpdates "HTTP/1.1 200 OK"
2025-04-27 21:33:49,428 - httpx - INFO - HTTP Request: POST https://api.telegram.org/bot8084223356:AAH0f9ib-iOJlt4xZWPH3r8GecTdVvjYcrE/getUpdates "HTTP/1.1 200 OK"
2025-04-27 21:33:59,475 - httpx - INFO - HTTP Request: POST https://api.telegram.org/bot8084223356:AAH0f9ib-iOJlt4xZWPH3r8GecTdVvjYcrE/getUpdates "HTTP/1.1 200 OK"
2025-04-27 21:34:09,520 - httpx - INFO - HTTP Request: POST https://api.telegram.org/bot8084223356:AAH0f9ib-iOJlt4xZWPH3r8GecTdVvjYcrE/getUpdates "HTTP/1.1 200 OK"
2025-04-27 21:34:19,564 - httpx - INFO - HTTP Request: POST https://api.telegram.org/bot8084223356:AAH0f9ib-iOJlt4xZWPH3r8GecTdVvjYcrE/getUpdates "HTTP/1.1 200 OK"
2025-04-27 21:34:29,609 - httpx - INFO - HTTP Request: POST https://api.telegram.org/bot8084223356:AAH0f9ib-iOJlt4xZWPH3r8GecTdVvjYcrE/getUpdates "HTTP/1.1 200 OK"
2025-04-27 21:34:39,652 - httpx - INFO - HTTP Request: POST https://api.telegram.org/bot8084223356:AAH0f9ib-iOJlt4xZWPH3r8GecTdVvjYcrE/getUpdates "HTTP/1.1 200 OK"
2025-04-27 21:34:49,697 - httpx - INFO - HTTP Request: POST https://api.telegram.org/bot8084223356:AAH0f9ib-iOJlt4xZWPH3r8GecTdVvjYcrE/getUpdates "HTTP/1.1 200 OK"
2025-04-27 21:34:59,743 - httpx - INFO - HTTP Request: POST https://api.telegram.org/bot8084223356:AAH0f9ib-iOJlt4xZWPH3r8GecTdVvjYcrE/getUpdates "HTTP/1.1 200 OK"
2025-04-27 21:36:38,213 - httpx - INFO - HTTP Request: POST https://api.telegram.org/bot8084223356:AAH0f9ib-iOJlt4xZWPH3r8GecTdVvjYcrE/getMe "HTTP/1.1 200 OK"
2025-04-27 21:36:38,257 - httpx - INFO - HTTP Request: POST https://api.telegram.org/bot8084223356:AAH0f9ib-iOJlt4xZWPH3r8GecTdVvjYcrE/deleteWebhook "HTTP/1.1 200 OK"
2025-04-27 21:36:38,261 - telegram.ext.Application - INFO - Application started
2025-04-27 21:36:48,395 - httpx - INFO - HTTP Request: POST https://api.telegram.org/bot8084223356:AAH0f9ib-iOJlt4xZWPH3r8GecTdVvjYcrE/getUpdates "HTTP/1.1 200 OK"
2025-04-27 21:36:55,480 - httpx - INFO - HTTP Request: POST https://api.telegram.org/bot8084223356:AAH0f9ib-iOJlt4xZWPH3r8GecTdVvjYcrE/getUpdates "HTTP/1.1 200 OK"
2025-04-27 21:36:55,828 - httpx - INFO - HTTP Request: POST https://api.telegram.org/bot8084223356:AAH0f9ib-iOJlt4xZWPH3r8GecTdVvjYcrE/sendMessage "HTTP/1.1 200 OK"
2025-04-27 21:37:02,702 - httpx - INFO - HTTP Request: POST https://api.telegram.org/bot8084223356:AAH0f9ib-iOJlt4xZWPH3r8GecTdVvjYcrE/getUpdates "HTTP/1.1 200 OK"
2025-04-27 21:37:02,948 - httpx - INFO - HTTP Request: POST https://api.telegram.org/bot8084223356:AAH0f9ib-iOJlt4xZWPH3r8GecTdVvjYcrE/answerCallbackQuery "HTTP/1.1 200 OK"
2025-04-27 21:37:03,184 - httpx - INFO - HTTP Request: POST https://api.telegram.org/bot8084223356:AAH0f9ib-iOJlt4xZWPH3r8GecTdVvjYcrE/editMessageText "HTTP/1.1 200 OK"
2025-04-27 21:37:04,610 - httpx - INFO - HTTP Request: POST https://api.telegram.org/bot8084223356:AAH0f9ib-iOJlt4xZWPH3r8GecTdVvjYcrE/editMessageText "HTTP/1.1 200 OK"
2025-04-27 21:37:12,741 - httpx - INFO - HTTP Request: POST https://api.telegram.org/bot8084223356:AAH0f9ib-iOJlt4xZWPH3r8GecTdVvjYcrE/getUpdates "HTTP/1.1 200 OK"
2025-04-27 21:37:22,780 - httpx - INFO - HTTP Request: POST https://api.telegram.org/bot8084223356:AAH0f9ib-iOJlt4xZWPH3r8GecTdVvjYcrE/getUpdates "HTTP/1.1 200 OK"
2025-04-27 21:37:32,822 - httpx - INFO - HTTP Request: POST https://api.telegram.org/bot8084223356:AAH0f9ib-iOJlt4xZWPH3r8GecTdVvjYcrE/getUpdates "HTTP/1.1 200 OK"
2025-04-27 21:37:42,869 - httpx - INFO - HTTP Request: POST https://api.telegram.org/bot8084223356:AAH0f9ib-iOJlt4xZWPH3r8GecTdVvjYcrE/getUpdates "HTTP/1.1 200 OK"
2025-04-27 21:37:52,910 - httpx - INFO - HTTP Request: POST https://api.telegram.org/bot8084223356:AAH0f9ib-iOJlt4xZWPH3r8GecTdVvjYcrE/getUpdates "HTTP/1.1 200 OK"
2025-04-27 21:38:00,563 - httpx - INFO - HTTP Request: POST https://api.telegram.org/bot8084223356:AAH0f9ib-iOJlt4xZWPH3r8GecTdVvjYcrE/getUpdates "HTTP/1.1 200 OK"
2025-04-27 21:38:00,720 - httpx - INFO - HTTP Request: POST https://api.telegram.org/bot8084223356:AAH0f9ib-iOJlt4xZWPH3r8GecTdVvjYcrE/answerCallbackQuery "HTTP/1.1 200 OK"
2025-04-27 21:38:00,798 - httpx - INFO - HTTP Request: POST https://api.telegram.org/bot8084223356:AAH0f9ib-iOJlt4xZWPH3r8GecTdVvjYcrE/editMessageText "HTTP/1.1 200 OK"
2025-04-27 21:38:02,198 - httpx - INFO - HTTP Request: POST https://api.telegram.org/bot8084223356:AAH0f9ib-iOJlt4xZWPH3r8GecTdVvjYcrE/editMessageText "HTTP/1.1 200 OK"
2025-04-27 21:38:10,603 - httpx - INFO - HTTP Request: POST https://api.telegram.org/bot8084223356:AAH0f9ib-iOJlt4xZWPH3r8GecTdVvjYcrE/getUpdates "HTTP/1.1 200 OK"
2025-04-27 21:38:20,645 - httpx - INFO - HTTP Request: POST https://api.telegram.org/bot8084223356:AAH0f9ib-iOJlt4xZWPH3r8GecTdVvjYcrE/getUpdates "HTTP/1.1 200 OK"
2025-04-27 21:38:30,688 - httpx - INFO - HTTP Request: POST https://api.telegram.org/bot8084223356:AAH0f9ib-iOJlt4xZWPH3r8GecTdVvjYcrE/getUpdates "HTTP/1.1 200 OK"
2025-04-27 21:38:40,730 - httpx - INFO - HTTP Request: POST https://api.telegram.org/bot8084223356:AAH0f9ib-iOJlt4xZWPH3r8GecTdVvjYcrE/getUpdates "HTTP/1.1 200 OK"
2025-04-27 21:38:46,157 - httpx - INFO - HTTP Request: POST https://api.telegram.org/bot8084223356:AAH0f9ib-iOJlt4xZWPH3r8GecTdVvjYcrE/getUpdates "HTTP/1.1 200 OK"
2025-04-27 21:38:46,354 - httpx - INFO - HTTP Request: POST https://api.telegram.org/bot8084223356:AAH0f9ib-iOJlt4xZWPH3r8GecTdVvjYcrE/sendMessage "HTTP/1.1 200 OK"
2025-04-27 21:38:56,201 - httpx - INFO - HTTP Request: POST https://api.telegram.org/bot8084223356:AAH0f9ib-iOJlt4xZWPH3r8GecTdVvjYcrE/getUpdates "HTTP/1.1 200 OK"
2025-04-27 21:38:57,681 - httpx - INFO - HTTP Request: POST https://api.telegram.org/bot8084223356:AAH0f9ib-iOJlt4xZWPH3r8GecTdVvjYcrE/getUpdates "HTTP/1.1 200 OK"
2025-04-27 21:38:57,805 - httpx - INFO - HTTP Request: POST https://api.telegram.org/bot8084223356:AAH0f9ib-iOJlt4xZWPH3r8GecTdVvjYcrE/answerCallbackQuery "HTTP/1.1 200 OK"
2025-04-27 21:38:57,866 - httpx - INFO - HTTP Request: POST https://api.telegram.org/bot8084223356:AAH0f9ib-iOJlt4xZWPH3r8GecTdVvjYcrE/editMessageText "HTTP/1.1 200 OK"
2025-04-27 21:38:59,123 - httpx - INFO - HTTP Request: POST https://api.telegram.org/bot8084223356:AAH0f9ib-iOJlt4xZWPH3r8GecTdVvjYcrE/editMessageText "HTTP/1.1 200 OK"
2025-04-27 21:39:07,729 - httpx - INFO - HTTP Request: POST https://api.telegram.org/bot8084223356:AAH0f9ib-iOJlt4xZWPH3r8GecTdVvjYcrE/getUpdates "HTTP/1.1 200 OK"
2025-04-27 21:39:17,769 - httpx - INFO - HTTP Request: POST https://api.telegram.org/bot8084223356:AAH0f9ib-iOJlt4xZWPH3r8GecTdVvjYcrE/getUpdates "HTTP/1.1 200 OK"
2025-04-27 21:39:27,812 - httpx - INFO - HTTP Request: POST https://api.telegram.org/bot8084223356:AAH0f9ib-iOJlt4xZWPH3r8GecTdVvjYcrE/getUpdates "HTTP/1.1 200 OK"
2025-04-27 21:39:37,854 - httpx - INFO - HTTP Request: POST https://api.telegram.org/bot8084223356:AAH0f9ib-iOJlt4xZWPH3r8GecTdVvjYcrE/getUpdates "HTTP/1.1 200 OK"
2025-04-27 21:39:47,895 - httpx - INFO - HTTP Request: POST https://api.telegram.org/bot8084223356:AAH0f9ib-iOJlt4xZWPH3r8GecTdVvjYcrE/getUpdates "HTTP/1.1 200 OK"
2025-04-27 21:39:57,936 - httpx - INFO - HTTP Request: POST https://api.telegram.org/bot8084223356:AAH0f9ib-iOJlt4xZWPH3r8GecTdVvjYcrE/getUpdates "HTTP/1.1 200 OK"
2025-04-27 21:40:07,978 - httpx - INFO - HTTP Request: POST https://api.telegram.org/bot8084223356:AAH0f9ib-iOJlt4xZWPH3r8GecTdVvjYcrE/getUpdates "HTTP/1.1 200 OK"
2025-04-27 21:40:18,021 - httpx - INFO - HTTP Request: POST https://api.telegram.org/bot8084223356:AAH0f9ib-iOJlt4xZWPH3r8GecTdVvjYcrE/getUpdates "HTTP/1.1 200 OK"
2025-04-27 21:40:28,068 - httpx - INFO - HTTP Request: POST https://api.telegram.org/bot8084223356:AAH0f9ib-iOJlt4xZWPH3r8GecTdVvjYcrE/getUpdates "HTTP/1.1 200 OK"
2025-04-27 21:40:38,132 - httpx - INFO - HTTP Request: POST https://api.telegram.org/bot8084223356:AAH0f9ib-iOJlt4xZWPH3r8GecTdVvjYcrE/getUpdates "HTTP/1.1 200 OK"
2025-04-27 21:40:48,174 - httpx - INFO - HTTP Request: POST https://api.telegram.org/bot8084223356:AAH0f9ib-iOJlt4xZWPH3r8GecTdVvjYcrE/getUpdates "HTTP/1.1 200 OK"
2025-04-27 21:40:58,216 - httpx - INFO - HTTP Request: POST https://api.telegram.org/bot8084223356:AAH0f9ib-iOJlt4xZWPH3r8GecTdVvjYcrE/getUpdates "HTTP/1.1 200 OK"
2025-04-27 21:41:08,258 - httpx - INFO - HTTP Request: POST https://api.telegram.org/bot8084223356:AAH0f9ib-iOJlt4xZWPH3r8GecTdVvjYcrE/getUpdates "HTTP/1.1 200 OK"
2025-04-27 21:41:18,301 - httpx - INFO - HTTP Request: POST https://api.telegram.org/bot8084223356:AAH0f9ib-iOJlt4xZWPH3r8GecTdVvjYcrE/getUpdates "HTTP/1.1 200 OK"
2025-04-27 21:41:28,346 - httpx - INFO - HTTP Request: POST https://api.telegram.org/bot8084223356:AAH0f9ib-iOJlt4xZWPH3r8GecTdVvjYcrE/getUpdates "HTTP/1.1 200 OK"
2025-04-27 21:41:38,389 - httpx - INFO - HTTP Request: POST https://api.telegram.org/bot8084223356:AAH0f9ib-iOJlt4xZWPH3r8GecTdVvjYcrE/getUpdates "HTTP/1.1 200 OK"
2025-04-27 21:41:48,430 - httpx - INFO - HTTP Request: POST https://api.telegram.org/bot8084223356:AAH0f9ib-iOJlt4xZWPH3r8GecTdVvjYcrE/getUpdates "HTTP/1.1 200 OK"
2025-04-27 21:41:58,472 - httpx - INFO - HTTP Request: POST https://api.telegram.org/bot8084223356:AAH0f9ib-iOJlt4xZWPH3r8GecTdVvjYcrE/getUpdates "HTTP/1.1 200 OK"
2025-04-27 21:42:08,515 - httpx - INFO - HTTP Request: POST https://api.telegram.org/bot8084223356:AAH0f9ib-iOJlt4xZWPH3r8GecTdVvjYcrE/getUpdates "HTTP/1.1 200 OK"
2025-04-27 21:42:18,553 - httpx - INFO - HTTP Request: POST https://api.telegram.org/bot8084223356:AAH0f9ib-iOJlt4xZWPH3r8GecTdVvjYcrE/getUpdates "HTTP/1.1 200 OK"
2025-04-27 21:42:28,591 - httpx - INFO - HTTP Request: POST https://api.telegram.org/bot8084223356:AAH0f9ib-iOJlt4xZWPH3r8GecTdVvjYcrE/getUpdates "HTTP/1.1 200 OK"
2025-04-27 21:42:38,630 - httpx - INFO - HTTP Request: POST https://api.telegram.org/bot8084223356:AAH0f9ib-iOJlt4xZWPH3r8GecTdVvjYcrE/getUpdates "HTTP/1.1 200 OK"
2025-04-27 21:42:48,672 - httpx - INFO - HTTP Request: POST https://api.telegram.org/bot8084223356:AAH0f9ib-iOJlt4xZWPH3r8GecTdVvjYcrE/getUpdates "HTTP/1.1 200 OK"
2025-04-27 21:42:58,714 - httpx - INFO - HTTP Request: POST https://api.telegram.org/bot8084223356:AAH0f9ib-iOJlt4xZWPH3r8GecTdVvjYcrE/getUpdates "HTTP/1.1 200 OK"
2025-04-27 21:43:08,757 - httpx - INFO - HTTP Request: POST https://api.telegram.org/bot8084223356:AAH0f9ib-iOJlt4xZWPH3r8GecTdVvjYcrE/getUpdates "HTTP/1.1 200 OK"
2025-04-27 21:43:18,796 - httpx - INFO - HTTP Request: POST https://api.telegram.org/bot8084223356:AAH0f9ib-iOJlt4xZWPH3r8GecTdVvjYcrE/getUpdates "HTTP/1.1 200 OK"
2025-04-27 21:43:28,836 - httpx - INFO - HTTP Request: POST https://api.telegram.org/bot8084223356:AAH0f9ib-iOJlt4xZWPH3r8GecTdVvjYcrE/getUpdates "HTTP/1.1 200 OK"
2025-04-27 21:43:38,878 - httpx - INFO - HTTP Request: POST https://api.telegram.org/bot8084223356:AAH0f9ib-iOJlt4xZWPH3r8GecTdVvjYcrE/getUpdates "HTTP/1.1 200 OK"
2025-04-27 21:43:48,919 - httpx - INFO - HTTP Request: POST https://api.telegram.org/bot8084223356:AAH0f9ib-iOJlt4xZWPH3r8GecTdVvjYcrE/getUpdates "HTTP/1.1 200 OK"
2025-04-27 21:43:58,961 - httpx - INFO - HTTP Request: POST https://api.telegram.org/bot8084223356:AAH0f9ib-iOJlt4xZWPH3r8GecTdVvjYcrE/getUpdates "HTTP/1.1 200 OK"
2025-04-27 21:44:09,003 - httpx - INFO - HTTP Request: POST https://api.telegram.org/bot8084223356:AAH0f9ib-iOJlt4xZWPH3r8GecTdVvjYcrE/getUpdates "HTTP/1.1 200 OK"
2025-04-27 21:44:19,149 - httpx - INFO - HTTP Request: POST https://api.telegram.org/bot8084223356:AAH0f9ib-iOJlt4xZWPH3r8GecTdVvjYcrE/getUpdates "HTTP/1.1 200 OK"
2025-04-27 21:44:29,225 - httpx - INFO - HTTP Request: POST https://api.telegram.org/bot8084223356:AAH0f9ib-iOJlt4xZWPH3r8GecTdVvjYcrE/getUpdates "HTTP/1.1 200 OK"
2025-04-27 21:44:39,270 - httpx - INFO - HTTP Request: POST https://api.telegram.org/bot8084223356:AAH0f9ib-iOJlt4xZWPH3r8GecTdVvjYcrE/getUpdates "HTTP/1.1 200 OK"
2025-04-27 21:44:49,309 - httpx - INFO - HTTP Request: POST https://api.telegram.org/bot8084223356:AAH0f9ib-iOJlt4xZWPH3r8GecTdVvjYcrE/getUpdates "HTTP/1.1 200 OK"
2025-04-27 21:44:59,371 - httpx - INFO - HTTP Request: POST https://api.telegram.org/bot8084223356:AAH0f9ib-iOJlt4xZWPH3r8GecTdVvjYcrE/getUpdates "HTTP/1.1 200 OK"
2025-04-27 21:45:09,416 - httpx - INFO - HTTP Request: POST https://api.telegram.org/bot8084223356:AAH0f9ib-iOJlt4xZWPH3r8GecTdVvjYcrE/getUpdates "HTTP/1.1 200 OK"
2025-04-27 21:45:19,457 - httpx - INFO - HTTP Request: POST https://api.telegram.org/bot8084223356:AAH0f9ib-iOJlt4xZWPH3r8GecTdVvjYcrE/getUpdates "HTTP/1.1 200 OK"
2025-04-27 21:45:29,497 - httpx - INFO - HTTP Request: POST https://api.telegram.org/bot8084223356:AAH0f9ib-iOJlt4xZWPH3r8GecTdVvjYcrE/getUpdates "HTTP/1.1 200 OK"
2025-04-27 21:45:39,538 - httpx - INFO - HTTP Request: POST https://api.telegram.org/bot8084223356:AAH0f9ib-iOJlt4xZWPH3r8GecTdVvjYcrE/getUpdates "HTTP/1.1 200 OK"
2025-04-27 21:45:49,585 - httpx - INFO - HTTP Request: POST https://api.telegram.org/bot8084223356:AAH0f9ib-iOJlt4xZWPH3r8GecTdVvjYcrE/getUpdates "HTTP/1.1 200 OK"
2025-04-27 21:45:59,625 - httpx - INFO - HTTP Request: POST https://api.telegram.org/bot8084223356:AAH0f9ib-iOJlt4xZWPH3r8GecTdVvjYcrE/getUpdates "HTTP/1.1 200 OK"
2025-04-27 21:46:09,664 - httpx - INFO - HTTP Request: POST https://api.telegram.org/bot8084223356:AAH0f9ib-iOJlt4xZWPH3r8GecTdVvjYcrE/getUpdates "HTTP/1.1 200 OK"
2025-04-27 21:46:19,706 - httpx - INFO - HTTP Request: POST https://api.telegram.org/bot8084223356:AAH0f9ib-iOJlt4xZWPH3r8GecTdVvjYcrE/getUpdates "HTTP/1.1 200 OK"
2025-04-27 21:46:29,748 - httpx - INFO - HTTP Request: POST https://api.telegram.org/bot8084223356:AAH0f9ib-iOJlt4xZWPH3r8GecTdVvjYcrE/getUpdates "HTTP/1.1 200 OK"
2025-04-27 21:46:39,791 - httpx - INFO - HTTP Request: POST https://api.telegram.org/bot8084223356:AAH0f9ib-iOJlt4xZWPH3r8GecTdVvjYcrE/getUpdates "HTTP/1.1 200 OK"
2025-04-27 21:46:49,831 - httpx - INFO - HTTP Request: POST https://api.telegram.org/bot8084223356:AAH0f9ib-iOJlt4xZWPH3r8GecTdVvjYcrE/getUpdates "HTTP/1.1 200 OK"
2025-04-27 21:46:59,877 - httpx - INFO - HTTP Request: POST https://api.telegram.org/bot8084223356:AAH0f9ib-iOJlt4xZWPH3r8GecTdVvjYcrE/getUpdates "HTTP/1.1 200 OK"
2025-04-27 21:47:09,917 - httpx - INFO - HTTP Request: POST https://api.telegram.org/bot8084223356:AAH0f9ib-iOJlt4xZWPH3r8GecTdVvjYcrE/getUpdates "HTTP/1.1 200 OK"
2025-04-27 21:47:19,957 - httpx - INFO - HTTP Request: POST https://api.telegram.org/bot8084223356:AAH0f9ib-iOJlt4xZWPH3r8GecTdVvjYcrE/getUpdates "HTTP/1.1 200 OK"
2025-04-27 21:47:29,998 - httpx - INFO - HTTP Request: POST https://api.telegram.org/bot8084223356:AAH0f9ib-iOJlt4xZWPH3r8GecTdVvjYcrE/getUpdates "HTTP/1.1 200 OK"
2025-04-27 21:47:40,037 - httpx - INFO - HTTP Request: POST https://api.telegram.org/bot8084223356:AAH0f9ib-iOJlt4xZWPH3r8GecTdVvjYcrE/getUpdates "HTTP/1.1 200 OK"
2025-04-27 21:47:50,076 - httpx - INFO - HTTP Request: POST https://api.telegram.org/bot8084223356:AAH0f9ib-iOJlt4xZWPH3r8GecTdVvjYcrE/getUpdates "HTTP/1.1 200 OK"
2025-04-27 21:48:00,114 - httpx - INFO - HTTP Request: POST https://api.telegram.org/bot8084223356:AAH0f9ib-iOJlt4xZWPH3r8GecTdVvjYcrE/getUpdates "HTTP/1.1 200 OK"
2025-04-27 21:48:10,155 - httpx - INFO - HTTP Request: POST https://api.telegram.org/bot8084223356:AAH0f9ib-iOJlt4xZWPH3r8GecTdVvjYcrE/getUpdates "HTTP/1.1 200 OK"
2025-04-27 21:48:20,376 - httpx - INFO - HTTP Request: POST https://api.telegram.org/bot8084223356:AAH0f9ib-iOJlt4xZWPH3r8GecTdVvjYcrE/getUpdates "HTTP/1.1 200 OK"
2025-04-27 21:48:30,417 - httpx - INFO - HTTP Request: POST https://api.telegram.org/bot8084223356:AAH0f9ib-iOJlt4xZWPH3r8GecTdVvjYcrE/getUpdates "HTTP/1.1 200 OK"
2025-04-27 21:48:40,460 - httpx - INFO - HTTP Request: POST https://api.telegram.org/bot8084223356:AAH0f9ib-iOJlt4xZWPH3r8GecTdVvjYcrE/getUpdates "HTTP/1.1 200 OK"
2025-04-27 21:48:50,501 - httpx - INFO - HTTP Request: POST https://api.telegram.org/bot8084223356:AAH0f9ib-iOJlt4xZWPH3r8GecTdVvjYcrE/getUpdates "HTTP/1.1 200 OK"
2025-04-27 21:49:00,589 - httpx - INFO - HTTP Request: POST https://api.telegram.org/bot8084223356:AAH0f9ib-iOJlt4xZWPH3r8GecTdVvjYcrE/getUpdates "HTTP/1.1 200 OK"
2025-04-27 21:49:10,629 - httpx - INFO - HTTP Request: POST https://api.telegram.org/bot8084223356:AAH0f9ib-iOJlt4xZWPH3r8GecTdVvjYcrE/getUpdates "HTTP/1.1 200 OK"
2025-04-27 21:49:20,670 - httpx - INFO - HTTP Request: POST https://api.telegram.org/bot8084223356:AAH0f9ib-iOJlt4xZWPH3r8GecTdVvjYcrE/getUpdates "HTTP/1.1 200 OK"
2025-04-27 21:49:30,712 - httpx - INFO - HTTP Request: POST https://api.telegram.org/bot8084223356:AAH0f9ib-iOJlt4xZWPH3r8GecTdVvjYcrE/getUpdates "HTTP/1.1 200 OK"
2025-04-27 21:49:40,758 - httpx - INFO - HTTP Request: POST https://api.telegram.org/bot8084223356:AAH0f9ib-iOJlt4xZWPH3r8GecTdVvjYcrE/getUpdates "HTTP/1.1 200 OK"
2025-04-27 21:49:50,799 - httpx - INFO - HTTP Request: POST https://api.telegram.org/bot8084223356:AAH0f9ib-iOJlt4xZWPH3r8GecTdVvjYcrE/getUpdates "HTTP/1.1 200 OK"
2025-04-27 21:50:00,844 - httpx - INFO - HTTP Request: POST https://api.telegram.org/bot8084223356:AAH0f9ib-iOJlt4xZWPH3r8GecTdVvjYcrE/getUpdates "HTTP/1.1 200 OK"
2025-04-27 21:50:10,883 - httpx - INFO - HTTP Request: POST https://api.telegram.org/bot8084223356:AAH0f9ib-iOJlt4xZWPH3r8GecTdVvjYcrE/getUpdates "HTTP/1.1 200 OK"
2025-04-27 21:50:20,928 - httpx - INFO - HTTP Request: POST https://api.telegram.org/bot8084223356:AAH0f9ib-iOJlt4xZWPH3r8GecTdVvjYcrE/getUpdates "HTTP/1.1 200 OK"
2025-04-27 21:50:30,969 - httpx - INFO - HTTP Request: POST https://api.telegram.org/bot8084223356:AAH0f9ib-iOJlt4xZWPH3r8GecTdVvjYcrE/getUpdates "HTTP/1.1 200 OK"
2025-04-27 21:50:41,011 - httpx - INFO - HTTP Request: POST https://api.telegram.org/bot8084223356:AAH0f9ib-iOJlt4xZWPH3r8GecTdVvjYcrE/getUpdates "HTTP/1.1 200 OK"
2025-04-27 21:50:51,054 - httpx - INFO - HTTP Request: POST https://api.telegram.org/bot8084223356:AAH0f9ib-iOJlt4xZWPH3r8GecTdVvjYcrE/getUpdates "HTTP/1.1 200 OK"
2025-04-27 21:51:01,096 - httpx - INFO - HTTP Request: POST https://api.telegram.org/bot8084223356:AAH0f9ib-iOJlt4xZWPH3r8GecTdVvjYcrE/getUpdates "HTTP/1.1 200 OK"
2025-04-27 21:51:11,138 - httpx - INFO - HTTP Request: POST https://api.telegram.org/bot8084223356:AAH0f9ib-iOJlt4xZWPH3r8GecTdVvjYcrE/getUpdates "HTTP/1.1 200 OK"
2025-04-27 21:51:21,178 - httpx - INFO - HTTP Request: POST https://api.telegram.org/bot8084223356:AAH0f9ib-iOJlt4xZWPH3r8GecTdVvjYcrE/getUpdates "HTTP/1.1 200 OK"
2025-04-27 21:51:31,219 - httpx - INFO - HTTP Request: POST https://api.telegram.org/bot8084223356:AAH0f9ib-iOJlt4xZWPH3r8GecTdVvjYcrE/getUpdates "HTTP/1.1 200 OK"
2025-04-27 21:51:41,257 - httpx - INFO - HTTP Request: POST https://api.telegram.org/bot8084223356:AAH0f9ib-iOJlt4xZWPH3r8GecTdVvjYcrE/getUpdates "HTTP/1.1 200 OK"
2025-04-27 21:51:51,298 - httpx - INFO - HTTP Request: POST https://api.telegram.org/bot8084223356:AAH0f9ib-iOJlt4xZWPH3r8GecTdVvjYcrE/getUpdates "HTTP/1.1 200 OK"
2025-04-27 21:52:01,337 - httpx - INFO - HTTP Request: POST https://api.telegram.org/bot8084223356:AAH0f9ib-iOJlt4xZWPH3r8GecTdVvjYcrE/getUpdates "HTTP/1.1 200 OK"
2025-04-27 21:52:11,377 - httpx - INFO - HTTP Request: POST https://api.telegram.org/bot8084223356:AAH0f9ib-iOJlt4xZWPH3r8GecTdVvjYcrE/getUpdates "HTTP/1.1 200 OK"
2025-04-27 21:52:21,529 - httpx - INFO - HTTP Request: POST https://api.telegram.org/bot8084223356:AAH0f9ib-iOJlt4xZWPH3r8GecTdVvjYcrE/getUpdates "HTTP/1.1 200 OK"
2025-04-27 21:52:31,597 - httpx - INFO - HTTP Request: POST https://api.telegram.org/bot8084223356:AAH0f9ib-iOJlt4xZWPH3r8GecTdVvjYcrE/getUpdates "HTTP/1.1 200 OK"
2025-04-27 21:52:41,640 - httpx - INFO - HTTP Request: POST https://api.telegram.org/bot8084223356:AAH0f9ib-iOJlt4xZWPH3r8GecTdVvjYcrE/getUpdates "HTTP/1.1 200 OK"
2025-04-27 21:52:51,685 - httpx - INFO - HTTP Request: POST https://api.telegram.org/bot8084223356:AAH0f9ib-iOJlt4xZWPH3r8GecTdVvjYcrE/getUpdates "HTTP/1.1 200 OK"
2025-04-27 21:53:01,726 - httpx - INFO - HTTP Request: POST https://api.telegram.org/bot8084223356:AAH0f9ib-iOJlt4xZWPH3r8GecTdVvjYcrE/getUpdates "HTTP/1.1 200 OK"
2025-04-27 21:53:11,871 - httpx - INFO - HTTP Request: POST https://api.telegram.org/bot8084223356:AAH0f9ib-iOJlt4xZWPH3r8GecTdVvjYcrE/getUpdates "HTTP/1.1 200 OK"
2025-04-27 21:53:21,917 - httpx - INFO - HTTP Request: POST https://api.telegram.org/bot8084223356:AAH0f9ib-iOJlt4xZWPH3r8GecTdVvjYcrE/getUpdates "HTTP/1.1 200 OK"
2025-04-27 21:53:31,967 - httpx - INFO - HTTP Request: POST https://api.telegram.org/bot8084223356:AAH0f9ib-iOJlt4xZWPH3r8GecTdVvjYcrE/getUpdates "HTTP/1.1 200 OK"
2025-04-27 21:53:42,015 - httpx - INFO - HTTP Request: POST https://api.telegram.org/bot8084223356:AAH0f9ib-iOJlt4xZWPH3r8GecTdVvjYcrE/getUpdates "HTTP/1.1 200 OK"
2025-04-27 21:53:52,070 - httpx - INFO - HTTP Request: POST https://api.telegram.org/bot8084223356:AAH0f9ib-iOJlt4xZWPH3r8GecTdVvjYcrE/getUpdates "HTTP/1.1 200 OK"
2025-04-27 21:54:02,123 - httpx - INFO - HTTP Request: POST https://api.telegram.org/bot8084223356:AAH0f9ib-iOJlt4xZWPH3r8GecTdVvjYcrE/getUpdates "HTTP/1.1 200 OK"
2025-04-27 21:54:12,170 - httpx - INFO - HTTP Request: POST https://api.telegram.org/bot8084223356:AAH0f9ib-iOJlt4xZWPH3r8GecTdVvjYcrE/getUpdates "HTTP/1.1 200 OK"
2025-04-27 21:54:22,310 - httpx - INFO - HTTP Request: POST https://api.telegram.org/bot8084223356:AAH0f9ib-iOJlt4xZWPH3r8GecTdVvjYcrE/getUpdates "HTTP/1.1 200 OK"
2025-04-27 21:54:32,355 - httpx - INFO - HTTP Request: POST https://api.telegram.org/bot8084223356:AAH0f9ib-iOJlt4xZWPH3r8GecTdVvjYcrE/getUpdates "HTTP/1.1 200 OK"
2025-04-27 21:54:42,404 - httpx - INFO - HTTP Request: POST https://api.telegram.org/bot8084223356:AAH0f9ib-iOJlt4xZWPH3r8GecTdVvjYcrE/getUpdates "HTTP/1.1 200 OK"
2025-04-27 21:54:52,450 - httpx - INFO - HTTP Request: POST https://api.telegram.org/bot8084223356:AAH0f9ib-iOJlt4xZWPH3r8GecTdVvjYcrE/getUpdates "HTTP/1.1 200 OK"
2025-04-27 21:55:02,495 - httpx - INFO - HTTP Request: POST https://api.telegram.org/bot8084223356:AAH0f9ib-iOJlt4xZWPH3r8GecTdVvjYcrE/getUpdates "HTTP/1.1 200 OK"
2025-04-27 21:55:12,543 - httpx - INFO - HTTP Request: POST https://api.telegram.org/bot8084223356:AAH0f9ib-iOJlt4xZWPH3r8GecTdVvjYcrE/getUpdates "HTTP/1.1 200 OK"
2025-04-27 21:55:22,595 - httpx - INFO - HTTP Request: POST https://api.telegram.org/bot8084223356:AAH0f9ib-iOJlt4xZWPH3r8GecTdVvjYcrE/getUpdates "HTTP/1.1 200 OK"
2025-04-27 21:55:32,695 - httpx - INFO - HTTP Request: POST https://api.telegram.org/bot8084223356:AAH0f9ib-iOJlt4xZWPH3r8GecTdVvjYcrE/getUpdates "HTTP/1.1 200 OK"
2025-04-27 21:55:42,848 - httpx - INFO - HTTP Request: POST https://api.telegram.org/bot8084223356:AAH0f9ib-iOJlt4xZWPH3r8GecTdVvjYcrE/getUpdates "HTTP/1.1 200 OK"
2025-04-27 21:55:52,892 - httpx - INFO - HTTP Request: POST https://api.telegram.org/bot8084223356:AAH0f9ib-iOJlt4xZWPH3r8GecTdVvjYcrE/getUpdates "HTTP/1.1 200 OK"
2025-04-27 21:56:02,951 - httpx - INFO - HTTP Request: POST https://api.telegram.org/bot8084223356:AAH0f9ib-iOJlt4xZWPH3r8GecTdVvjYcrE/getUpdates "HTTP/1.1 200 OK"
2025-04-27 21:56:13,007 - httpx - INFO - HTTP Request: POST https://api.telegram.org/bot8084223356:AAH0f9ib-iOJlt4xZWPH3r8GecTdVvjYcrE/getUpdates "HTTP/1.1 200 OK"
2025-04-27 21:56:23,164 - httpx - INFO - HTTP Request: POST https://api.telegram.org/bot8084223356:AAH0f9ib-iOJlt4xZWPH3r8GecTdVvjYcrE/getUpdates "HTTP/1.1 200 OK"
2025-04-27 21:56:33,213 - httpx - INFO - HTTP Request: POST https://api.telegram.org/bot8084223356:AAH0f9ib-iOJlt4xZWPH3r8GecTdVvjYcrE/getUpdates "HTTP/1.1 200 OK"
2025-04-27 21:56:43,263 - httpx - INFO - HTTP Request: POST https://api.telegram.org/bot8084223356:AAH0f9ib-iOJlt4xZWPH3r8GecTdVvjYcrE/getUpdates "HTTP/1.1 200 OK"
2025-04-27 21:56:53,311 - httpx - INFO - HTTP Request: POST https://api.telegram.org/bot8084223356:AAH0f9ib-iOJlt4xZWPH3r8GecTdVvjYcrE/getUpdates "HTTP/1.1 200 OK"
2025-04-27 21:56:56,967 - httpx - INFO - HTTP Request: POST https://api.telegram.org/bot8084223356:AAH0f9ib-iOJlt4xZWPH3r8GecTdVvjYcrE/getUpdates "HTTP/1.1 200 OK"
2025-04-27 21:56:57,143 - httpx - INFO - HTTP Request: POST https://api.telegram.org/bot8084223356:AAH0f9ib-iOJlt4xZWPH3r8GecTdVvjYcrE/answerCallbackQuery "HTTP/1.1 200 OK"
2025-04-27 21:56:57,222 - httpx - INFO - HTTP Request: POST https://api.telegram.org/bot8084223356:AAH0f9ib-iOJlt4xZWPH3r8GecTdVvjYcrE/editMessageText "HTTP/1.1 200 OK"
2025-04-27 21:56:58,609 - httpx - INFO - HTTP Request: POST https://api.telegram.org/bot8084223356:AAH0f9ib-iOJlt4xZWPH3r8GecTdVvjYcrE/editMessageText "HTTP/1.1 200 OK"
2025-04-27 21:57:06,281 - httpx - INFO - HTTP Request: POST https://api.telegram.org/bot8084223356:AAH0f9ib-iOJlt4xZWPH3r8GecTdVvjYcrE/getUpdates "HTTP/1.1 200 OK"
2025-04-27 21:57:06,442 - httpx - INFO - HTTP Request: POST https://api.telegram.org/bot8084223356:AAH0f9ib-iOJlt4xZWPH3r8GecTdVvjYcrE/answerCallbackQuery "HTTP/1.1 200 OK"
2025-04-27 21:57:06,503 - httpx - INFO - HTTP Request: POST https://api.telegram.org/bot8084223356:AAH0f9ib-iOJlt4xZWPH3r8GecTdVvjYcrE/editMessageText "HTTP/1.1 200 OK"
2025-04-27 21:57:07,707 - httpx - INFO - HTTP Request: POST https://api.telegram.org/bot8084223356:AAH0f9ib-iOJlt4xZWPH3r8GecTdVvjYcrE/editMessageText "HTTP/1.1 200 OK"
2025-04-27 21:57:16,328 - httpx - INFO - HTTP Request: POST https://api.telegram.org/bot8084223356:AAH0f9ib-iOJlt4xZWPH3r8GecTdVvjYcrE/getUpdates "HTTP/1.1 200 OK"
2025-04-27 21:57:26,370 - httpx - INFO - HTTP Request: POST https://api.telegram.org/bot8084223356:AAH0f9ib-iOJlt4xZWPH3r8GecTdVvjYcrE/getUpdates "HTTP/1.1 200 OK"
2025-04-27 21:57:36,506 - httpx - INFO - HTTP Request: POST https://api.telegram.org/bot8084223356:AAH0f9ib-iOJlt4xZWPH3r8GecTdVvjYcrE/getUpdates "HTTP/1.1 200 OK"
2025-04-27 21:57:46,554 - httpx - INFO - HTTP Request: POST https://api.telegram.org/bot8084223356:AAH0f9ib-iOJlt4xZWPH3r8GecTdVvjYcrE/getUpdates "HTTP/1.1 200 OK"
2025-04-27 21:57:56,599 - httpx - INFO - HTTP Request: POST https://api.telegram.org/bot8084223356:AAH0f9ib-iOJlt4xZWPH3r8GecTdVvjYcrE/getUpdates "HTTP/1.1 200 OK"
2025-04-27 21:58:06,643 - httpx - INFO - HTTP Request: POST https://api.telegram.org/bot8084223356:AAH0f9ib-iOJlt4xZWPH3r8GecTdVvjYcrE/getUpdates "HTTP/1.1 200 OK"
2025-04-27 21:58:16,762 - httpx - INFO - HTTP Request: POST https://api.telegram.org/bot8084223356:AAH0f9ib-iOJlt4xZWPH3r8GecTdVvjYcrE/getUpdates "HTTP/1.1 200 OK"
2025-04-27 21:58:26,816 - httpx - INFO - HTTP Request: POST https://api.telegram.org/bot8084223356:AAH0f9ib-iOJlt4xZWPH3r8GecTdVvjYcrE/getUpdates "HTTP/1.1 200 OK"
2025-04-27 21:58:36,863 - httpx - INFO - HTTP Request: POST https://api.telegram.org/bot8084223356:AAH0f9ib-iOJlt4xZWPH3r8GecTdVvjYcrE/getUpdates "HTTP/1.1 200 OK"
2025-04-27 21:58:46,913 - httpx - INFO - HTTP Request: POST https://api.telegram.org/bot8084223356:AAH0f9ib-iOJlt4xZWPH3r8GecTdVvjYcrE/getUpdates "HTTP/1.1 200 OK"
2025-04-27 21:58:56,963 - httpx - INFO - HTTP Request: POST https://api.telegram.org/bot8084223356:AAH0f9ib-iOJlt4xZWPH3r8GecTdVvjYcrE/getUpdates "HTTP/1.1 200 OK"
2025-04-27 21:59:07,008 - httpx - INFO - HTTP Request: POST https://api.telegram.org/bot8084223356:AAH0f9ib-iOJlt4xZWPH3r8GecTdVvjYcrE/getUpdates "HTTP/1.1 200 OK"
2025-04-27 21:59:17,084 - httpx - INFO - HTTP Request: POST https://api.telegram.org/bot8084223356:AAH0f9ib-iOJlt4xZWPH3r8GecTdVvjYcrE/getUpdates "HTTP/1.1 200 OK"
2025-04-27 21:59:27,128 - httpx - INFO - HTTP Request: POST https://api.telegram.org/bot8084223356:AAH0f9ib-iOJlt4xZWPH3r8GecTdVvjYcrE/getUpdates "HTTP/1.1 200 OK"
2025-04-27 21:59:37,306 - httpx - INFO - HTTP Request: POST https://api.telegram.org/bot8084223356:AAH0f9ib-iOJlt4xZWPH3r8GecTdVvjYcrE/getUpdates "HTTP/1.1 200 OK"
2025-04-27 21:59:47,352 - httpx - INFO - HTTP Request: POST https://api.telegram.org/bot8084223356:AAH0f9ib-iOJlt4xZWPH3r8GecTdVvjYcrE/getUpdates "HTTP/1.1 200 OK"
2025-04-27 21:59:57,400 - httpx - INFO - HTTP Request: POST https://api.telegram.org/bot8084223356:AAH0f9ib-iOJlt4xZWPH3r8GecTdVvjYcrE/getUpdates "HTTP/1.1 200 OK"
2025-04-27 22:00:07,448 - httpx - INFO - HTTP Request: POST https://api.telegram.org/bot8084223356:AAH0f9ib-iOJlt4xZWPH3r8GecTdVvjYcrE/getUpdates "HTTP/1.1 200 OK"
2025-04-27 22:00:17,491 - httpx - INFO - HTTP Request: POST https://api.telegram.org/bot8084223356:AAH0f9ib-iOJlt4xZWPH3r8GecTdVvjYcrE/getUpdates "HTTP/1.1 200 OK"
2025-04-27 22:00:27,628 - httpx - INFO - HTTP Request: POST https://api.telegram.org/bot8084223356:AAH0f9ib-iOJlt4xZWPH3r8GecTdVvjYcrE/getUpdates "HTTP/1.1 200 OK"
2025-04-27 22:00:37,680 - httpx - INFO - HTTP Request: POST https://api.telegram.org/bot8084223356:AAH0f9ib-iOJlt4xZWPH3r8GecTdVvjYcrE/getUpdates "HTTP/1.1 200 OK"
2025-04-27 22:00:47,830 - httpx - INFO - HTTP Request: POST https://api.telegram.org/bot8084223356:AAH0f9ib-iOJlt4xZWPH3r8GecTdVvjYcrE/getUpdates "HTTP/1.1 200 OK"
2025-04-27 22:00:57,876 - httpx - INFO - HTTP Request: POST https://api.telegram.org/bot8084223356:AAH0f9ib-iOJlt4xZWPH3r8GecTdVvjYcrE/getUpdates "HTTP/1.1 200 OK"
2025-04-27 22:01:07,927 - httpx - INFO - HTTP Request: POST https://api.telegram.org/bot8084223356:AAH0f9ib-iOJlt4xZWPH3r8GecTdVvjYcrE/getUpdates "HTTP/1.1 200 OK"
2025-04-27 22:01:17,974 - httpx - INFO - HTTP Request: POST https://api.telegram.org/bot8084223356:AAH0f9ib-iOJlt4xZWPH3r8GecTdVvjYcrE/getUpdates "HTTP/1.1 200 OK"
2025-04-27 22:01:28,021 - httpx - INFO - HTTP Request: POST https://api.telegram.org/bot8084223356:AAH0f9ib-iOJlt4xZWPH3r8GecTdVvjYcrE/getUpdates "HTTP/1.1 200 OK"
2025-04-27 22:01:38,071 - httpx - INFO - HTTP Request: POST https://api.telegram.org/bot8084223356:AAH0f9ib-iOJlt4xZWPH3r8GecTdVvjYcrE/getUpdates "HTTP/1.1 200 OK"
2025-04-27 22:01:48,119 - httpx - INFO - HTTP Request: POST https://api.telegram.org/bot8084223356:AAH0f9ib-iOJlt4xZWPH3r8GecTdVvjYcrE/getUpdates "HTTP/1.1 200 OK"
2025-04-27 22:01:58,168 - httpx - INFO - HTTP Request: POST https://api.telegram.org/bot8084223356:AAH0f9ib-iOJlt4xZWPH3r8GecTdVvjYcrE/getUpdates "HTTP/1.1 200 OK"
2025-04-27 22:02:08,248 - httpx - INFO - HTTP Request: POST https://api.telegram.org/bot8084223356:AAH0f9ib-iOJlt4xZWPH3r8GecTdVvjYcrE/getUpdates "HTTP/1.1 200 OK"
2025-04-27 22:02:18,294 - httpx - INFO - HTTP Request: POST https://api.telegram.org/bot8084223356:AAH0f9ib-iOJlt4xZWPH3r8GecTdVvjYcrE/getUpdates "HTTP/1.1 200 OK"
2025-04-27 22:02:28,340 - httpx - INFO - HTTP Request: POST https://api.telegram.org/bot8084223356:AAH0f9ib-iOJlt4xZWPH3r8GecTdVvjYcrE/getUpdates "HTTP/1.1 200 OK"
2025-04-27 22:02:38,385 - httpx - INFO - HTTP Request: POST https://api.telegram.org/bot8084223356:AAH0f9ib-iOJlt4xZWPH3r8GecTdVvjYcrE/getUpdates "HTTP/1.1 200 OK"
2025-04-27 22:02:48,432 - httpx - INFO - HTTP Request: POST https://api.telegram.org/bot8084223356:AAH0f9ib-iOJlt4xZWPH3r8GecTdVvjYcrE/getUpdates "HTTP/1.1 200 OK"
2025-04-27 22:02:58,485 - httpx - INFO - HTTP Request: POST https://api.telegram.org/bot8084223356:AAH0f9ib-iOJlt4xZWPH3r8GecTdVvjYcrE/getUpdates "HTTP/1.1 200 OK"
2025-04-27 22:03:08,534 - httpx - INFO - HTTP Request: POST https://api.telegram.org/bot8084223356:AAH0f9ib-iOJlt4xZWPH3r8GecTdVvjYcrE/getUpdates "HTTP/1.1 200 OK"
2025-04-27 22:03:18,585 - httpx - INFO - HTTP Request: POST https://api.telegram.org/bot8084223356:AAH0f9ib-iOJlt4xZWPH3r8GecTdVvjYcrE/getUpdates "HTTP/1.1 200 OK"
2025-04-27 22:03:28,631 - httpx - INFO - HTTP Request: POST https://api.telegram.org/bot8084223356:AAH0f9ib-iOJlt4xZWPH3r8GecTdVvjYcrE/getUpdates "HTTP/1.1 200 OK"
2025-04-27 22:03:38,741 - httpx - INFO - HTTP Request: POST https://api.telegram.org/bot8084223356:AAH0f9ib-iOJlt4xZWPH3r8GecTdVvjYcrE/getUpdates "HTTP/1.1 200 OK"
2025-04-27 22:03:48,790 - httpx - INFO - HTTP Request: POST https://api.telegram.org/bot8084223356:AAH0f9ib-iOJlt4xZWPH3r8GecTdVvjYcrE/getUpdates "HTTP/1.1 200 OK"
2025-04-27 22:03:58,841 - httpx - INFO - HTTP Request: POST https://api.telegram.org/bot8084223356:AAH0f9ib-iOJlt4xZWPH3r8GecTdVvjYcrE/getUpdates "HTTP/1.1 200 OK"
2025-04-27 22:04:08,891 - httpx - INFO - HTTP Request: POST https://api.telegram.org/bot8084223356:AAH0f9ib-iOJlt4xZWPH3r8GecTdVvjYcrE/getUpdates "HTTP/1.1 200 OK"
2025-04-27 22:04:18,935 - httpx - INFO - HTTP Request: POST https://api.telegram.org/bot8084223356:AAH0f9ib-iOJlt4xZWPH3r8GecTdVvjYcrE/getUpdates "HTTP/1.1 200 OK"
2025-04-27 22:04:28,992 - httpx - INFO - HTTP Request: POST https://api.telegram.org/bot8084223356:AAH0f9ib-iOJlt4xZWPH3r8GecTdVvjYcrE/getUpdates "HTTP/1.1 200 OK"
2025-04-27 22:04:39,076 - httpx - INFO - HTTP Request: POST https://api.telegram.org/bot8084223356:AAH0f9ib-iOJlt4xZWPH3r8GecTdVvjYcrE/getUpdates "HTTP/1.1 200 OK"
2025-04-27 22:04:49,123 - httpx - INFO - HTTP Request: POST https://api.telegram.org/bot8084223356:AAH0f9ib-iOJlt4xZWPH3r8GecTdVvjYcrE/getUpdates "HTTP/1.1 200 OK"
2025-04-27 22:04:59,170 - httpx - INFO - HTTP Request: POST https://api.telegram.org/bot8084223356:AAH0f9ib-iOJlt4xZWPH3r8GecTdVvjYcrE/getUpdates "HTTP/1.1 200 OK"
2025-04-27 22:05:09,220 - httpx - INFO - HTTP Request: POST https://api.telegram.org/bot8084223356:AAH0f9ib-iOJlt4xZWPH3r8GecTdVvjYcrE/getUpdates "HTTP/1.1 200 OK"
2025-04-27 22:05:19,267 - httpx - INFO - HTTP Request: POST https://api.telegram.org/bot8084223356:AAH0f9ib-iOJlt4xZWPH3r8GecTdVvjYcrE/getUpdates "HTTP/1.1 200 OK"
2025-04-27 22:05:29,313 - httpx - INFO - HTTP Request: POST https://api.telegram.org/bot8084223356:AAH0f9ib-iOJlt4xZWPH3r8GecTdVvjYcrE/getUpdates "HTTP/1.1 200 OK"
2025-04-27 22:05:39,362 - httpx - INFO - HTTP Request: POST https://api.telegram.org/bot8084223356:AAH0f9ib-iOJlt4xZWPH3r8GecTdVvjYcrE/getUpdates "HTTP/1.1 200 OK"
2025-04-27 22:05:49,413 - httpx - INFO - HTTP Request: POST https://api.telegram.org/bot8084223356:AAH0f9ib-iOJlt4xZWPH3r8GecTdVvjYcrE/getUpdates "HTTP/1.1 200 OK"
2025-04-27 22:05:59,459 - httpx - INFO - HTTP Request: POST https://api.telegram.org/bot8084223356:AAH0f9ib-iOJlt4xZWPH3r8GecTdVvjYcrE/getUpdates "HTTP/1.1 200 OK"
2025-04-27 22:06:09,518 - httpx - INFO - HTTP Request: POST https://api.telegram.org/bot8084223356:AAH0f9ib-iOJlt4xZWPH3r8GecTdVvjYcrE/getUpdates "HTTP/1.1 200 OK"
2025-04-27 22:06:19,573 - httpx - INFO - HTTP Request: POST https://api.telegram.org/bot8084223356:AAH0f9ib-iOJlt4xZWPH3r8GecTdVvjYcrE/getUpdates "HTTP/1.1 200 OK"
2025-04-27 22:06:29,617 - httpx - INFO - HTTP Request: POST https://api.telegram.org/bot8084223356:AAH0f9ib-iOJlt4xZWPH3r8GecTdVvjYcrE/getUpdates "HTTP/1.1 200 OK"
2025-04-27 22:06:39,785 - httpx - INFO - HTTP Request: POST https://api.telegram.org/bot8084223356:AAH0f9ib-iOJlt4xZWPH3r8GecTdVvjYcrE/getUpdates "HTTP/1.1 200 OK"
2025-04-27 22:06:49,829 - httpx - INFO - HTTP Request: POST https://api.telegram.org/bot8084223356:AAH0f9ib-iOJlt4xZWPH3r8GecTdVvjYcrE/getUpdates "HTTP/1.1 200 OK"
2025-04-27 22:06:59,876 - httpx - INFO - HTTP Request: POST https://api.telegram.org/bot8084223356:AAH0f9ib-iOJlt4xZWPH3r8GecTdVvjYcrE/getUpdates "HTTP/1.1 200 OK"
2025-04-27 22:07:09,926 - httpx - INFO - HTTP Request: POST https://api.telegram.org/bot8084223356:AAH0f9ib-iOJlt4xZWPH3r8GecTdVvjYcrE/getUpdates "HTTP/1.1 200 OK"
2025-04-27 22:07:19,972 - httpx - INFO - HTTP Request: POST https://api.telegram.org/bot8084223356:AAH0f9ib-iOJlt4xZWPH3r8GecTdVvjYcrE/getUpdates "HTTP/1.1 200 OK"
2025-04-27 22:07:30,017 - httpx - INFO - HTTP Request: POST https://api.telegram.org/bot8084223356:AAH0f9ib-iOJlt4xZWPH3r8GecTdVvjYcrE/getUpdates "HTTP/1.1 200 OK"
2025-04-27 22:07:40,084 - httpx - INFO - HTTP Request: POST https://api.telegram.org/bot8084223356:AAH0f9ib-iOJlt4xZWPH3r8GecTdVvjYcrE/getUpdates "HTTP/1.1 200 OK"
2025-04-27 22:07:50,135 - httpx - INFO - HTTP Request: POST https://api.telegram.org/bot8084223356:AAH0f9ib-iOJlt4xZWPH3r8GecTdVvjYcrE/getUpdates "HTTP/1.1 200 OK"
2025-04-27 22:08:00,183 - httpx - INFO - HTTP Request: POST https://api.telegram.org/bot8084223356:AAH0f9ib-iOJlt4xZWPH3r8GecTdVvjYcrE/getUpdates "HTTP/1.1 200 OK"
2025-04-27 22:08:10,226 - httpx - INFO - HTTP Request: POST https://api.telegram.org/bot8084223356:AAH0f9ib-iOJlt4xZWPH3r8GecTdVvjYcrE/getUpdates "HTTP/1.1 200 OK"
2025-04-27 22:08:20,278 - httpx - INFO - HTTP Request: POST https://api.telegram.org/bot8084223356:AAH0f9ib-iOJlt4xZWPH3r8GecTdVvjYcrE/getUpdates "HTTP/1.1 200 OK"
2025-04-27 22:08:30,323 - httpx - INFO - HTTP Request: POST https://api.telegram.org/bot8084223356:AAH0f9ib-iOJlt4xZWPH3r8GecTdVvjYcrE/getUpdates "HTTP/1.1 200 OK"
2025-04-27 22:08:40,365 - httpx - INFO - HTTP Request: POST https://api.telegram.org/bot8084223356:AAH0f9ib-iOJlt4xZWPH3r8GecTdVvjYcrE/getUpdates "HTTP/1.1 200 OK"
2025-04-27 22:08:50,414 - httpx - INFO - HTTP Request: POST https://api.telegram.org/bot8084223356:AAH0f9ib-iOJlt4xZWPH3r8GecTdVvjYcrE/getUpdates "HTTP/1.1 200 OK"
2025-04-27 22:09:00,463 - httpx - INFO - HTTP Request: POST https://api.telegram.org/bot8084223356:AAH0f9ib-iOJlt4xZWPH3r8GecTdVvjYcrE/getUpdates "HTTP/1.1 200 OK"
2025-04-27 22:09:10,514 - httpx - INFO - HTTP Request: POST https://api.telegram.org/bot8084223356:AAH0f9ib-iOJlt4xZWPH3r8GecTdVvjYcrE/getUpdates "HTTP/1.1 200 OK"
2025-04-27 22:09:20,565 - httpx - INFO - HTTP Request: POST https://api.telegram.org/bot8084223356:AAH0f9ib-iOJlt4xZWPH3r8GecTdVvjYcrE/getUpdates "HTTP/1.1 200 OK"
2025-04-27 22:09:30,616 - httpx - INFO - HTTP Request: POST https://api.telegram.org/bot8084223356:AAH0f9ib-iOJlt4xZWPH3r8GecTdVvjYcrE/getUpdates "HTTP/1.1 200 OK"
2025-04-27 22:09:40,668 - httpx - INFO - HTTP Request: POST https://api.telegram.org/bot8084223356:AAH0f9ib-iOJlt4xZWPH3r8GecTdVvjYcrE/getUpdates "HTTP/1.1 200 OK"
2025-04-27 22:09:50,812 - httpx - INFO - HTTP Request: POST https://api.telegram.org/bot8084223356:AAH0f9ib-iOJlt4xZWPH3r8GecTdVvjYcrE/getUpdates "HTTP/1.1 200 OK"
2025-04-27 22:10:00,861 - httpx - INFO - HTTP Request: POST https://api.telegram.org/bot8084223356:AAH0f9ib-iOJlt4xZWPH3r8GecTdVvjYcrE/getUpdates "HTTP/1.1 200 OK"
2025-04-27 22:10:10,914 - httpx - INFO - HTTP Request: POST https://api.telegram.org/bot8084223356:AAH0f9ib-iOJlt4xZWPH3r8GecTdVvjYcrE/getUpdates "HTTP/1.1 200 OK"
2025-04-27 22:10:20,957 - httpx - INFO - HTTP Request: POST https://api.telegram.org/bot8084223356:AAH0f9ib-iOJlt4xZWPH3r8GecTdVvjYcrE/getUpdates "HTTP/1.1 200 OK"
2025-04-27 22:10:31,069 - httpx - INFO - HTTP Request: POST https://api.telegram.org/bot8084223356:AAH0f9ib-iOJlt4xZWPH3r8GecTdVvjYcrE/getUpdates "HTTP/1.1 200 OK"
2025-04-27 22:10:41,116 - httpx - INFO - HTTP Request: POST https://api.telegram.org/bot8084223356:AAH0f9ib-iOJlt4xZWPH3r8GecTdVvjYcrE/getUpdates "HTTP/1.1 200 OK"
2025-04-27 22:10:51,166 - httpx - INFO - HTTP Request: POST https://api.telegram.org/bot8084223356:AAH0f9ib-iOJlt4xZWPH3r8GecTdVvjYcrE/getUpdates "HTTP/1.1 200 OK"
2025-04-27 22:11:01,214 - httpx - INFO - HTTP Request: POST https://api.telegram.org/bot8084223356:AAH0f9ib-iOJlt4xZWPH3r8GecTdVvjYcrE/getUpdates "HTTP/1.1 200 OK"
2025-04-27 22:11:11,260 - httpx - INFO - HTTP Request: POST https://api.telegram.org/bot8084223356:AAH0f9ib-iOJlt4xZWPH3r8GecTdVvjYcrE/getUpdates "HTTP/1.1 200 OK"
2025-04-27 22:11:21,304 - httpx - INFO - HTTP Request: POST https://api.telegram.org/bot8084223356:AAH0f9ib-iOJlt4xZWPH3r8GecTdVvjYcrE/getUpdates "HTTP/1.1 200 OK"
2025-04-27 22:11:31,348 - httpx - INFO - HTTP Request: POST https://api.telegram.org/bot8084223356:AAH0f9ib-iOJlt4xZWPH3r8GecTdVvjYcrE/getUpdates "HTTP/1.1 200 OK"
2025-04-27 22:11:41,390 - httpx - INFO - HTTP Request: POST https://api.telegram.org/bot8084223356:AAH0f9ib-iOJlt4xZWPH3r8GecTdVvjYcrE/getUpdates "HTTP/1.1 200 OK"
2025-04-27 22:11:51,435 - httpx - INFO - HTTP Request: POST https://api.telegram.org/bot8084223356:AAH0f9ib-iOJlt4xZWPH3r8GecTdVvjYcrE/getUpdates "HTTP/1.1 200 OK"
2025-04-27 22:12:01,483 - httpx - INFO - HTTP Request: POST https://api.telegram.org/bot8084223356:AAH0f9ib-iOJlt4xZWPH3r8GecTdVvjYcrE/getUpdates "HTTP/1.1 200 OK"
2025-04-27 22:12:11,530 - httpx - INFO - HTTP Request: POST https://api.telegram.org/bot8084223356:AAH0f9ib-iOJlt4xZWPH3r8GecTdVvjYcrE/getUpdates "HTTP/1.1 200 OK"
2025-04-27 22:12:21,578 - httpx - INFO - HTTP Request: POST https://api.telegram.org/bot8084223356:AAH0f9ib-iOJlt4xZWPH3r8GecTdVvjYcrE/getUpdates "HTTP/1.1 200 OK"
2025-04-27 22:12:31,620 - httpx - INFO - HTTP Request: POST https://api.telegram.org/bot8084223356:AAH0f9ib-iOJlt4xZWPH3r8GecTdVvjYcrE/getUpdates "HTTP/1.1 200 OK"
2025-04-27 22:12:41,665 - httpx - INFO - HTTP Request: POST https://api.telegram.org/bot8084223356:AAH0f9ib-iOJlt4xZWPH3r8GecTdVvjYcrE/getUpdates "HTTP/1.1 200 OK"
2025-04-27 22:12:51,710 - httpx - INFO - HTTP Request: POST https://api.telegram.org/bot8084223356:AAH0f9ib-iOJlt4xZWPH3r8GecTdVvjYcrE/getUpdates "HTTP/1.1 200 OK"
2025-04-27 22:13:01,756 - httpx - INFO - HTTP Request: POST https://api.telegram.org/bot8084223356:AAH0f9ib-iOJlt4xZWPH3r8GecTdVvjYcrE/getUpdates "HTTP/1.1 200 OK"
2025-04-27 22:13:11,860 - httpx - INFO - HTTP Request: POST https://api.telegram.org/bot8084223356:AAH0f9ib-iOJlt4xZWPH3r8GecTdVvjYcrE/getUpdates "HTTP/1.1 200 OK"
2025-04-27 22:13:21,935 - httpx - INFO - HTTP Request: POST https://api.telegram.org/bot8084223356:AAH0f9ib-iOJlt4xZWPH3r8GecTdVvjYcrE/getUpdates "HTTP/1.1 200 OK"
2025-04-27 22:13:31,983 - httpx - INFO - HTTP Request: POST https://api.telegram.org/bot8084223356:AAH0f9ib-iOJlt4xZWPH3r8GecTdVvjYcrE/getUpdates "HTTP/1.1 200 OK"
2025-04-27 22:13:42,027 - httpx - INFO - HTTP Request: POST https://api.telegram.org/bot8084223356:AAH0f9ib-iOJlt4xZWPH3r8GecTdVvjYcrE/getUpdates "HTTP/1.1 200 OK"
2025-04-27 22:13:52,075 - httpx - INFO - HTTP Request: POST https://api.telegram.org/bot8084223356:AAH0f9ib-iOJlt4xZWPH3r8GecTdVvjYcrE/getUpdates "HTTP/1.1 200 OK"
2025-04-27 22:14:02,238 - httpx - INFO - HTTP Request: POST https://api.telegram.org/bot8084223356:AAH0f9ib-iOJlt4xZWPH3r8GecTdVvjYcrE/getUpdates "HTTP/1.1 200 OK"
2025-04-27 22:14:12,292 - httpx - INFO - HTTP Request: POST https://api.telegram.org/bot8084223356:AAH0f9ib-iOJlt4xZWPH3r8GecTdVvjYcrE/getUpdates "HTTP/1.1 200 OK"
2025-04-27 22:14:22,355 - httpx - INFO - HTTP Request: POST https://api.telegram.org/bot8084223356:AAH0f9ib-iOJlt4xZWPH3r8GecTdVvjYcrE/getUpdates "HTTP/1.1 200 OK"
2025-04-27 22:14:32,412 - httpx - INFO - HTTP Request: POST https://api.telegram.org/bot8084223356:AAH0f9ib-iOJlt4xZWPH3r8GecTdVvjYcrE/getUpdates "HTTP/1.1 200 OK"
2025-04-27 22:14:42,457 - httpx - INFO - HTTP Request: POST https://api.telegram.org/bot8084223356:AAH0f9ib-iOJlt4xZWPH3r8GecTdVvjYcrE/getUpdates "HTTP/1.1 200 OK"
2025-04-27 22:14:52,523 - httpx - INFO - HTTP Request: POST https://api.telegram.org/bot8084223356:AAH0f9ib-iOJlt4xZWPH3r8GecTdVvjYcrE/getUpdates "HTTP/1.1 200 OK"
2025-04-27 22:15:02,566 - httpx - INFO - HTTP Request: POST https://api.telegram.org/bot8084223356:AAH0f9ib-iOJlt4xZWPH3r8GecTdVvjYcrE/getUpdates "HTTP/1.1 200 OK"
2025-04-27 22:15:12,612 - httpx - INFO - HTTP Request: POST https://api.telegram.org/bot8084223356:AAH0f9ib-iOJlt4xZWPH3r8GecTdVvjYcrE/getUpdates "HTTP/1.1 200 OK"
2025-04-27 22:15:22,658 - httpx - INFO - HTTP Request: POST https://api.telegram.org/bot8084223356:AAH0f9ib-iOJlt4xZWPH3r8GecTdVvjYcrE/getUpdates "HTTP/1.1 200 OK"
2025-04-27 22:15:32,715 - httpx - INFO - HTTP Request: POST https://api.telegram.org/bot8084223356:AAH0f9ib-iOJlt4xZWPH3r8GecTdVvjYcrE/getUpdates "HTTP/1.1 200 OK"
2025-04-27 22:15:42,761 - httpx - INFO - HTTP Request: POST https://api.telegram.org/bot8084223356:AAH0f9ib-iOJlt4xZWPH3r8GecTdVvjYcrE/getUpdates "HTTP/1.1 200 OK"
2025-04-27 22:15:52,806 - httpx - INFO - HTTP Request: POST https://api.telegram.org/bot8084223356:AAH0f9ib-iOJlt4xZWPH3r8GecTdVvjYcrE/getUpdates "HTTP/1.1 200 OK"
2025-04-27 22:16:02,851 - httpx - INFO - HTTP Request: POST https://api.telegram.org/bot8084223356:AAH0f9ib-iOJlt4xZWPH3r8GecTdVvjYcrE/getUpdates "HTTP/1.1 200 OK"
2025-04-27 22:16:12,896 - httpx - INFO - HTTP Request: POST https://api.telegram.org/bot8084223356:AAH0f9ib-iOJlt4xZWPH3r8GecTdVvjYcrE/getUpdates "HTTP/1.1 200 OK"
2025-04-27 22:16:22,942 - httpx - INFO - HTTP Request: POST https://api.telegram.org/bot8084223356:AAH0f9ib-iOJlt4xZWPH3r8GecTdVvjYcrE/getUpdates "HTTP/1.1 200 OK"
2025-04-27 22:16:32,989 - httpx - INFO - HTTP Request: POST https://api.telegram.org/bot8084223356:AAH0f9ib-iOJlt4xZWPH3r8GecTdVvjYcrE/getUpdates "HTTP/1.1 200 OK"
2025-04-27 22:16:43,035 - httpx - INFO - HTTP Request: POST https://api.telegram.org/bot8084223356:AAH0f9ib-iOJlt4xZWPH3r8GecTdVvjYcrE/getUpdates "HTTP/1.1 200 OK"
2025-04-27 22:16:53,094 - httpx - INFO - HTTP Request: POST https://api.telegram.org/bot8084223356:AAH0f9ib-iOJlt4xZWPH3r8GecTdVvjYcrE/getUpdates "HTTP/1.1 200 OK"
2025-04-27 22:17:03,159 - httpx - INFO - HTTP Request: POST https://api.telegram.org/bot8084223356:AAH0f9ib-iOJlt4xZWPH3r8GecTdVvjYcrE/getUpdates "HTTP/1.1 200 OK"
2025-04-27 22:17:13,212 - httpx - INFO - HTTP Request: POST https://api.telegram.org/bot8084223356:AAH0f9ib-iOJlt4xZWPH3r8GecTdVvjYcrE/getUpdates "HTTP/1.1 200 OK"
2025-04-27 22:17:23,361 - httpx - INFO - HTTP Request: POST https://api.telegram.org/bot8084223356:AAH0f9ib-iOJlt4xZWPH3r8GecTdVvjYcrE/getUpdates "HTTP/1.1 200 OK"
2025-04-27 22:17:33,412 - httpx - INFO - HTTP Request: POST https://api.telegram.org/bot8084223356:AAH0f9ib-iOJlt4xZWPH3r8GecTdVvjYcrE/getUpdates "HTTP/1.1 200 OK"
2025-04-27 22:17:43,465 - httpx - INFO - HTTP Request: POST https://api.telegram.org/bot8084223356:AAH0f9ib-iOJlt4xZWPH3r8GecTdVvjYcrE/getUpdates "HTTP/1.1 200 OK"
2025-04-27 22:17:53,536 - httpx - INFO - HTTP Request: POST https://api.telegram.org/bot8084223356:AAH0f9ib-iOJlt4xZWPH3r8GecTdVvjYcrE/getUpdates "HTTP/1.1 200 OK"
2025-04-27 22:18:03,583 - httpx - INFO - HTTP Request: POST https://api.telegram.org/bot8084223356:AAH0f9ib-iOJlt4xZWPH3r8GecTdVvjYcrE/getUpdates "HTTP/1.1 200 OK"
2025-04-27 22:18:13,629 - httpx - INFO - HTTP Request: POST https://api.telegram.org/bot8084223356:AAH0f9ib-iOJlt4xZWPH3r8GecTdVvjYcrE/getUpdates "HTTP/1.1 200 OK"
2025-04-27 22:18:23,677 - httpx - INFO - HTTP Request: POST https://api.telegram.org/bot8084223356:AAH0f9ib-iOJlt4xZWPH3r8GecTdVvjYcrE/getUpdates "HTTP/1.1 200 OK"
2025-04-27 22:18:33,739 - httpx - INFO - HTTP Request: POST https://api.telegram.org/bot8084223356:AAH0f9ib-iOJlt4xZWPH3r8GecTdVvjYcrE/getUpdates "HTTP/1.1 200 OK"
2025-04-27 22:18:43,784 - httpx - INFO - HTTP Request: POST https://api.telegram.org/bot8084223356:AAH0f9ib-iOJlt4xZWPH3r8GecTdVvjYcrE/getUpdates "HTTP/1.1 200 OK"
2025-04-27 22:18:53,830 - httpx - INFO - HTTP Request: POST https://api.telegram.org/bot8084223356:AAH0f9ib-iOJlt4xZWPH3r8GecTdVvjYcrE/getUpdates "HTTP/1.1 200 OK"
2025-04-27 22:19:03,912 - httpx - INFO - HTTP Request: POST https://api.telegram.org/bot8084223356:AAH0f9ib-iOJlt4xZWPH3r8GecTdVvjYcrE/getUpdates "HTTP/1.1 200 OK"
2025-04-27 22:19:13,960 - httpx - INFO - HTTP Request: POST https://api.telegram.org/bot8084223356:AAH0f9ib-iOJlt4xZWPH3r8GecTdVvjYcrE/getUpdates "HTTP/1.1 200 OK"
2025-04-27 22:19:24,006 - httpx - INFO - HTTP Request: POST https://api.telegram.org/bot8084223356:AAH0f9ib-iOJlt4xZWPH3r8GecTdVvjYcrE/getUpdates "HTTP/1.1 200 OK"
2025-04-27 22:19:34,052 - httpx - INFO - HTTP Request: POST https://api.telegram.org/bot8084223356:AAH0f9ib-iOJlt4xZWPH3r8GecTdVvjYcrE/getUpdates "HTTP/1.1 200 OK"
2025-04-27 22:19:44,095 - httpx - INFO - HTTP Request: POST https://api.telegram.org/bot8084223356:AAH0f9ib-iOJlt4xZWPH3r8GecTdVvjYcrE/getUpdates "HTTP/1.1 200 OK"
2025-04-27 22:19:54,139 - httpx - INFO - HTTP Request: POST https://api.telegram.org/bot8084223356:AAH0f9ib-iOJlt4xZWPH3r8GecTdVvjYcrE/getUpdates "HTTP/1.1 200 OK"
2025-04-27 22:20:04,183 - httpx - INFO - HTTP Request: POST https://api.telegram.org/bot8084223356:AAH0f9ib-iOJlt4xZWPH3r8GecTdVvjYcrE/getUpdates "HTTP/1.1 200 OK"
2025-04-27 22:20:14,226 - httpx - INFO - HTTP Request: POST https://api.telegram.org/bot8084223356:AAH0f9ib-iOJlt4xZWPH3r8GecTdVvjYcrE/getUpdates "HTTP/1.1 200 OK"
2025-04-27 22:20:24,274 - httpx - INFO - HTTP Request: POST https://api.telegram.org/bot8084223356:AAH0f9ib-iOJlt4xZWPH3r8GecTdVvjYcrE/getUpdates "HTTP/1.1 200 OK"
2025-04-27 22:20:34,319 - httpx - INFO - HTTP Request: POST https://api.telegram.org/bot8084223356:AAH0f9ib-iOJlt4xZWPH3r8GecTdVvjYcrE/getUpdates "HTTP/1.1 200 OK"
2025-04-27 22:20:44,385 - httpx - INFO - HTTP Request: POST https://api.telegram.org/bot8084223356:AAH0f9ib-iOJlt4xZWPH3r8GecTdVvjYcrE/getUpdates "HTTP/1.1 200 OK"
2025-04-27 22:20:54,429 - httpx - INFO - HTTP Request: POST https://api.telegram.org/bot8084223356:AAH0f9ib-iOJlt4xZWPH3r8GecTdVvjYcrE/getUpdates "HTTP/1.1 200 OK"
2025-04-27 22:21:04,484 - httpx - INFO - HTTP Request: POST https://api.telegram.org/bot8084223356:AAH0f9ib-iOJlt4xZWPH3r8GecTdVvjYcrE/getUpdates "HTTP/1.1 200 OK"
2025-04-27 22:21:14,531 - httpx - INFO - HTTP Request: POST https://api.telegram.org/bot8084223356:AAH0f9ib-iOJlt4xZWPH3r8GecTdVvjYcrE/getUpdates "HTTP/1.1 200 OK"
2025-04-27 22:21:24,580 - httpx - INFO - HTTP Request: POST https://api.telegram.org/bot8084223356:AAH0f9ib-iOJlt4xZWPH3r8GecTdVvjYcrE/getUpdates "HTTP/1.1 200 OK"
2025-04-27 22:21:34,625 - httpx - INFO - HTTP Request: POST https://api.telegram.org/bot8084223356:AAH0f9ib-iOJlt4xZWPH3r8GecTdVvjYcrE/getUpdates "HTTP/1.1 200 OK"
2025-04-27 22:21:44,671 - httpx - INFO - HTTP Request: POST https://api.telegram.org/bot8084223356:AAH0f9ib-iOJlt4xZWPH3r8GecTdVvjYcrE/getUpdates "HTTP/1.1 200 OK"
2025-04-27 22:21:54,719 - httpx - INFO - HTTP Request: POST https://api.telegram.org/bot8084223356:AAH0f9ib-iOJlt4xZWPH3r8GecTdVvjYcrE/getUpdates "HTTP/1.1 200 OK"
2025-04-27 22:22:04,780 - httpx - INFO - HTTP Request: POST https://api.telegram.org/bot8084223356:AAH0f9ib-iOJlt4xZWPH3r8GecTdVvjYcrE/getUpdates "HTTP/1.1 200 OK"
2025-04-27 22:22:14,829 - httpx - INFO - HTTP Request: POST https://api.telegram.org/bot8084223356:AAH0f9ib-iOJlt4xZWPH3r8GecTdVvjYcrE/getUpdates "HTTP/1.1 200 OK"
2025-04-27 22:22:24,875 - httpx - INFO - HTTP Request: POST https://api.telegram.org/bot8084223356:AAH0f9ib-iOJlt4xZWPH3r8GecTdVvjYcrE/getUpdates "HTTP/1.1 200 OK"
2025-04-27 22:22:34,921 - httpx - INFO - HTTP Request: POST https://api.telegram.org/bot8084223356:AAH0f9ib-iOJlt4xZWPH3r8GecTdVvjYcrE/getUpdates "HTTP/1.1 200 OK"
2025-04-27 22:22:44,965 - httpx - INFO - HTTP Request: POST https://api.telegram.org/bot8084223356:AAH0f9ib-iOJlt4xZWPH3r8GecTdVvjYcrE/getUpdates "HTTP/1.1 200 OK"
2025-04-27 22:22:55,120 - httpx - INFO - HTTP Request: POST https://api.telegram.org/bot8084223356:AAH0f9ib-iOJlt4xZWPH3r8GecTdVvjYcrE/getUpdates "HTTP/1.1 200 OK"
2025-04-27 22:23:03,504 - httpx - INFO - HTTP Request: POST https://api.telegram.org/bot8084223356:AAH0f9ib-iOJlt4xZWPH3r8GecTdVvjYcrE/getUpdates "HTTP/1.1 200 OK"
2025-04-27 22:23:03,670 - httpx - INFO - HTTP Request: POST https://api.telegram.org/bot8084223356:AAH0f9ib-iOJlt4xZWPH3r8GecTdVvjYcrE/sendMessage "HTTP/1.1 200 OK"
2025-04-27 22:23:06,624 - httpx - INFO - HTTP Request: POST https://api.telegram.org/bot8084223356:AAH0f9ib-iOJlt4xZWPH3r8GecTdVvjYcrE/getUpdates "HTTP/1.1 200 OK"
2025-04-27 22:23:06,721 - httpx - INFO - HTTP Request: POST https://api.telegram.org/bot8084223356:AAH0f9ib-iOJlt4xZWPH3r8GecTdVvjYcrE/sendMessage "HTTP/1.1 200 OK"
2025-04-27 22:23:16,674 - httpx - INFO - HTTP Request: POST https://api.telegram.org/bot8084223356:AAH0f9ib-iOJlt4xZWPH3r8GecTdVvjYcrE/getUpdates "HTTP/1.1 200 OK"
2025-04-27 22:23:17,567 - httpx - INFO - HTTP Request: POST https://api.telegram.org/bot8084223356:AAH0f9ib-iOJlt4xZWPH3r8GecTdVvjYcrE/getUpdates "HTTP/1.1 200 OK"
2025-04-27 22:23:17,719 - httpx - INFO - HTTP Request: POST https://api.telegram.org/bot8084223356:AAH0f9ib-iOJlt4xZWPH3r8GecTdVvjYcrE/answerCallbackQuery "HTTP/1.1 200 OK"
2025-04-27 22:23:17,797 - httpx - INFO - HTTP Request: POST https://api.telegram.org/bot8084223356:AAH0f9ib-iOJlt4xZWPH3r8GecTdVvjYcrE/editMessageText "HTTP/1.1 200 OK"
2025-04-27 22:23:19,388 - httpx - INFO - HTTP Request: POST https://api.telegram.org/bot8084223356:AAH0f9ib-iOJlt4xZWPH3r8GecTdVvjYcrE/editMessageText "HTTP/1.1 200 OK"
2025-04-27 22:23:27,634 - httpx - INFO - HTTP Request: POST https://api.telegram.org/bot8084223356:AAH0f9ib-iOJlt4xZWPH3r8GecTdVvjYcrE/getUpdates "HTTP/1.1 200 OK"
2025-04-27 22:23:37,789 - httpx - INFO - HTTP Request: POST https://api.telegram.org/bot8084223356:AAH0f9ib-iOJlt4xZWPH3r8GecTdVvjYcrE/getUpdates "HTTP/1.1 200 OK"
2025-04-27 22:23:47,838 - httpx - INFO - HTTP Request: POST https://api.telegram.org/bot8084223356:AAH0f9ib-iOJlt4xZWPH3r8GecTdVvjYcrE/getUpdates "HTTP/1.1 200 OK"
2025-04-27 22:23:57,887 - httpx - INFO - HTTP Request: POST https://api.telegram.org/bot8084223356:AAH0f9ib-iOJlt4xZWPH3r8GecTdVvjYcrE/getUpdates "HTTP/1.1 200 OK"
2025-04-27 22:24:07,937 - httpx - INFO - HTTP Request: POST https://api.telegram.org/bot8084223356:AAH0f9ib-iOJlt4xZWPH3r8GecTdVvjYcrE/getUpdates "HTTP/1.1 200 OK"
2025-04-27 22:24:17,982 - httpx - INFO - HTTP Request: POST https://api.telegram.org/bot8084223356:AAH0f9ib-iOJlt4xZWPH3r8GecTdVvjYcrE/getUpdates "HTTP/1.1 200 OK"
2025-04-27 22:24:28,057 - httpx - INFO - HTTP Request: POST https://api.telegram.org/bot8084223356:AAH0f9ib-iOJlt4xZWPH3r8GecTdVvjYcrE/getUpdates "HTTP/1.1 200 OK"
2025-04-27 22:24:38,103 - httpx - INFO - HTTP Request: POST https://api.telegram.org/bot8084223356:AAH0f9ib-iOJlt4xZWPH3r8GecTdVvjYcrE/getUpdates "HTTP/1.1 200 OK"
2025-04-27 22:24:48,162 - httpx - INFO - HTTP Request: POST https://api.telegram.org/bot8084223356:AAH0f9ib-iOJlt4xZWPH3r8GecTdVvjYcrE/getUpdates "HTTP/1.1 200 OK"
2025-04-27 22:24:58,210 - httpx - INFO - HTTP Request: POST https://api.telegram.org/bot8084223356:AAH0f9ib-iOJlt4xZWPH3r8GecTdVvjYcrE/getUpdates "HTTP/1.1 200 OK"
2025-04-27 22:25:08,253 - httpx - INFO - HTTP Request: POST https://api.telegram.org/bot8084223356:AAH0f9ib-iOJlt4xZWPH3r8GecTdVvjYcrE/getUpdates "HTTP/1.1 200 OK"
2025-04-27 22:25:18,297 - httpx - INFO - HTTP Request: POST https://api.telegram.org/bot8084223356:AAH0f9ib-iOJlt4xZWPH3r8GecTdVvjYcrE/getUpdates "HTTP/1.1 200 OK"
2025-04-27 22:25:28,339 - httpx - INFO - HTTP Request: POST https://api.telegram.org/bot8084223356:AAH0f9ib-iOJlt4xZWPH3r8GecTdVvjYcrE/getUpdates "HTTP/1.1 200 OK"
2025-04-27 22:25:38,385 - httpx - INFO - HTTP Request: POST https://api.telegram.org/bot8084223356:AAH0f9ib-iOJlt4xZWPH3r8GecTdVvjYcrE/getUpdates "HTTP/1.1 200 OK"
2025-04-27 22:25:48,430 - httpx - INFO - HTTP Request: POST https://api.telegram.org/bot8084223356:AAH0f9ib-iOJlt4xZWPH3r8GecTdVvjYcrE/getUpdates "HTTP/1.1 200 OK"
2025-04-27 22:25:58,477 - httpx - INFO - HTTP Request: POST https://api.telegram.org/bot8084223356:AAH0f9ib-iOJlt4xZWPH3r8GecTdVvjYcrE/getUpdates "HTTP/1.1 200 OK"
2025-04-27 22:26:08,522 - httpx - INFO - HTTP Request: POST https://api.telegram.org/bot8084223356:AAH0f9ib-iOJlt4xZWPH3r8GecTdVvjYcrE/getUpdates "HTTP/1.1 200 OK"
2025-04-27 22:26:18,728 - httpx - INFO - HTTP Request: POST https://api.telegram.org/bot8084223356:AAH0f9ib-iOJlt4xZWPH3r8GecTdVvjYcrE/getUpdates "HTTP/1.1 200 OK"
2025-04-27 22:26:28,782 - httpx - INFO - HTTP Request: POST https://api.telegram.org/bot8084223356:AAH0f9ib-iOJlt4xZWPH3r8GecTdVvjYcrE/getUpdates "HTTP/1.1 200 OK"
2025-04-27 22:26:38,831 - httpx - INFO - HTTP Request: POST https://api.telegram.org/bot8084223356:AAH0f9ib-iOJlt4xZWPH3r8GecTdVvjYcrE/getUpdates "HTTP/1.1 200 OK"
2025-04-27 22:26:48,885 - httpx - INFO - HTTP Request: POST https://api.telegram.org/bot8084223356:AAH0f9ib-iOJlt4xZWPH3r8GecTdVvjYcrE/getUpdates "HTTP/1.1 200 OK"
2025-04-27 22:26:58,939 - httpx - INFO - HTTP Request: POST https://api.telegram.org/bot8084223356:AAH0f9ib-iOJlt4xZWPH3r8GecTdVvjYcrE/getUpdates "HTTP/1.1 200 OK"
2025-04-27 22:27:08,989 - httpx - INFO - HTTP Request: POST https://api.telegram.org/bot8084223356:AAH0f9ib-iOJlt4xZWPH3r8GecTdVvjYcrE/getUpdates "HTTP/1.1 200 OK"
2025-04-27 22:27:19,041 - httpx - INFO - HTTP Request: POST https://api.telegram.org/bot8084223356:AAH0f9ib-iOJlt4xZWPH3r8GecTdVvjYcrE/getUpdates "HTTP/1.1 200 OK"
2025-04-27 22:27:29,120 - httpx - INFO - HTTP Request: POST https://api.telegram.org/bot8084223356:AAH0f9ib-iOJlt4xZWPH3r8GecTdVvjYcrE/getUpdates "HTTP/1.1 200 OK"
2025-04-27 22:27:39,172 - httpx - INFO - HTTP Request: POST https://api.telegram.org/bot8084223356:AAH0f9ib-iOJlt4xZWPH3r8GecTdVvjYcrE/getUpdates "HTTP/1.1 200 OK"
2025-04-27 22:27:49,224 - httpx - INFO - HTTP Request: POST https://api.telegram.org/bot8084223356:AAH0f9ib-iOJlt4xZWPH3r8GecTdVvjYcrE/getUpdates "HTTP/1.1 200 OK"
2025-04-27 22:27:59,278 - httpx - INFO - HTTP Request: POST https://api.telegram.org/bot8084223356:AAH0f9ib-iOJlt4xZWPH3r8GecTdVvjYcrE/getUpdates "HTTP/1.1 200 OK"
2025-04-27 22:28:09,331 - httpx - INFO - HTTP Request: POST https://api.telegram.org/bot8084223356:AAH0f9ib-iOJlt4xZWPH3r8GecTdVvjYcrE/getUpdates "HTTP/1.1 200 OK"
2025-04-27 22:28:19,384 - httpx - INFO - HTTP Request: POST https://api.telegram.org/bot8084223356:AAH0f9ib-iOJlt4xZWPH3r8GecTdVvjYcrE/getUpdates "HTTP/1.1 200 OK"
2025-04-27 22:28:29,437 - httpx - INFO - HTTP Request: POST https://api.telegram.org/bot8084223356:AAH0f9ib-iOJlt4xZWPH3r8GecTdVvjYcrE/getUpdates "HTTP/1.1 200 OK"
2025-04-27 22:28:39,490 - httpx - INFO - HTTP Request: POST https://api.telegram.org/bot8084223356:AAH0f9ib-iOJlt4xZWPH3r8GecTdVvjYcrE/getUpdates "HTTP/1.1 200 OK"
2025-04-27 22:28:49,653 - httpx - INFO - HTTP Request: POST https://api.telegram.org/bot8084223356:AAH0f9ib-iOJlt4xZWPH3r8GecTdVvjYcrE/getUpdates "HTTP/1.1 200 OK"
2025-04-27 22:28:59,707 - httpx - INFO - HTTP Request: POST https://api.telegram.org/bot8084223356:AAH0f9ib-iOJlt4xZWPH3r8GecTdVvjYcrE/getUpdates "HTTP/1.1 200 OK"
2025-04-27 22:29:09,758 - httpx - INFO - HTTP Request: POST https://api.telegram.org/bot8084223356:AAH0f9ib-iOJlt4xZWPH3r8GecTdVvjYcrE/getUpdates "HTTP/1.1 200 OK"
2025-04-27 22:29:19,810 - httpx - INFO - HTTP Request: POST https://api.telegram.org/bot8084223356:AAH0f9ib-iOJlt4xZWPH3r8GecTdVvjYcrE/getUpdates "HTTP/1.1 200 OK"
2025-04-27 22:29:29,863 - httpx - INFO - HTTP Request: POST https://api.telegram.org/bot8084223356:AAH0f9ib-iOJlt4xZWPH3r8GecTdVvjYcrE/getUpdates "HTTP/1.1 200 OK"
2025-04-27 22:29:39,916 - httpx - INFO - HTTP Request: POST https://api.telegram.org/bot8084223356:AAH0f9ib-iOJlt4xZWPH3r8GecTdVvjYcrE/getUpdates "HTTP/1.1 200 OK"
2025-04-27 22:29:49,969 - httpx - INFO - HTTP Request: POST https://api.telegram.org/bot8084223356:AAH0f9ib-iOJlt4xZWPH3r8GecTdVvjYcrE/getUpdates "HTTP/1.1 200 OK"
2025-04-27 22:30:00,022 - httpx - INFO - HTTP Request: POST https://api.telegram.org/bot8084223356:AAH0f9ib-iOJlt4xZWPH3r8GecTdVvjYcrE/getUpdates "HTTP/1.1 200 OK"
2025-04-27 22:30:10,080 - httpx - INFO - HTTP Request: POST https://api.telegram.org/bot8084223356:AAH0f9ib-iOJlt4xZWPH3r8GecTdVvjYcrE/getUpdates "HTTP/1.1 200 OK"
2025-04-27 22:30:20,128 - httpx - INFO - HTTP Request: POST https://api.telegram.org/bot8084223356:AAH0f9ib-iOJlt4xZWPH3r8GecTdVvjYcrE/getUpdates "HTTP/1.1 200 OK"
2025-04-27 22:30:30,183 - httpx - INFO - HTTP Request: POST https://api.telegram.org/bot8084223356:AAH0f9ib-iOJlt4xZWPH3r8GecTdVvjYcrE/getUpdates "HTTP/1.1 200 OK"
2025-04-27 22:30:40,345 - httpx - INFO - HTTP Request: POST https://api.telegram.org/bot8084223356:AAH0f9ib-iOJlt4xZWPH3r8GecTdVvjYcrE/getUpdates "HTTP/1.1 200 OK"
2025-04-27 22:30:50,394 - httpx - INFO - HTTP Request: POST https://api.telegram.org/bot8084223356:AAH0f9ib-iOJlt4xZWPH3r8GecTdVvjYcrE/getUpdates "HTTP/1.1 200 OK"
2025-04-27 22:31:00,444 - httpx - INFO - HTTP Request: POST https://api.telegram.org/bot8084223356:AAH0f9ib-iOJlt4xZWPH3r8GecTdVvjYcrE/getUpdates "HTTP/1.1 200 OK"
2025-04-27 22:31:10,500 - httpx - INFO - HTTP Request: POST https://api.telegram.org/bot8084223356:AAH0f9ib-iOJlt4xZWPH3r8GecTdVvjYcrE/getUpdates "HTTP/1.1 200 OK"
2025-04-27 22:31:20,562 - httpx - INFO - HTTP Request: POST https://api.telegram.org/bot8084223356:AAH0f9ib-iOJlt4xZWPH3r8GecTdVvjYcrE/getUpdates "HTTP/1.1 200 OK"
2025-04-27 22:31:30,613 - httpx - INFO - HTTP Request: POST https://api.telegram.org/bot8084223356:AAH0f9ib-iOJlt4xZWPH3r8GecTdVvjYcrE/getUpdates "HTTP/1.1 200 OK"
2025-04-27 22:31:40,660 - httpx - INFO - HTTP Request: POST https://api.telegram.org/bot8084223356:AAH0f9ib-iOJlt4xZWPH3r8GecTdVvjYcrE/getUpdates "HTTP/1.1 200 OK"
2025-04-27 22:31:50,710 - httpx - INFO - HTTP Request: POST https://api.telegram.org/bot8084223356:AAH0f9ib-iOJlt4xZWPH3r8GecTdVvjYcrE/getUpdates "HTTP/1.1 200 OK"
2025-04-27 22:32:00,760 - httpx - INFO - HTTP Request: POST https://api.telegram.org/bot8084223356:AAH0f9ib-iOJlt4xZWPH3r8GecTdVvjYcrE/getUpdates "HTTP/1.1 200 OK"
2025-04-27 22:32:10,811 - httpx - INFO - HTTP Request: POST https://api.telegram.org/bot8084223356:AAH0f9ib-iOJlt4xZWPH3r8GecTdVvjYcrE/getUpdates "HTTP/1.1 200 OK"
2025-04-27 22:32:20,859 - httpx - INFO - HTTP Request: POST https://api.telegram.org/bot8084223356:AAH0f9ib-iOJlt4xZWPH3r8GecTdVvjYcrE/getUpdates "HTTP/1.1 200 OK"
2025-04-27 22:32:30,910 - httpx - INFO - HTTP Request: POST https://api.telegram.org/bot8084223356:AAH0f9ib-iOJlt4xZWPH3r8GecTdVvjYcrE/getUpdates "HTTP/1.1 200 OK"
2025-04-27 22:32:40,960 - httpx - INFO - HTTP Request: POST https://api.telegram.org/bot8084223356:AAH0f9ib-iOJlt4xZWPH3r8GecTdVvjYcrE/getUpdates "HTTP/1.1 200 OK"
2025-04-27 22:32:51,010 - httpx - INFO - HTTP Request: POST https://api.telegram.org/bot8084223356:AAH0f9ib-iOJlt4xZWPH3r8GecTdVvjYcrE/getUpdates "HTTP/1.1 200 OK"
2025-04-27 22:33:01,058 - httpx - INFO - HTTP Request: POST https://api.telegram.org/bot8084223356:AAH0f9ib-iOJlt4xZWPH3r8GecTdVvjYcrE/getUpdates "HTTP/1.1 200 OK"
2025-04-27 22:33:11,108 - httpx - INFO - HTTP Request: POST https://api.telegram.org/bot8084223356:AAH0f9ib-iOJlt4xZWPH3r8GecTdVvjYcrE/getUpdates "HTTP/1.1 200 OK"
2025-04-27 22:33:21,189 - httpx - INFO - HTTP Request: POST https://api.telegram.org/bot8084223356:AAH0f9ib-iOJlt4xZWPH3r8GecTdVvjYcrE/getUpdates "HTTP/1.1 200 OK"
2025-04-27 22:33:31,241 - httpx - INFO - HTTP Request: POST https://api.telegram.org/bot8084223356:AAH0f9ib-iOJlt4xZWPH3r8GecTdVvjYcrE/getUpdates "HTTP/1.1 200 OK"
2025-04-27 22:33:41,290 - httpx - INFO - HTTP Request: POST https://api.telegram.org/bot8084223356:AAH0f9ib-iOJlt4xZWPH3r8GecTdVvjYcrE/getUpdates "HTTP/1.1 200 OK"
2025-04-27 22:33:51,343 - httpx - INFO - HTTP Request: POST https://api.telegram.org/bot8084223356:AAH0f9ib-iOJlt4xZWPH3r8GecTdVvjYcrE/getUpdates "HTTP/1.1 200 OK"
2025-04-27 22:34:01,397 - httpx - INFO - HTTP Request: POST https://api.telegram.org/bot8084223356:AAH0f9ib-iOJlt4xZWPH3r8GecTdVvjYcrE/getUpdates "HTTP/1.1 200 OK"
2025-04-27 22:34:11,447 - httpx - INFO - HTTP Request: POST https://api.telegram.org/bot8084223356:AAH0f9ib-iOJlt4xZWPH3r8GecTdVvjYcrE/getUpdates "HTTP/1.1 200 OK"
2025-04-27 22:34:21,500 - httpx - INFO - HTTP Request: POST https://api.telegram.org/bot8084223356:AAH0f9ib-iOJlt4xZWPH3r8GecTdVvjYcrE/getUpdates "HTTP/1.1 200 OK"
2025-04-27 22:34:21,823 - httpx - INFO - HTTP Request: POST https://api.telegram.org/bot8084223356:AAH0f9ib-iOJlt4xZWPH3r8GecTdVvjYcrE/getUpdates "HTTP/1.1 200 OK"
2025-04-27 22:34:21,964 - httpx - INFO - HTTP Request: POST https://api.telegram.org/bot8084223356:AAH0f9ib-iOJlt4xZWPH3r8GecTdVvjYcrE/answerCallbackQuery "HTTP/1.1 200 OK"
2025-04-27 22:34:22,020 - httpx - INFO - HTTP Request: POST https://api.telegram.org/bot8084223356:AAH0f9ib-iOJlt4xZWPH3r8GecTdVvjYcrE/editMessageText "HTTP/1.1 200 OK"
2025-04-27 22:34:23,432 - httpx - INFO - HTTP Request: POST https://api.telegram.org/bot8084223356:AAH0f9ib-iOJlt4xZWPH3r8GecTdVvjYcrE/editMessageText "HTTP/1.1 200 OK"
2025-04-27 22:34:31,875 - httpx - INFO - HTTP Request: POST https://api.telegram.org/bot8084223356:AAH0f9ib-iOJlt4xZWPH3r8GecTdVvjYcrE/getUpdates "HTTP/1.1 200 OK"
2025-04-27 22:34:41,992 - httpx - INFO - HTTP Request: POST https://api.telegram.org/bot8084223356:AAH0f9ib-iOJlt4xZWPH3r8GecTdVvjYcrE/getUpdates "HTTP/1.1 200 OK"
2025-04-27 22:34:52,043 - httpx - INFO - HTTP Request: POST https://api.telegram.org/bot8084223356:AAH0f9ib-iOJlt4xZWPH3r8GecTdVvjYcrE/getUpdates "HTTP/1.1 200 OK"
2025-04-27 22:35:02,090 - httpx - INFO - HTTP Request: POST https://api.telegram.org/bot8084223356:AAH0f9ib-iOJlt4xZWPH3r8GecTdVvjYcrE/getUpdates "HTTP/1.1 200 OK"
2025-04-27 22:35:12,143 - httpx - INFO - HTTP Request: POST https://api.telegram.org/bot8084223356:AAH0f9ib-iOJlt4xZWPH3r8GecTdVvjYcrE/getUpdates "HTTP/1.1 200 OK"
2025-04-27 22:36:36,568 - httpx - INFO - HTTP Request: POST https://api.telegram.org/bot8084223356:AAH0f9ib-iOJlt4xZWPH3r8GecTdVvjYcrE/getMe "HTTP/1.1 200 OK"
2025-04-27 22:36:36,615 - httpx - INFO - HTTP Request: POST https://api.telegram.org/bot8084223356:AAH0f9ib-iOJlt4xZWPH3r8GecTdVvjYcrE/deleteWebhook "HTTP/1.1 200 OK"
2025-04-27 22:36:36,618 - telegram.ext.Application - INFO - Application started
2025-04-27 22:36:46,734 - httpx - INFO - HTTP Request: POST https://api.telegram.org/bot8084223356:AAH0f9ib-iOJlt4xZWPH3r8GecTdVvjYcrE/getUpdates "HTTP/1.1 200 OK"
2025-04-27 22:36:56,772 - httpx - INFO - HTTP Request: POST https://api.telegram.org/bot8084223356:AAH0f9ib-iOJlt4xZWPH3r8GecTdVvjYcrE/getUpdates "HTTP/1.1 200 OK"
2025-04-27 22:37:00,986 - httpx - INFO - HTTP Request: POST https://api.telegram.org/bot8084223356:AAH0f9ib-iOJlt4xZWPH3r8GecTdVvjYcrE/getUpdates "HTTP/1.1 200 OK"
2025-04-27 22:37:01,148 - httpx - INFO - HTTP Request: POST https://api.telegram.org/bot8084223356:AAH0f9ib-iOJlt4xZWPH3r8GecTdVvjYcrE/sendMessage "HTTP/1.1 200 OK"
2025-04-27 22:37:08,331 - httpx - INFO - HTTP Request: POST https://api.telegram.org/bot8084223356:AAH0f9ib-iOJlt4xZWPH3r8GecTdVvjYcrE/getUpdates "HTTP/1.1 200 OK"
2025-04-27 22:37:08,516 - httpx - INFO - HTTP Request: POST https://api.telegram.org/bot8084223356:AAH0f9ib-iOJlt4xZWPH3r8GecTdVvjYcrE/answerCallbackQuery "HTTP/1.1 200 OK"
2025-04-27 22:37:08,574 - httpx - INFO - HTTP Request: POST https://api.telegram.org/bot8084223356:AAH0f9ib-iOJlt4xZWPH3r8GecTdVvjYcrE/editMessageText "HTTP/1.1 200 OK"
2025-04-27 22:37:10,393 - httpx - INFO - HTTP Request: POST https://api.telegram.org/bot8084223356:AAH0f9ib-iOJlt4xZWPH3r8GecTdVvjYcrE/editMessageText "HTTP/1.1 200 OK"
2025-04-27 22:37:18,377 - httpx - INFO - HTTP Request: POST https://api.telegram.org/bot8084223356:AAH0f9ib-iOJlt4xZWPH3r8GecTdVvjYcrE/getUpdates "HTTP/1.1 200 OK"
2025-04-27 22:37:28,416 - httpx - INFO - HTTP Request: POST https://api.telegram.org/bot8084223356:AAH0f9ib-iOJlt4xZWPH3r8GecTdVvjYcrE/getUpdates "HTTP/1.1 200 OK"
2025-04-27 22:37:38,452 - httpx - INFO - HTTP Request: POST https://api.telegram.org/bot8084223356:AAH0f9ib-iOJlt4xZWPH3r8GecTdVvjYcrE/getUpdates "HTTP/1.1 200 OK"
2025-04-27 22:37:48,486 - httpx - INFO - HTTP Request: POST https://api.telegram.org/bot8084223356:AAH0f9ib-iOJlt4xZWPH3r8GecTdVvjYcrE/getUpdates "HTTP/1.1 200 OK"
2025-04-27 22:37:58,530 - httpx - INFO - HTTP Request: POST https://api.telegram.org/bot8084223356:AAH0f9ib-iOJlt4xZWPH3r8GecTdVvjYcrE/getUpdates "HTTP/1.1 200 OK"
2025-04-27 22:38:08,568 - httpx - INFO - HTTP Request: POST https://api.telegram.org/bot8084223356:AAH0f9ib-iOJlt4xZWPH3r8GecTdVvjYcrE/getUpdates "HTTP/1.1 200 OK"
2025-04-27 22:38:18,607 - httpx - INFO - HTTP Request: POST https://api.telegram.org/bot8084223356:AAH0f9ib-iOJlt4xZWPH3r8GecTdVvjYcrE/getUpdates "HTTP/1.1 200 OK"
2025-04-27 22:38:28,645 - httpx - INFO - HTTP Request: POST https://api.telegram.org/bot8084223356:AAH0f9ib-iOJlt4xZWPH3r8GecTdVvjYcrE/getUpdates "HTTP/1.1 200 OK"
2025-04-27 22:38:38,682 - httpx - INFO - HTTP Request: POST https://api.telegram.org/bot8084223356:AAH0f9ib-iOJlt4xZWPH3r8GecTdVvjYcrE/getUpdates "HTTP/1.1 200 OK"
2025-04-27 22:38:48,719 - httpx - INFO - HTTP Request: POST https://api.telegram.org/bot8084223356:AAH0f9ib-iOJlt4xZWPH3r8GecTdVvjYcrE/getUpdates "HTTP/1.1 200 OK"
2025-04-27 22:38:58,754 - httpx - INFO - HTTP Request: POST https://api.telegram.org/bot8084223356:AAH0f9ib-iOJlt4xZWPH3r8GecTdVvjYcrE/getUpdates "HTTP/1.1 200 OK"
2025-04-27 22:39:08,792 - httpx - INFO - HTTP Request: POST https://api.telegram.org/bot8084223356:AAH0f9ib-iOJlt4xZWPH3r8GecTdVvjYcrE/getUpdates "HTTP/1.1 200 OK"
2025-04-27 22:39:18,835 - httpx - INFO - HTTP Request: POST https://api.telegram.org/bot8084223356:AAH0f9ib-iOJlt4xZWPH3r8GecTdVvjYcrE/getUpdates "HTTP/1.1 200 OK"
2025-04-27 22:39:28,870 - httpx - INFO - HTTP Request: POST https://api.telegram.org/bot8084223356:AAH0f9ib-iOJlt4xZWPH3r8GecTdVvjYcrE/getUpdates "HTTP/1.1 200 OK"
2025-04-27 22:39:38,904 - httpx - INFO - HTTP Request: POST https://api.telegram.org/bot8084223356:AAH0f9ib-iOJlt4xZWPH3r8GecTdVvjYcrE/getUpdates "HTTP/1.1 200 OK"
2025-04-27 22:39:48,939 - httpx - INFO - HTTP Request: POST https://api.telegram.org/bot8084223356:AAH0f9ib-iOJlt4xZWPH3r8GecTdVvjYcrE/getUpdates "HTTP/1.1 200 OK"
2025-04-27 22:39:58,982 - httpx - INFO - HTTP Request: POST https://api.telegram.org/bot8084223356:AAH0f9ib-iOJlt4xZWPH3r8GecTdVvjYcrE/getUpdates "HTTP/1.1 200 OK"
2025-04-27 22:40:09,020 - httpx - INFO - HTTP Request: POST https://api.telegram.org/bot8084223356:AAH0f9ib-iOJlt4xZWPH3r8GecTdVvjYcrE/getUpdates "HTTP/1.1 200 OK"
2025-04-27 22:40:19,162 - httpx - INFO - HTTP Request: POST https://api.telegram.org/bot8084223356:AAH0f9ib-iOJlt4xZWPH3r8GecTdVvjYcrE/getUpdates "HTTP/1.1 200 OK"
2025-04-27 22:40:29,303 - httpx - INFO - HTTP Request: POST https://api.telegram.org/bot8084223356:AAH0f9ib-iOJlt4xZWPH3r8GecTdVvjYcrE/getUpdates "HTTP/1.1 200 OK"
2025-04-27 22:42:56,528 - httpx - INFO - HTTP Request: POST https://api.telegram.org/bot8084223356:AAH0f9ib-iOJlt4xZWPH3r8GecTdVvjYcrE/getMe "HTTP/1.1 200 OK"
2025-04-27 22:42:56,567 - httpx - INFO - HTTP Request: POST https://api.telegram.org/bot8084223356:AAH0f9ib-iOJlt4xZWPH3r8GecTdVvjYcrE/deleteWebhook "HTTP/1.1 200 OK"
2025-04-27 22:42:56,568 - telegram.ext.Application - INFO - Application started
2025-04-27 22:43:06,705 - httpx - INFO - HTTP Request: POST https://api.telegram.org/bot8084223356:AAH0f9ib-iOJlt4xZWPH3r8GecTdVvjYcrE/getUpdates "HTTP/1.1 200 OK"
2025-04-27 22:43:08,757 - httpx - INFO - HTTP Request: POST https://api.telegram.org/bot8084223356:AAH0f9ib-iOJlt4xZWPH3r8GecTdVvjYcrE/getUpdates "HTTP/1.1 200 OK"
2025-04-27 22:43:08,928 - httpx - INFO - HTTP Request: POST https://api.telegram.org/bot8084223356:AAH0f9ib-iOJlt4xZWPH3r8GecTdVvjYcrE/sendMessage "HTTP/1.1 200 OK"
2025-04-27 22:43:12,960 - httpx - INFO - HTTP Request: POST https://api.telegram.org/bot8084223356:AAH0f9ib-iOJlt4xZWPH3r8GecTdVvjYcrE/getUpdates "HTTP/1.1 200 OK"
2025-04-27 22:43:13,133 - httpx - INFO - HTTP Request: POST https://api.telegram.org/bot8084223356:AAH0f9ib-iOJlt4xZWPH3r8GecTdVvjYcrE/sendMessage "HTTP/1.1 200 OK"
2025-04-27 22:43:19,730 - httpx - INFO - HTTP Request: POST https://api.telegram.org/bot8084223356:AAH0f9ib-iOJlt4xZWPH3r8GecTdVvjYcrE/getUpdates "HTTP/1.1 200 OK"
2025-04-27 22:43:19,883 - httpx - INFO - HTTP Request: POST https://api.telegram.org/bot8084223356:AAH0f9ib-iOJlt4xZWPH3r8GecTdVvjYcrE/answerCallbackQuery "HTTP/1.1 200 OK"
2025-04-27 22:43:19,985 - httpx - INFO - HTTP Request: POST https://api.telegram.org/bot8084223356:AAH0f9ib-iOJlt4xZWPH3r8GecTdVvjYcrE/editMessageText "HTTP/1.1 200 OK"
2025-04-27 22:43:21,326 - httpx - INFO - HTTP Request: POST https://api.telegram.org/bot8084223356:AAH0f9ib-iOJlt4xZWPH3r8GecTdVvjYcrE/editMessageText "HTTP/1.1 200 OK"
2025-04-27 22:43:29,780 - httpx - INFO - HTTP Request: POST https://api.telegram.org/bot8084223356:AAH0f9ib-iOJlt4xZWPH3r8GecTdVvjYcrE/getUpdates "HTTP/1.1 200 OK"
2025-04-27 22:43:35,553 - httpx - INFO - HTTP Request: POST https://api.telegram.org/bot8084223356:AAH0f9ib-iOJlt4xZWPH3r8GecTdVvjYcrE/getUpdates "HTTP/1.1 200 OK"
2025-04-27 22:43:35,788 - httpx - INFO - HTTP Request: POST https://api.telegram.org/bot8084223356:AAH0f9ib-iOJlt4xZWPH3r8GecTdVvjYcrE/answerCallbackQuery "HTTP/1.1 200 OK"
2025-04-27 22:43:35,923 - httpx - INFO - HTTP Request: POST https://api.telegram.org/bot8084223356:AAH0f9ib-iOJlt4xZWPH3r8GecTdVvjYcrE/editMessageText "HTTP/1.1 200 OK"
2025-04-27 22:43:37,591 - httpx - INFO - HTTP Request: POST https://api.telegram.org/bot8084223356:AAH0f9ib-iOJlt4xZWPH3r8GecTdVvjYcrE/editMessageText "HTTP/1.1 200 OK"
2025-04-27 22:43:45,715 - httpx - INFO - HTTP Request: POST https://api.telegram.org/bot8084223356:AAH0f9ib-iOJlt4xZWPH3r8GecTdVvjYcrE/getUpdates "HTTP/1.1 200 OK"
2025-04-27 22:43:55,759 - httpx - INFO - HTTP Request: POST https://api.telegram.org/bot8084223356:AAH0f9ib-iOJlt4xZWPH3r8GecTdVvjYcrE/getUpdates "HTTP/1.1 200 OK"
2025-04-27 22:44:05,803 - httpx - INFO - HTTP Request: POST https://api.telegram.org/bot8084223356:AAH0f9ib-iOJlt4xZWPH3r8GecTdVvjYcrE/getUpdates "HTTP/1.1 200 OK"
2025-04-27 22:44:15,844 - httpx - INFO - HTTP Request: POST https://api.telegram.org/bot8084223356:AAH0f9ib-iOJlt4xZWPH3r8GecTdVvjYcrE/getUpdates "HTTP/1.1 200 OK"
2025-04-27 22:44:25,906 - httpx - INFO - HTTP Request: POST https://api.telegram.org/bot8084223356:AAH0f9ib-iOJlt4xZWPH3r8GecTdVvjYcrE/getUpdates "HTTP/1.1 200 OK"
2025-04-27 22:44:35,950 - httpx - INFO - HTTP Request: POST https://api.telegram.org/bot8084223356:AAH0f9ib-iOJlt4xZWPH3r8GecTdVvjYcrE/getUpdates "HTTP/1.1 200 OK"
2025-04-27 22:44:45,994 - httpx - INFO - HTTP Request: POST https://api.telegram.org/bot8084223356:AAH0f9ib-iOJlt4xZWPH3r8GecTdVvjYcrE/getUpdates "HTTP/1.1 200 OK"
2025-04-27 22:44:56,036 - httpx - INFO - HTTP Request: POST https://api.telegram.org/bot8084223356:AAH0f9ib-iOJlt4xZWPH3r8GecTdVvjYcrE/getUpdates "HTTP/1.1 200 OK"
2025-04-27 22:45:06,079 - httpx - INFO - HTTP Request: POST https://api.telegram.org/bot8084223356:AAH0f9ib-iOJlt4xZWPH3r8GecTdVvjYcrE/getUpdates "HTTP/1.1 200 OK"
2025-04-27 22:45:16,123 - httpx - INFO - HTTP Request: POST https://api.telegram.org/bot8084223356:AAH0f9ib-iOJlt4xZWPH3r8GecTdVvjYcrE/getUpdates "HTTP/1.1 200 OK"
2025-04-27 22:45:26,177 - httpx - INFO - HTTP Request: POST https://api.telegram.org/bot8084223356:AAH0f9ib-iOJlt4xZWPH3r8GecTdVvjYcrE/getUpdates "HTTP/1.1 200 OK"
2025-04-27 22:45:36,224 - httpx - INFO - HTTP Request: POST https://api.telegram.org/bot8084223356:AAH0f9ib-iOJlt4xZWPH3r8GecTdVvjYcrE/getUpdates "HTTP/1.1 200 OK"
2025-04-27 22:45:46,268 - httpx - INFO - HTTP Request: POST https://api.telegram.org/bot8084223356:AAH0f9ib-iOJlt4xZWPH3r8GecTdVvjYcrE/getUpdates "HTTP/1.1 200 OK"
2025-04-27 22:45:56,312 - httpx - INFO - HTTP Request: POST https://api.telegram.org/bot8084223356:AAH0f9ib-iOJlt4xZWPH3r8GecTdVvjYcrE/getUpdates "HTTP/1.1 200 OK"
2025-04-27 22:46:06,357 - httpx - INFO - HTTP Request: POST https://api.telegram.org/bot8084223356:AAH0f9ib-iOJlt4xZWPH3r8GecTdVvjYcrE/getUpdates "HTTP/1.1 200 OK"
2025-04-27 22:46:16,425 - httpx - INFO - HTTP Request: POST https://api.telegram.org/bot8084223356:AAH0f9ib-iOJlt4xZWPH3r8GecTdVvjYcrE/getUpdates "HTTP/1.1 200 OK"
2025-04-27 22:46:26,469 - httpx - INFO - HTTP Request: POST https://api.telegram.org/bot8084223356:AAH0f9ib-iOJlt4xZWPH3r8GecTdVvjYcrE/getUpdates "HTTP/1.1 200 OK"
2025-04-27 22:46:36,544 - httpx - INFO - HTTP Request: POST https://api.telegram.org/bot8084223356:AAH0f9ib-iOJlt4xZWPH3r8GecTdVvjYcrE/getUpdates "HTTP/1.1 200 OK"
2025-04-27 22:46:46,586 - httpx - INFO - HTTP Request: POST https://api.telegram.org/bot8084223356:AAH0f9ib-iOJlt4xZWPH3r8GecTdVvjYcrE/getUpdates "HTTP/1.1 200 OK"
2025-04-27 22:46:56,629 - httpx - INFO - HTTP Request: POST https://api.telegram.org/bot8084223356:AAH0f9ib-iOJlt4xZWPH3r8GecTdVvjYcrE/getUpdates "HTTP/1.1 200 OK"
2025-04-27 22:47:06,675 - httpx - INFO - HTTP Request: POST https://api.telegram.org/bot8084223356:AAH0f9ib-iOJlt4xZWPH3r8GecTdVvjYcrE/getUpdates "HTTP/1.1 200 OK"
2025-04-27 22:47:16,756 - httpx - INFO - HTTP Request: POST https://api.telegram.org/bot8084223356:AAH0f9ib-iOJlt4xZWPH3r8GecTdVvjYcrE/getUpdates "HTTP/1.1 200 OK"
2025-04-27 22:47:26,802 - httpx - INFO - HTTP Request: POST https://api.telegram.org/bot8084223356:AAH0f9ib-iOJlt4xZWPH3r8GecTdVvjYcrE/getUpdates "HTTP/1.1 200 OK"
2025-04-27 22:47:36,864 - httpx - INFO - HTTP Request: POST https://api.telegram.org/bot8084223356:AAH0f9ib-iOJlt4xZWPH3r8GecTdVvjYcrE/getUpdates "HTTP/1.1 200 OK"
2025-04-27 22:47:46,913 - httpx - INFO - HTTP Request: POST https://api.telegram.org/bot8084223356:AAH0f9ib-iOJlt4xZWPH3r8GecTdVvjYcrE/getUpdates "HTTP/1.1 200 OK"
2025-04-27 22:47:56,956 - httpx - INFO - HTTP Request: POST https://api.telegram.org/bot8084223356:AAH0f9ib-iOJlt4xZWPH3r8GecTdVvjYcrE/getUpdates "HTTP/1.1 200 OK"
2025-04-27 22:48:06,997 - httpx - INFO - HTTP Request: POST https://api.telegram.org/bot8084223356:AAH0f9ib-iOJlt4xZWPH3r8GecTdVvjYcrE/getUpdates "HTTP/1.1 200 OK"
2025-04-27 22:48:17,041 - httpx - INFO - HTTP Request: POST https://api.telegram.org/bot8084223356:AAH0f9ib-iOJlt4xZWPH3r8GecTdVvjYcrE/getUpdates "HTTP/1.1 200 OK"
2025-04-27 22:48:27,083 - httpx - INFO - HTTP Request: POST https://api.telegram.org/bot8084223356:AAH0f9ib-iOJlt4xZWPH3r8GecTdVvjYcrE/getUpdates "HTTP/1.1 200 OK"
2025-04-27 22:48:37,142 - httpx - INFO - HTTP Request: POST https://api.telegram.org/bot8084223356:AAH0f9ib-iOJlt4xZWPH3r8GecTdVvjYcrE/getUpdates "HTTP/1.1 200 OK"
2025-04-27 22:48:47,186 - httpx - INFO - HTTP Request: POST https://api.telegram.org/bot8084223356:AAH0f9ib-iOJlt4xZWPH3r8GecTdVvjYcrE/getUpdates "HTTP/1.1 200 OK"
2025-04-27 22:48:57,234 - httpx - INFO - HTTP Request: POST https://api.telegram.org/bot8084223356:AAH0f9ib-iOJlt4xZWPH3r8GecTdVvjYcrE/getUpdates "HTTP/1.1 200 OK"
2025-04-27 22:49:07,339 - httpx - INFO - HTTP Request: POST https://api.telegram.org/bot8084223356:AAH0f9ib-iOJlt4xZWPH3r8GecTdVvjYcrE/getUpdates "HTTP/1.1 200 OK"
2025-04-27 22:49:17,383 - httpx - INFO - HTTP Request: POST https://api.telegram.org/bot8084223356:AAH0f9ib-iOJlt4xZWPH3r8GecTdVvjYcrE/getUpdates "HTTP/1.1 200 OK"
2025-04-27 22:49:27,428 - httpx - INFO - HTTP Request: POST https://api.telegram.org/bot8084223356:AAH0f9ib-iOJlt4xZWPH3r8GecTdVvjYcrE/getUpdates "HTTP/1.1 200 OK"
2025-04-27 22:49:37,476 - httpx - INFO - HTTP Request: POST https://api.telegram.org/bot8084223356:AAH0f9ib-iOJlt4xZWPH3r8GecTdVvjYcrE/getUpdates "HTTP/1.1 200 OK"
2025-04-27 22:49:47,521 - httpx - INFO - HTTP Request: POST https://api.telegram.org/bot8084223356:AAH0f9ib-iOJlt4xZWPH3r8GecTdVvjYcrE/getUpdates "HTTP/1.1 200 OK"
2025-04-27 22:49:57,565 - httpx - INFO - HTTP Request: POST https://api.telegram.org/bot8084223356:AAH0f9ib-iOJlt4xZWPH3r8GecTdVvjYcrE/getUpdates "HTTP/1.1 200 OK"
2025-04-27 22:50:07,609 - httpx - INFO - HTTP Request: POST https://api.telegram.org/bot8084223356:AAH0f9ib-iOJlt4xZWPH3r8GecTdVvjYcrE/getUpdates "HTTP/1.1 200 OK"
2025-04-27 22:50:17,655 - httpx - INFO - HTTP Request: POST https://api.telegram.org/bot8084223356:AAH0f9ib-iOJlt4xZWPH3r8GecTdVvjYcrE/getUpdates "HTTP/1.1 200 OK"
2025-04-27 22:50:27,698 - httpx - INFO - HTTP Request: POST https://api.telegram.org/bot8084223356:AAH0f9ib-iOJlt4xZWPH3r8GecTdVvjYcrE/getUpdates "HTTP/1.1 200 OK"
2025-04-27 22:50:37,741 - httpx - INFO - HTTP Request: POST https://api.telegram.org/bot8084223356:AAH0f9ib-iOJlt4xZWPH3r8GecTdVvjYcrE/getUpdates "HTTP/1.1 200 OK"
2025-04-27 22:50:47,789 - httpx - INFO - HTTP Request: POST https://api.telegram.org/bot8084223356:AAH0f9ib-iOJlt4xZWPH3r8GecTdVvjYcrE/getUpdates "HTTP/1.1 200 OK"
2025-04-27 22:50:57,865 - httpx - INFO - HTTP Request: POST https://api.telegram.org/bot8084223356:AAH0f9ib-iOJlt4xZWPH3r8GecTdVvjYcrE/getUpdates "HTTP/1.1 200 OK"
2025-04-27 22:51:07,908 - httpx - INFO - HTTP Request: POST https://api.telegram.org/bot8084223356:AAH0f9ib-iOJlt4xZWPH3r8GecTdVvjYcrE/getUpdates "HTTP/1.1 200 OK"
2025-04-27 22:51:17,952 - httpx - INFO - HTTP Request: POST https://api.telegram.org/bot8084223356:AAH0f9ib-iOJlt4xZWPH3r8GecTdVvjYcrE/getUpdates "HTTP/1.1 200 OK"
2025-04-27 22:51:27,997 - httpx - INFO - HTTP Request: POST https://api.telegram.org/bot8084223356:AAH0f9ib-iOJlt4xZWPH3r8GecTdVvjYcrE/getUpdates "HTTP/1.1 200 OK"
2025-04-27 22:51:38,045 - httpx - INFO - HTTP Request: POST https://api.telegram.org/bot8084223356:AAH0f9ib-iOJlt4xZWPH3r8GecTdVvjYcrE/getUpdates "HTTP/1.1 200 OK"
2025-04-27 22:51:48,085 - httpx - INFO - HTTP Request: POST https://api.telegram.org/bot8084223356:AAH0f9ib-iOJlt4xZWPH3r8GecTdVvjYcrE/getUpdates "HTTP/1.1 200 OK"
2025-04-27 22:51:58,128 - httpx - INFO - HTTP Request: POST https://api.telegram.org/bot8084223356:AAH0f9ib-iOJlt4xZWPH3r8GecTdVvjYcrE/getUpdates "HTTP/1.1 200 OK"
2025-04-27 22:52:08,175 - httpx - INFO - HTTP Request: POST https://api.telegram.org/bot8084223356:AAH0f9ib-iOJlt4xZWPH3r8GecTdVvjYcrE/getUpdates "HTTP/1.1 200 OK"
2025-04-27 22:52:18,218 - httpx - INFO - HTTP Request: POST https://api.telegram.org/bot8084223356:AAH0f9ib-iOJlt4xZWPH3r8GecTdVvjYcrE/getUpdates "HTTP/1.1 200 OK"
2025-04-27 22:52:28,261 - httpx - INFO - HTTP Request: POST https://api.telegram.org/bot8084223356:AAH0f9ib-iOJlt4xZWPH3r8GecTdVvjYcrE/getUpdates "HTTP/1.1 200 OK"
2025-04-27 22:52:38,304 - httpx - INFO - HTTP Request: POST https://api.telegram.org/bot8084223356:AAH0f9ib-iOJlt4xZWPH3r8GecTdVvjYcrE/getUpdates "HTTP/1.1 200 OK"
2025-04-27 22:52:48,343 - httpx - INFO - HTTP Request: POST https://api.telegram.org/bot8084223356:AAH0f9ib-iOJlt4xZWPH3r8GecTdVvjYcrE/getUpdates "HTTP/1.1 200 OK"
2025-04-27 22:52:58,384 - httpx - INFO - HTTP Request: POST https://api.telegram.org/bot8084223356:AAH0f9ib-iOJlt4xZWPH3r8GecTdVvjYcrE/getUpdates "HTTP/1.1 200 OK"
2025-04-27 22:53:08,437 - httpx - INFO - HTTP Request: POST https://api.telegram.org/bot8084223356:AAH0f9ib-iOJlt4xZWPH3r8GecTdVvjYcrE/getUpdates "HTTP/1.1 200 OK"
2025-04-27 22:53:18,483 - httpx - INFO - HTTP Request: POST https://api.telegram.org/bot8084223356:AAH0f9ib-iOJlt4xZWPH3r8GecTdVvjYcrE/getUpdates "HTTP/1.1 200 OK"
2025-04-27 22:53:28,527 - httpx - INFO - HTTP Request: POST https://api.telegram.org/bot8084223356:AAH0f9ib-iOJlt4xZWPH3r8GecTdVvjYcrE/getUpdates "HTTP/1.1 200 OK"
2025-04-27 22:53:38,572 - httpx - INFO - HTTP Request: POST https://api.telegram.org/bot8084223356:AAH0f9ib-iOJlt4xZWPH3r8GecTdVvjYcrE/getUpdates "HTTP/1.1 200 OK"
2025-04-27 22:53:48,614 - httpx - INFO - HTTP Request: POST https://api.telegram.org/bot8084223356:AAH0f9ib-iOJlt4xZWPH3r8GecTdVvjYcrE/getUpdates "HTTP/1.1 200 OK"
2025-04-27 22:53:58,659 - httpx - INFO - HTTP Request: POST https://api.telegram.org/bot8084223356:AAH0f9ib-iOJlt4xZWPH3r8GecTdVvjYcrE/getUpdates "HTTP/1.1 200 OK"
2025-04-27 23:14:32,304 - apscheduler.scheduler - INFO - Adding job tentatively -- it will be properly scheduled when the scheduler starts
2025-04-27 23:14:32,451 - httpx - INFO - HTTP Request: POST https://api.telegram.org/bot8084223356:AAH0f9ib-iOJlt4xZWPH3r8GecTdVvjYcrE/getMe "HTTP/1.1 200 OK"
2025-04-27 23:14:32,494 - httpx - INFO - HTTP Request: POST https://api.telegram.org/bot8084223356:AAH0f9ib-iOJlt4xZWPH3r8GecTdVvjYcrE/deleteWebhook "HTTP/1.1 200 OK"
2025-04-27 23:14:32,496 - apscheduler.scheduler - INFO - Added job "enviar_horoscopos_diarios" to job store "default"
2025-04-27 23:14:32,497 - apscheduler.scheduler - INFO - Scheduler started
2025-04-27 23:14:32,498 - telegram.ext.Application - INFO - Application started
2025-04-27 23:14:42,623 - httpx - INFO - HTTP Request: POST https://api.telegram.org/bot8084223356:AAH0f9ib-iOJlt4xZWPH3r8GecTdVvjYcrE/getUpdates "HTTP/1.1 200 OK"
2025-04-27 23:14:52,665 - httpx - INFO - HTTP Request: POST https://api.telegram.org/bot8084223356:AAH0f9ib-iOJlt4xZWPH3r8GecTdVvjYcrE/getUpdates "HTTP/1.1 200 OK"
2025-04-27 23:15:02,708 - httpx - INFO - HTTP Request: POST https://api.telegram.org/bot8084223356:AAH0f9ib-iOJlt4xZWPH3r8GecTdVvjYcrE/getUpdates "HTTP/1.1 200 OK"
2025-04-27 23:15:12,748 - httpx - INFO - HTTP Request: POST https://api.telegram.org/bot8084223356:AAH0f9ib-iOJlt4xZWPH3r8GecTdVvjYcrE/getUpdates "HTTP/1.1 200 OK"
2025-04-27 23:15:19,918 - httpx - INFO - HTTP Request: POST https://api.telegram.org/bot8084223356:AAH0f9ib-iOJlt4xZWPH3r8GecTdVvjYcrE/getUpdates "HTTP/1.1 200 OK"
2025-04-27 23:15:20,158 - httpx - INFO - HTTP Request: POST https://api.telegram.org/bot8084223356:AAH0f9ib-iOJlt4xZWPH3r8GecTdVvjYcrE/sendMessage "HTTP/1.1 200 OK"
2025-04-27 23:15:26,478 - httpx - INFO - HTTP Request: POST https://api.telegram.org/bot8084223356:AAH0f9ib-iOJlt4xZWPH3r8GecTdVvjYcrE/getUpdates "HTTP/1.1 200 OK"
2025-04-27 23:15:26,638 - httpx - INFO - HTTP Request: POST https://api.telegram.org/bot8084223356:AAH0f9ib-iOJlt4xZWPH3r8GecTdVvjYcrE/answerCallbackQuery "HTTP/1.1 200 OK"
2025-04-27 23:15:26,708 - httpx - INFO - HTTP Request: POST https://api.telegram.org/bot8084223356:AAH0f9ib-iOJlt4xZWPH3r8GecTdVvjYcrE/editMessageText "HTTP/1.1 200 OK"
2025-04-27 23:15:28,078 - httpx - INFO - HTTP Request: POST https://api.telegram.org/bot8084223356:AAH0f9ib-iOJlt4xZWPH3r8GecTdVvjYcrE/editMessageText "HTTP/1.1 200 OK"
2025-04-27 23:15:36,552 - httpx - INFO - HTTP Request: POST https://api.telegram.org/bot8084223356:AAH0f9ib-iOJlt4xZWPH3r8GecTdVvjYcrE/getUpdates "HTTP/1.1 200 OK"
2025-04-27 23:15:46,597 - httpx - INFO - HTTP Request: POST https://api.telegram.org/bot8084223356:AAH0f9ib-iOJlt4xZWPH3r8GecTdVvjYcrE/getUpdates "HTTP/1.1 200 OK"
2025-04-27 23:15:56,641 - httpx - INFO - HTTP Request: POST https://api.telegram.org/bot8084223356:AAH0f9ib-iOJlt4xZWPH3r8GecTdVvjYcrE/getUpdates "HTTP/1.1 200 OK"
2025-04-27 23:16:06,236 - httpx - INFO - HTTP Request: POST https://api.telegram.org/bot8084223356:AAH0f9ib-iOJlt4xZWPH3r8GecTdVvjYcrE/getUpdates "HTTP/1.1 200 OK"
2025-04-27 23:16:06,402 - httpx - INFO - HTTP Request: POST https://api.telegram.org/bot8084223356:AAH0f9ib-iOJlt4xZWPH3r8GecTdVvjYcrE/sendMessage "HTTP/1.1 200 OK"
2025-04-27 23:16:12,622 - httpx - INFO - HTTP Request: POST https://api.telegram.org/bot8084223356:AAH0f9ib-iOJlt4xZWPH3r8GecTdVvjYcrE/getUpdates "HTTP/1.1 200 OK"
2025-04-27 23:16:12,847 - httpx - INFO - HTTP Request: POST https://api.telegram.org/bot8084223356:AAH0f9ib-iOJlt4xZWPH3r8GecTdVvjYcrE/answerCallbackQuery "HTTP/1.1 200 OK"
2025-04-27 23:16:12,963 - httpx - INFO - HTTP Request: POST https://api.telegram.org/bot8084223356:AAH0f9ib-iOJlt4xZWPH3r8GecTdVvjYcrE/editMessageText "HTTP/1.1 200 OK"
2025-04-27 23:16:22,669 - httpx - INFO - HTTP Request: POST https://api.telegram.org/bot8084223356:AAH0f9ib-iOJlt4xZWPH3r8GecTdVvjYcrE/getUpdates "HTTP/1.1 200 OK"
2025-04-27 23:16:32,723 - httpx - INFO - HTTP Request: POST https://api.telegram.org/bot8084223356:AAH0f9ib-iOJlt4xZWPH3r8GecTdVvjYcrE/getUpdates "HTTP/1.1 200 OK"
2025-04-27 23:16:42,764 - httpx - INFO - HTTP Request: POST https://api.telegram.org/bot8084223356:AAH0f9ib-iOJlt4xZWPH3r8GecTdVvjYcrE/getUpdates "HTTP/1.1 200 OK"
2025-04-27 23:16:52,804 - httpx - INFO - HTTP Request: POST https://api.telegram.org/bot8084223356:AAH0f9ib-iOJlt4xZWPH3r8GecTdVvjYcrE/getUpdates "HTTP/1.1 200 OK"
2025-04-27 23:17:02,861 - httpx - INFO - HTTP Request: POST https://api.telegram.org/bot8084223356:AAH0f9ib-iOJlt4xZWPH3r8GecTdVvjYcrE/getUpdates "HTTP/1.1 200 OK"
2025-04-27 23:17:06,195 - httpx - INFO - HTTP Request: POST https://api.telegram.org/bot8084223356:AAH0f9ib-iOJlt4xZWPH3r8GecTdVvjYcrE/getUpdates "HTTP/1.1 200 OK"
2025-04-27 23:17:06,347 - httpx - INFO - HTTP Request: POST https://api.telegram.org/bot8084223356:AAH0f9ib-iOJlt4xZWPH3r8GecTdVvjYcrE/answerCallbackQuery "HTTP/1.1 200 OK"
2025-04-27 23:17:06,348 - telegram.ext.Application - ERROR - No error handlers are registered, logging exception.
Traceback (most recent call last):
  File "C:\Users\PC\AppData\Local\Programs\Python\Python313\Lib\site-packages\telegram\ext\_application.py", line 1298, in process_update
    await coroutine
  File "C:\Users\PC\AppData\Local\Programs\Python\Python313\Lib\site-packages\telegram\ext\_handlers\basehandler.py", line 158, in handle_update
    return await self.callback(update, context)
           ^^^^^^^^^^^^^^^^^^^^^^^^^^^^^^^^^^^^
  File "C:\mi-bot-horoscopo\bot.py", line 254, in handle_button
    await start(update, context)
  File "C:\mi-bot-horoscopo\bot.py", line 209, in start
    await update.message.reply_text(
          ^^^^^^^^^^^^^^^^^^^^^^^^^
AttributeError: 'NoneType' object has no attribute 'reply_text'
2025-04-27 23:17:09,468 - httpx - INFO - HTTP Request: POST https://api.telegram.org/bot8084223356:AAH0f9ib-iOJlt4xZWPH3r8GecTdVvjYcrE/getUpdates "HTTP/1.1 200 OK"
2025-04-27 23:17:09,543 - httpx - INFO - HTTP Request: POST https://api.telegram.org/bot8084223356:AAH0f9ib-iOJlt4xZWPH3r8GecTdVvjYcrE/answerCallbackQuery "HTTP/1.1 200 OK"
2025-04-27 23:17:09,544 - telegram.ext.Application - ERROR - No error handlers are registered, logging exception.
Traceback (most recent call last):
  File "C:\Users\PC\AppData\Local\Programs\Python\Python313\Lib\site-packages\telegram\ext\_application.py", line 1298, in process_update
    await coroutine
  File "C:\Users\PC\AppData\Local\Programs\Python\Python313\Lib\site-packages\telegram\ext\_handlers\basehandler.py", line 158, in handle_update
    return await self.callback(update, context)
           ^^^^^^^^^^^^^^^^^^^^^^^^^^^^^^^^^^^^
  File "C:\mi-bot-horoscopo\bot.py", line 254, in handle_button
    await start(update, context)
  File "C:\mi-bot-horoscopo\bot.py", line 209, in start
    await update.message.reply_text(
          ^^^^^^^^^^^^^^^^^^^^^^^^^
AttributeError: 'NoneType' object has no attribute 'reply_text'
2025-04-27 23:17:12,057 - httpx - INFO - HTTP Request: POST https://api.telegram.org/bot8084223356:AAH0f9ib-iOJlt4xZWPH3r8GecTdVvjYcrE/getUpdates "HTTP/1.1 200 OK"
2025-04-27 23:17:12,121 - httpx - INFO - HTTP Request: POST https://api.telegram.org/bot8084223356:AAH0f9ib-iOJlt4xZWPH3r8GecTdVvjYcrE/sendMessage "HTTP/1.1 200 OK"
2025-04-27 23:17:22,099 - httpx - INFO - HTTP Request: POST https://api.telegram.org/bot8084223356:AAH0f9ib-iOJlt4xZWPH3r8GecTdVvjYcrE/getUpdates "HTTP/1.1 200 OK"
2025-04-27 23:17:22,343 - httpx - INFO - HTTP Request: POST https://api.telegram.org/bot8084223356:AAH0f9ib-iOJlt4xZWPH3r8GecTdVvjYcrE/getUpdates "HTTP/1.1 200 OK"
2025-04-27 23:17:22,488 - httpx - INFO - HTTP Request: POST https://api.telegram.org/bot8084223356:AAH0f9ib-iOJlt4xZWPH3r8GecTdVvjYcrE/answerCallbackQuery "HTTP/1.1 200 OK"
2025-04-27 23:17:22,544 - httpx - INFO - HTTP Request: POST https://api.telegram.org/bot8084223356:AAH0f9ib-iOJlt4xZWPH3r8GecTdVvjYcrE/editMessageText "HTTP/1.1 200 OK"
2025-04-27 23:17:23,932 - httpx - INFO - HTTP Request: POST https://api.telegram.org/bot8084223356:AAH0f9ib-iOJlt4xZWPH3r8GecTdVvjYcrE/editMessageText "HTTP/1.1 200 OK"
2025-04-27 23:17:32,384 - httpx - INFO - HTTP Request: POST https://api.telegram.org/bot8084223356:AAH0f9ib-iOJlt4xZWPH3r8GecTdVvjYcrE/getUpdates "HTTP/1.1 200 OK"
2025-04-27 23:17:42,427 - httpx - INFO - HTTP Request: POST https://api.telegram.org/bot8084223356:AAH0f9ib-iOJlt4xZWPH3r8GecTdVvjYcrE/getUpdates "HTTP/1.1 200 OK"
2025-04-27 23:17:52,468 - httpx - INFO - HTTP Request: POST https://api.telegram.org/bot8084223356:AAH0f9ib-iOJlt4xZWPH3r8GecTdVvjYcrE/getUpdates "HTTP/1.1 200 OK"
2025-04-27 23:18:02,524 - httpx - INFO - HTTP Request: POST https://api.telegram.org/bot8084223356:AAH0f9ib-iOJlt4xZWPH3r8GecTdVvjYcrE/getUpdates "HTTP/1.1 200 OK"
2025-04-27 23:18:12,565 - httpx - INFO - HTTP Request: POST https://api.telegram.org/bot8084223356:AAH0f9ib-iOJlt4xZWPH3r8GecTdVvjYcrE/getUpdates "HTTP/1.1 200 OK"
2025-04-27 23:18:22,606 - httpx - INFO - HTTP Request: POST https://api.telegram.org/bot8084223356:AAH0f9ib-iOJlt4xZWPH3r8GecTdVvjYcrE/getUpdates "HTTP/1.1 200 OK"
2025-04-27 23:18:32,649 - httpx - INFO - HTTP Request: POST https://api.telegram.org/bot8084223356:AAH0f9ib-iOJlt4xZWPH3r8GecTdVvjYcrE/getUpdates "HTTP/1.1 200 OK"
2025-04-27 23:18:42,692 - httpx - INFO - HTTP Request: POST https://api.telegram.org/bot8084223356:AAH0f9ib-iOJlt4xZWPH3r8GecTdVvjYcrE/getUpdates "HTTP/1.1 200 OK"
2025-04-27 23:18:52,734 - httpx - INFO - HTTP Request: POST https://api.telegram.org/bot8084223356:AAH0f9ib-iOJlt4xZWPH3r8GecTdVvjYcrE/getUpdates "HTTP/1.1 200 OK"
2025-04-27 23:19:02,775 - httpx - INFO - HTTP Request: POST https://api.telegram.org/bot8084223356:AAH0f9ib-iOJlt4xZWPH3r8GecTdVvjYcrE/getUpdates "HTTP/1.1 200 OK"
2025-04-27 23:19:12,819 - httpx - INFO - HTTP Request: POST https://api.telegram.org/bot8084223356:AAH0f9ib-iOJlt4xZWPH3r8GecTdVvjYcrE/getUpdates "HTTP/1.1 200 OK"
2025-04-27 23:19:22,865 - httpx - INFO - HTTP Request: POST https://api.telegram.org/bot8084223356:AAH0f9ib-iOJlt4xZWPH3r8GecTdVvjYcrE/getUpdates "HTTP/1.1 200 OK"
2025-04-27 23:19:33,020 - httpx - INFO - HTTP Request: POST https://api.telegram.org/bot8084223356:AAH0f9ib-iOJlt4xZWPH3r8GecTdVvjYcrE/getUpdates "HTTP/1.1 200 OK"
2025-04-27 23:19:43,069 - httpx - INFO - HTTP Request: POST https://api.telegram.org/bot8084223356:AAH0f9ib-iOJlt4xZWPH3r8GecTdVvjYcrE/getUpdates "HTTP/1.1 200 OK"
2025-04-27 23:19:53,112 - httpx - INFO - HTTP Request: POST https://api.telegram.org/bot8084223356:AAH0f9ib-iOJlt4xZWPH3r8GecTdVvjYcrE/getUpdates "HTTP/1.1 200 OK"
2025-04-27 23:20:03,156 - httpx - INFO - HTTP Request: POST https://api.telegram.org/bot8084223356:AAH0f9ib-iOJlt4xZWPH3r8GecTdVvjYcrE/getUpdates "HTTP/1.1 200 OK"
2025-04-27 23:20:13,197 - httpx - INFO - HTTP Request: POST https://api.telegram.org/bot8084223356:AAH0f9ib-iOJlt4xZWPH3r8GecTdVvjYcrE/getUpdates "HTTP/1.1 200 OK"
2025-04-27 23:20:23,245 - httpx - INFO - HTTP Request: POST https://api.telegram.org/bot8084223356:AAH0f9ib-iOJlt4xZWPH3r8GecTdVvjYcrE/getUpdates "HTTP/1.1 200 OK"
2025-04-27 23:20:33,287 - httpx - INFO - HTTP Request: POST https://api.telegram.org/bot8084223356:AAH0f9ib-iOJlt4xZWPH3r8GecTdVvjYcrE/getUpdates "HTTP/1.1 200 OK"
2025-04-27 23:20:43,335 - httpx - INFO - HTTP Request: POST https://api.telegram.org/bot8084223356:AAH0f9ib-iOJlt4xZWPH3r8GecTdVvjYcrE/getUpdates "HTTP/1.1 200 OK"
2025-04-27 23:20:53,375 - httpx - INFO - HTTP Request: POST https://api.telegram.org/bot8084223356:AAH0f9ib-iOJlt4xZWPH3r8GecTdVvjYcrE/getUpdates "HTTP/1.1 200 OK"
2025-04-27 23:21:03,417 - httpx - INFO - HTTP Request: POST https://api.telegram.org/bot8084223356:AAH0f9ib-iOJlt4xZWPH3r8GecTdVvjYcrE/getUpdates "HTTP/1.1 200 OK"
2025-04-27 23:21:13,461 - httpx - INFO - HTTP Request: POST https://api.telegram.org/bot8084223356:AAH0f9ib-iOJlt4xZWPH3r8GecTdVvjYcrE/getUpdates "HTTP/1.1 200 OK"
2025-04-27 23:21:23,513 - httpx - INFO - HTTP Request: POST https://api.telegram.org/bot8084223356:AAH0f9ib-iOJlt4xZWPH3r8GecTdVvjYcrE/getUpdates "HTTP/1.1 200 OK"
2025-04-27 23:21:33,555 - httpx - INFO - HTTP Request: POST https://api.telegram.org/bot8084223356:AAH0f9ib-iOJlt4xZWPH3r8GecTdVvjYcrE/getUpdates "HTTP/1.1 200 OK"
2025-04-27 23:21:43,596 - httpx - INFO - HTTP Request: POST https://api.telegram.org/bot8084223356:AAH0f9ib-iOJlt4xZWPH3r8GecTdVvjYcrE/getUpdates "HTTP/1.1 200 OK"
2025-04-27 23:21:53,637 - httpx - INFO - HTTP Request: POST https://api.telegram.org/bot8084223356:AAH0f9ib-iOJlt4xZWPH3r8GecTdVvjYcrE/getUpdates "HTTP/1.1 200 OK"
2025-04-27 23:22:03,679 - httpx - INFO - HTTP Request: POST https://api.telegram.org/bot8084223356:AAH0f9ib-iOJlt4xZWPH3r8GecTdVvjYcrE/getUpdates "HTTP/1.1 200 OK"
2025-04-27 23:22:13,721 - httpx - INFO - HTTP Request: POST https://api.telegram.org/bot8084223356:AAH0f9ib-iOJlt4xZWPH3r8GecTdVvjYcrE/getUpdates "HTTP/1.1 200 OK"
2025-04-27 23:22:23,762 - httpx - INFO - HTTP Request: POST https://api.telegram.org/bot8084223356:AAH0f9ib-iOJlt4xZWPH3r8GecTdVvjYcrE/getUpdates "HTTP/1.1 200 OK"
2025-04-27 23:22:33,802 - httpx - INFO - HTTP Request: POST https://api.telegram.org/bot8084223356:AAH0f9ib-iOJlt4xZWPH3r8GecTdVvjYcrE/getUpdates "HTTP/1.1 200 OK"
2025-04-27 23:22:43,842 - httpx - INFO - HTTP Request: POST https://api.telegram.org/bot8084223356:AAH0f9ib-iOJlt4xZWPH3r8GecTdVvjYcrE/getUpdates "HTTP/1.1 200 OK"
2025-04-27 23:22:53,883 - httpx - INFO - HTTP Request: POST https://api.telegram.org/bot8084223356:AAH0f9ib-iOJlt4xZWPH3r8GecTdVvjYcrE/getUpdates "HTTP/1.1 200 OK"
2025-04-27 23:23:03,986 - httpx - INFO - HTTP Request: POST https://api.telegram.org/bot8084223356:AAH0f9ib-iOJlt4xZWPH3r8GecTdVvjYcrE/getUpdates "HTTP/1.1 200 OK"
2025-04-27 23:23:14,024 - httpx - INFO - HTTP Request: POST https://api.telegram.org/bot8084223356:AAH0f9ib-iOJlt4xZWPH3r8GecTdVvjYcrE/getUpdates "HTTP/1.1 200 OK"
2025-04-27 23:23:24,075 - httpx - INFO - HTTP Request: POST https://api.telegram.org/bot8084223356:AAH0f9ib-iOJlt4xZWPH3r8GecTdVvjYcrE/getUpdates "HTTP/1.1 200 OK"
2025-04-27 23:23:34,132 - httpx - INFO - HTTP Request: POST https://api.telegram.org/bot8084223356:AAH0f9ib-iOJlt4xZWPH3r8GecTdVvjYcrE/getUpdates "HTTP/1.1 200 OK"
2025-04-27 23:23:44,170 - httpx - INFO - HTTP Request: POST https://api.telegram.org/bot8084223356:AAH0f9ib-iOJlt4xZWPH3r8GecTdVvjYcrE/getUpdates "HTTP/1.1 200 OK"
2025-04-27 23:23:54,209 - httpx - INFO - HTTP Request: POST https://api.telegram.org/bot8084223356:AAH0f9ib-iOJlt4xZWPH3r8GecTdVvjYcrE/getUpdates "HTTP/1.1 200 OK"
2025-04-27 23:24:04,248 - httpx - INFO - HTTP Request: POST https://api.telegram.org/bot8084223356:AAH0f9ib-iOJlt4xZWPH3r8GecTdVvjYcrE/getUpdates "HTTP/1.1 200 OK"
2025-04-27 23:24:14,297 - httpx - INFO - HTTP Request: POST https://api.telegram.org/bot8084223356:AAH0f9ib-iOJlt4xZWPH3r8GecTdVvjYcrE/getUpdates "HTTP/1.1 200 OK"
2025-04-27 23:24:24,338 - httpx - INFO - HTTP Request: POST https://api.telegram.org/bot8084223356:AAH0f9ib-iOJlt4xZWPH3r8GecTdVvjYcrE/getUpdates "HTTP/1.1 200 OK"
2025-04-27 23:24:34,384 - httpx - INFO - HTTP Request: POST https://api.telegram.org/bot8084223356:AAH0f9ib-iOJlt4xZWPH3r8GecTdVvjYcrE/getUpdates "HTTP/1.1 200 OK"
2025-04-27 23:24:44,427 - httpx - INFO - HTTP Request: POST https://api.telegram.org/bot8084223356:AAH0f9ib-iOJlt4xZWPH3r8GecTdVvjYcrE/getUpdates "HTTP/1.1 200 OK"
2025-04-27 23:24:54,509 - httpx - INFO - HTTP Request: POST https://api.telegram.org/bot8084223356:AAH0f9ib-iOJlt4xZWPH3r8GecTdVvjYcrE/getUpdates "HTTP/1.1 200 OK"
2025-04-27 23:25:04,551 - httpx - INFO - HTTP Request: POST https://api.telegram.org/bot8084223356:AAH0f9ib-iOJlt4xZWPH3r8GecTdVvjYcrE/getUpdates "HTTP/1.1 200 OK"
2025-04-27 23:25:31,117 - apscheduler.scheduler - INFO - Adding job tentatively -- it will be properly scheduled when the scheduler starts
2025-04-27 23:25:31,297 - httpx - INFO - HTTP Request: POST https://api.telegram.org/bot8084223356:AAH0f9ib-iOJlt4xZWPH3r8GecTdVvjYcrE/getMe "HTTP/1.1 200 OK"
2025-04-27 23:25:31,351 - httpx - INFO - HTTP Request: POST https://api.telegram.org/bot8084223356:AAH0f9ib-iOJlt4xZWPH3r8GecTdVvjYcrE/deleteWebhook "HTTP/1.1 200 OK"
2025-04-27 23:25:31,353 - apscheduler.scheduler - INFO - Added job "enviar_horoscopos_diarios" to job store "default"
2025-04-27 23:25:31,353 - apscheduler.scheduler - INFO - Scheduler started
2025-04-27 23:25:31,354 - telegram.ext.Application - INFO - Application started
2025-04-27 23:25:41,473 - httpx - INFO - HTTP Request: POST https://api.telegram.org/bot8084223356:AAH0f9ib-iOJlt4xZWPH3r8GecTdVvjYcrE/getUpdates "HTTP/1.1 200 OK"
2025-04-27 23:25:51,510 - httpx - INFO - HTTP Request: POST https://api.telegram.org/bot8084223356:AAH0f9ib-iOJlt4xZWPH3r8GecTdVvjYcrE/getUpdates "HTTP/1.1 200 OK"
2025-04-27 23:25:51,759 - httpx - INFO - HTTP Request: POST https://api.telegram.org/bot8084223356:AAH0f9ib-iOJlt4xZWPH3r8GecTdVvjYcrE/getUpdates "HTTP/1.1 200 OK"
2025-04-27 23:25:51,911 - httpx - INFO - HTTP Request: POST https://api.telegram.org/bot8084223356:AAH0f9ib-iOJlt4xZWPH3r8GecTdVvjYcrE/sendMessage "HTTP/1.1 200 OK"
2025-04-27 23:25:56,783 - httpx - INFO - HTTP Request: POST https://api.telegram.org/bot8084223356:AAH0f9ib-iOJlt4xZWPH3r8GecTdVvjYcrE/getUpdates "HTTP/1.1 200 OK"
2025-04-27 23:25:56,842 - httpx - INFO - HTTP Request: POST https://api.telegram.org/bot8084223356:AAH0f9ib-iOJlt4xZWPH3r8GecTdVvjYcrE/answerCallbackQuery "HTTP/1.1 200 OK"
2025-04-27 23:25:56,884 - httpx - INFO - HTTP Request: POST https://api.telegram.org/bot8084223356:AAH0f9ib-iOJlt4xZWPH3r8GecTdVvjYcrE/editMessageText "HTTP/1.1 400 Bad Request"
2025-04-27 23:25:56,884 - telegram.ext.Application - ERROR - No error handlers are registered, logging exception.
Traceback (most recent call last):
  File "C:\Users\PC\AppData\Local\Programs\Python\Python313\Lib\site-packages\telegram\ext\_application.py", line 1298, in process_update
    await coroutine
  File "C:\Users\PC\AppData\Local\Programs\Python\Python313\Lib\site-packages\telegram\ext\_handlers\basehandler.py", line 158, in handle_update
    return await self.callback(update, context)
           ^^^^^^^^^^^^^^^^^^^^^^^^^^^^^^^^^^^^
  File "C:\mi-bot-horoscopo\bot.py", line 197, in handle_button
    await enviar_horoscopo(query, signo)
  File "C:\mi-bot-horoscopo\bot.py", line 208, in enviar_horoscopo
    await query.edit_message_text(
    ...<2 lines>...
    )
  File "C:\Users\PC\AppData\Local\Programs\Python\Python313\Lib\site-packages\telegram\_callbackquery.py", line 265, in edit_message_text
    return await self._get_message().edit_text(
           ^^^^^^^^^^^^^^^^^^^^^^^^^^^^^^^^^^^^
    ...<11 lines>...
    )
    ^
  File "C:\Users\PC\AppData\Local\Programs\Python\Python313\Lib\site-packages\telegram\_message.py", line 3755, in edit_text
    return await self.get_bot().edit_message_text(
           ^^^^^^^^^^^^^^^^^^^^^^^^^^^^^^^^^^^^^^^
    ...<15 lines>...
    )
    ^
  File "C:\Users\PC\AppData\Local\Programs\Python\Python313\Lib\site-packages\telegram\ext\_extbot.py", line 1711, in edit_message_text
    return await super().edit_message_text(
           ^^^^^^^^^^^^^^^^^^^^^^^^^^^^^^^^
    ...<15 lines>...
    )
    ^
  File "C:\Users\PC\AppData\Local\Programs\Python\Python313\Lib\site-packages\telegram\_bot.py", line 4285, in edit_message_text
    return await self._send_message(
           ^^^^^^^^^^^^^^^^^^^^^^^^^
    ...<11 lines>...
    )
    ^
  File "C:\Users\PC\AppData\Local\Programs\Python\Python313\Lib\site-packages\telegram\ext\_extbot.py", line 618, in _send_message
    result = await super()._send_message(
             ^^^^^^^^^^^^^^^^^^^^^^^^^^^^
    ...<21 lines>...
    )
    ^
  File "C:\Users\PC\AppData\Local\Programs\Python\Python313\Lib\site-packages\telegram\_bot.py", line 803, in _send_message
    result = await self._post(
             ^^^^^^^^^^^^^^^^^
    ...<7 lines>...
    )
    ^
  File "C:\Users\PC\AppData\Local\Programs\Python\Python313\Lib\site-packages\telegram\_bot.py", line 691, in _post
    return await self._do_post(
           ^^^^^^^^^^^^^^^^^^^^
    ...<6 lines>...
    )
    ^
  File "C:\Users\PC\AppData\Local\Programs\Python\Python313\Lib\site-packages\telegram\ext\_extbot.py", line 362, in _do_post
    return await super()._do_post(
           ^^^^^^^^^^^^^^^^^^^^^^^
    ...<6 lines>...
    )
    ^
  File "C:\Users\PC\AppData\Local\Programs\Python\Python313\Lib\site-packages\telegram\_bot.py", line 720, in _do_post
    result = await request.post(
             ^^^^^^^^^^^^^^^^^^^
    ...<6 lines>...
    )
    ^
  File "C:\Users\PC\AppData\Local\Programs\Python\Python313\Lib\site-packages\telegram\request\_baserequest.py", line 197, in post
    result = await self._request_wrapper(
             ^^^^^^^^^^^^^^^^^^^^^^^^^^^^
    ...<7 lines>...
    )
    ^
  File "C:\Users\PC\AppData\Local\Programs\Python\Python313\Lib\site-packages\telegram\request\_baserequest.py", line 353, in _request_wrapper
    raise BadRequest(message)
telegram.error.BadRequest: Can't parse entities: character '.' is reserved and must be escaped with the preceding '\'
2025-04-27 23:25:59,711 - httpx - INFO - HTTP Request: POST https://api.telegram.org/bot8084223356:AAH0f9ib-iOJlt4xZWPH3r8GecTdVvjYcrE/getUpdates "HTTP/1.1 200 OK"
2025-04-27 23:25:59,768 - httpx - INFO - HTTP Request: POST https://api.telegram.org/bot8084223356:AAH0f9ib-iOJlt4xZWPH3r8GecTdVvjYcrE/answerCallbackQuery "HTTP/1.1 200 OK"
2025-04-27 23:25:59,813 - httpx - INFO - HTTP Request: POST https://api.telegram.org/bot8084223356:AAH0f9ib-iOJlt4xZWPH3r8GecTdVvjYcrE/editMessageText "HTTP/1.1 400 Bad Request"
2025-04-27 23:25:59,814 - telegram.ext.Application - ERROR - No error handlers are registered, logging exception.
Traceback (most recent call last):
  File "C:\Users\PC\AppData\Local\Programs\Python\Python313\Lib\site-packages\telegram\ext\_application.py", line 1298, in process_update
    await coroutine
  File "C:\Users\PC\AppData\Local\Programs\Python\Python313\Lib\site-packages\telegram\ext\_handlers\basehandler.py", line 158, in handle_update
    return await self.callback(update, context)
           ^^^^^^^^^^^^^^^^^^^^^^^^^^^^^^^^^^^^
  File "C:\mi-bot-horoscopo\bot.py", line 197, in handle_button
    await enviar_horoscopo(query, signo)
  File "C:\mi-bot-horoscopo\bot.py", line 208, in enviar_horoscopo
    await query.edit_message_text(
    ...<2 lines>...
    )
  File "C:\Users\PC\AppData\Local\Programs\Python\Python313\Lib\site-packages\telegram\_callbackquery.py", line 265, in edit_message_text
    return await self._get_message().edit_text(
           ^^^^^^^^^^^^^^^^^^^^^^^^^^^^^^^^^^^^
    ...<11 lines>...
    )
    ^
  File "C:\Users\PC\AppData\Local\Programs\Python\Python313\Lib\site-packages\telegram\_message.py", line 3755, in edit_text
    return await self.get_bot().edit_message_text(
           ^^^^^^^^^^^^^^^^^^^^^^^^^^^^^^^^^^^^^^^
    ...<15 lines>...
    )
    ^
  File "C:\Users\PC\AppData\Local\Programs\Python\Python313\Lib\site-packages\telegram\ext\_extbot.py", line 1711, in edit_message_text
    return await super().edit_message_text(
           ^^^^^^^^^^^^^^^^^^^^^^^^^^^^^^^^
    ...<15 lines>...
    )
    ^
  File "C:\Users\PC\AppData\Local\Programs\Python\Python313\Lib\site-packages\telegram\_bot.py", line 4285, in edit_message_text
    return await self._send_message(
           ^^^^^^^^^^^^^^^^^^^^^^^^^
    ...<11 lines>...
    )
    ^
  File "C:\Users\PC\AppData\Local\Programs\Python\Python313\Lib\site-packages\telegram\ext\_extbot.py", line 618, in _send_message
    result = await super()._send_message(
             ^^^^^^^^^^^^^^^^^^^^^^^^^^^^
    ...<21 lines>...
    )
    ^
  File "C:\Users\PC\AppData\Local\Programs\Python\Python313\Lib\site-packages\telegram\_bot.py", line 803, in _send_message
    result = await self._post(
             ^^^^^^^^^^^^^^^^^
    ...<7 lines>...
    )
    ^
  File "C:\Users\PC\AppData\Local\Programs\Python\Python313\Lib\site-packages\telegram\_bot.py", line 691, in _post
    return await self._do_post(
           ^^^^^^^^^^^^^^^^^^^^
    ...<6 lines>...
    )
    ^
  File "C:\Users\PC\AppData\Local\Programs\Python\Python313\Lib\site-packages\telegram\ext\_extbot.py", line 362, in _do_post
    return await super()._do_post(
           ^^^^^^^^^^^^^^^^^^^^^^^
    ...<6 lines>...
    )
    ^
  File "C:\Users\PC\AppData\Local\Programs\Python\Python313\Lib\site-packages\telegram\_bot.py", line 720, in _do_post
    result = await request.post(
             ^^^^^^^^^^^^^^^^^^^
    ...<6 lines>...
    )
    ^
  File "C:\Users\PC\AppData\Local\Programs\Python\Python313\Lib\site-packages\telegram\request\_baserequest.py", line 197, in post
    result = await self._request_wrapper(
             ^^^^^^^^^^^^^^^^^^^^^^^^^^^^
    ...<7 lines>...
    )
    ^
  File "C:\Users\PC\AppData\Local\Programs\Python\Python313\Lib\site-packages\telegram\request\_baserequest.py", line 353, in _request_wrapper
    raise BadRequest(message)
telegram.error.BadRequest: Can't parse entities: character '.' is reserved and must be escaped with the preceding '\'
2025-04-27 23:26:09,085 - httpx - INFO - HTTP Request: POST https://api.telegram.org/bot8084223356:AAH0f9ib-iOJlt4xZWPH3r8GecTdVvjYcrE/getUpdates "HTTP/1.1 200 OK"
2025-04-27 23:26:09,224 - httpx - INFO - HTTP Request: POST https://api.telegram.org/bot8084223356:AAH0f9ib-iOJlt4xZWPH3r8GecTdVvjYcrE/answerCallbackQuery "HTTP/1.1 200 OK"
2025-04-27 23:26:09,306 - httpx - INFO - HTTP Request: POST https://api.telegram.org/bot8084223356:AAH0f9ib-iOJlt4xZWPH3r8GecTdVvjYcrE/editMessageText "HTTP/1.1 200 OK"
2025-04-27 23:26:13,439 - httpx - INFO - HTTP Request: POST https://api.telegram.org/bot8084223356:AAH0f9ib-iOJlt4xZWPH3r8GecTdVvjYcrE/getUpdates "HTTP/1.1 200 OK"
2025-04-27 23:26:13,485 - httpx - INFO - HTTP Request: POST https://api.telegram.org/bot8084223356:AAH0f9ib-iOJlt4xZWPH3r8GecTdVvjYcrE/answerCallbackQuery "HTTP/1.1 200 OK"
2025-04-27 23:26:13,486 - telegram.ext.Application - ERROR - No error handlers are registered, logging exception.
Traceback (most recent call last):
  File "C:\Users\PC\AppData\Local\Programs\Python\Python313\Lib\site-packages\telegram\ext\_application.py", line 1298, in process_update
    await coroutine
  File "C:\Users\PC\AppData\Local\Programs\Python\Python313\Lib\site-packages\telegram\ext\_handlers\basehandler.py", line 158, in handle_update
    return await self.callback(update, context)
           ^^^^^^^^^^^^^^^^^^^^^^^^^^^^^^^^^^^^
  File "C:\mi-bot-horoscopo\bot.py", line 192, in handle_button
    guardar_usuario(user.id, signo)
    ~~~~~~~~~~~~~~~^^^^^^^^^^^^^^^^
  File "C:\mi-bot-horoscopo\bot.py", line 147, in guardar_usuario
    cursor.execute('INSERT OR REPLACE INTO usuarios VALUES (?, ?, 1)', (user_id, signo))
    ~~~~~~~~~~~~~~^^^^^^^^^^^^^^^^^^^^^^^^^^^^^^^^^^^^^^^^^^^^^^^^^^^^^^^^^^^^^^^^^^^^^^
sqlite3.OperationalError: table usuarios has 4 columns but 3 values were supplied
2025-04-27 23:26:23,484 - httpx - INFO - HTTP Request: POST https://api.telegram.org/bot8084223356:AAH0f9ib-iOJlt4xZWPH3r8GecTdVvjYcrE/getUpdates "HTTP/1.1 200 OK"
2025-04-27 23:26:33,525 - httpx - INFO - HTTP Request: POST https://api.telegram.org/bot8084223356:AAH0f9ib-iOJlt4xZWPH3r8GecTdVvjYcrE/getUpdates "HTTP/1.1 200 OK"
2025-04-27 23:26:58,421 - httpx - INFO - HTTP Request: POST https://api.telegram.org/bot8084223356:AAH0f9ib-iOJlt4xZWPH3r8GecTdVvjYcrE/getUpdates "HTTP/1.1 200 OK"
2025-04-27 23:27:08,465 - httpx - INFO - HTTP Request: POST https://api.telegram.org/bot8084223356:AAH0f9ib-iOJlt4xZWPH3r8GecTdVvjYcrE/getUpdates "HTTP/1.1 200 OK"
2025-04-27 23:27:18,506 - httpx - INFO - HTTP Request: POST https://api.telegram.org/bot8084223356:AAH0f9ib-iOJlt4xZWPH3r8GecTdVvjYcrE/getUpdates "HTTP/1.1 200 OK"
2025-04-27 23:27:28,547 - httpx - INFO - HTTP Request: POST https://api.telegram.org/bot8084223356:AAH0f9ib-iOJlt4xZWPH3r8GecTdVvjYcrE/getUpdates "HTTP/1.1 200 OK"
2025-04-27 23:27:38,591 - httpx - INFO - HTTP Request: POST https://api.telegram.org/bot8084223356:AAH0f9ib-iOJlt4xZWPH3r8GecTdVvjYcrE/getUpdates "HTTP/1.1 200 OK"
2025-04-27 23:27:48,630 - httpx - INFO - HTTP Request: POST https://api.telegram.org/bot8084223356:AAH0f9ib-iOJlt4xZWPH3r8GecTdVvjYcrE/getUpdates "HTTP/1.1 200 OK"
2025-04-27 23:27:58,773 - httpx - INFO - HTTP Request: POST https://api.telegram.org/bot8084223356:AAH0f9ib-iOJlt4xZWPH3r8GecTdVvjYcrE/getUpdates "HTTP/1.1 200 OK"
2025-04-27 23:28:08,814 - httpx - INFO - HTTP Request: POST https://api.telegram.org/bot8084223356:AAH0f9ib-iOJlt4xZWPH3r8GecTdVvjYcrE/getUpdates "HTTP/1.1 200 OK"
2025-04-27 23:28:18,853 - httpx - INFO - HTTP Request: POST https://api.telegram.org/bot8084223356:AAH0f9ib-iOJlt4xZWPH3r8GecTdVvjYcrE/getUpdates "HTTP/1.1 200 OK"
2025-04-27 23:28:28,891 - httpx - INFO - HTTP Request: POST https://api.telegram.org/bot8084223356:AAH0f9ib-iOJlt4xZWPH3r8GecTdVvjYcrE/getUpdates "HTTP/1.1 200 OK"
2025-04-27 23:28:38,939 - httpx - INFO - HTTP Request: POST https://api.telegram.org/bot8084223356:AAH0f9ib-iOJlt4xZWPH3r8GecTdVvjYcrE/getUpdates "HTTP/1.1 200 OK"
2025-04-27 23:28:48,977 - httpx - INFO - HTTP Request: POST https://api.telegram.org/bot8084223356:AAH0f9ib-iOJlt4xZWPH3r8GecTdVvjYcrE/getUpdates "HTTP/1.1 200 OK"
2025-04-27 23:28:59,017 - httpx - INFO - HTTP Request: POST https://api.telegram.org/bot8084223356:AAH0f9ib-iOJlt4xZWPH3r8GecTdVvjYcrE/getUpdates "HTTP/1.1 200 OK"
2025-04-27 23:29:09,067 - httpx - INFO - HTTP Request: POST https://api.telegram.org/bot8084223356:AAH0f9ib-iOJlt4xZWPH3r8GecTdVvjYcrE/getUpdates "HTTP/1.1 200 OK"
2025-04-27 23:29:19,158 - httpx - INFO - HTTP Request: POST https://api.telegram.org/bot8084223356:AAH0f9ib-iOJlt4xZWPH3r8GecTdVvjYcrE/getUpdates "HTTP/1.1 200 OK"
2025-04-27 23:29:29,199 - httpx - INFO - HTTP Request: POST https://api.telegram.org/bot8084223356:AAH0f9ib-iOJlt4xZWPH3r8GecTdVvjYcrE/getUpdates "HTTP/1.1 200 OK"
2025-04-27 23:29:39,243 - httpx - INFO - HTTP Request: POST https://api.telegram.org/bot8084223356:AAH0f9ib-iOJlt4xZWPH3r8GecTdVvjYcrE/getUpdates "HTTP/1.1 200 OK"
2025-04-27 23:29:49,288 - httpx - INFO - HTTP Request: POST https://api.telegram.org/bot8084223356:AAH0f9ib-iOJlt4xZWPH3r8GecTdVvjYcrE/getUpdates "HTTP/1.1 200 OK"
2025-04-27 23:29:59,330 - httpx - INFO - HTTP Request: POST https://api.telegram.org/bot8084223356:AAH0f9ib-iOJlt4xZWPH3r8GecTdVvjYcrE/getUpdates "HTTP/1.1 200 OK"
2025-04-27 23:30:09,375 - httpx - INFO - HTTP Request: POST https://api.telegram.org/bot8084223356:AAH0f9ib-iOJlt4xZWPH3r8GecTdVvjYcrE/getUpdates "HTTP/1.1 200 OK"
2025-04-27 23:30:19,414 - httpx - INFO - HTTP Request: POST https://api.telegram.org/bot8084223356:AAH0f9ib-iOJlt4xZWPH3r8GecTdVvjYcrE/getUpdates "HTTP/1.1 200 OK"
2025-04-27 23:30:29,568 - httpx - INFO - HTTP Request: POST https://api.telegram.org/bot8084223356:AAH0f9ib-iOJlt4xZWPH3r8GecTdVvjYcrE/getUpdates "HTTP/1.1 200 OK"
2025-04-27 23:30:39,609 - httpx - INFO - HTTP Request: POST https://api.telegram.org/bot8084223356:AAH0f9ib-iOJlt4xZWPH3r8GecTdVvjYcrE/getUpdates "HTTP/1.1 200 OK"
2025-04-27 23:30:49,648 - httpx - INFO - HTTP Request: POST https://api.telegram.org/bot8084223356:AAH0f9ib-iOJlt4xZWPH3r8GecTdVvjYcrE/getUpdates "HTTP/1.1 200 OK"
2025-04-27 23:30:59,693 - httpx - INFO - HTTP Request: POST https://api.telegram.org/bot8084223356:AAH0f9ib-iOJlt4xZWPH3r8GecTdVvjYcrE/getUpdates "HTTP/1.1 200 OK"
2025-04-27 23:31:09,733 - httpx - INFO - HTTP Request: POST https://api.telegram.org/bot8084223356:AAH0f9ib-iOJlt4xZWPH3r8GecTdVvjYcrE/getUpdates "HTTP/1.1 200 OK"
2025-04-27 23:31:19,773 - httpx - INFO - HTTP Request: POST https://api.telegram.org/bot8084223356:AAH0f9ib-iOJlt4xZWPH3r8GecTdVvjYcrE/getUpdates "HTTP/1.1 200 OK"
2025-04-27 23:31:29,811 - httpx - INFO - HTTP Request: POST https://api.telegram.org/bot8084223356:AAH0f9ib-iOJlt4xZWPH3r8GecTdVvjYcrE/getUpdates "HTTP/1.1 200 OK"
2025-04-27 23:32:54,873 - apscheduler.scheduler - INFO - Adding job tentatively -- it will be properly scheduled when the scheduler starts
2025-04-27 23:32:55,020 - httpx - INFO - HTTP Request: POST https://api.telegram.org/bot8084223356:AAH0f9ib-iOJlt4xZWPH3r8GecTdVvjYcrE/getMe "HTTP/1.1 200 OK"
2025-04-27 23:32:55,070 - httpx - INFO - HTTP Request: POST https://api.telegram.org/bot8084223356:AAH0f9ib-iOJlt4xZWPH3r8GecTdVvjYcrE/deleteWebhook "HTTP/1.1 200 OK"
2025-04-27 23:32:55,072 - apscheduler.scheduler - INFO - Added job "enviar_horoscopos_diarios" to job store "default"
2025-04-27 23:32:55,072 - apscheduler.scheduler - INFO - Scheduler started
2025-04-27 23:32:55,073 - telegram.ext.Application - INFO - Application started
2025-04-27 23:33:05,202 - httpx - INFO - HTTP Request: POST https://api.telegram.org/bot8084223356:AAH0f9ib-iOJlt4xZWPH3r8GecTdVvjYcrE/getUpdates "HTTP/1.1 200 OK"
2025-04-27 23:33:07,268 - httpx - INFO - HTTP Request: POST https://api.telegram.org/bot8084223356:AAH0f9ib-iOJlt4xZWPH3r8GecTdVvjYcrE/getUpdates "HTTP/1.1 200 OK"
2025-04-27 23:33:07,448 - httpx - INFO - HTTP Request: POST https://api.telegram.org/bot8084223356:AAH0f9ib-iOJlt4xZWPH3r8GecTdVvjYcrE/sendMessage "HTTP/1.1 200 OK"
2025-04-27 23:33:14,710 - httpx - INFO - HTTP Request: POST https://api.telegram.org/bot8084223356:AAH0f9ib-iOJlt4xZWPH3r8GecTdVvjYcrE/getUpdates "HTTP/1.1 200 OK"
2025-04-27 23:33:14,871 - httpx - INFO - HTTP Request: POST https://api.telegram.org/bot8084223356:AAH0f9ib-iOJlt4xZWPH3r8GecTdVvjYcrE/answerCallbackQuery "HTTP/1.1 200 OK"
2025-04-27 23:33:14,952 - httpx - INFO - HTTP Request: POST https://api.telegram.org/bot8084223356:AAH0f9ib-iOJlt4xZWPH3r8GecTdVvjYcrE/editMessageText "HTTP/1.1 400 Bad Request"
2025-04-27 23:33:14,953 - __main__ - ERROR - Error en enviar_horoscopo: Can't parse entities: character '.' is reserved and must be escaped with the preceding '\'
2025-04-27 23:33:14,991 - httpx - INFO - HTTP Request: POST https://api.telegram.org/bot8084223356:AAH0f9ib-iOJlt4xZWPH3r8GecTdVvjYcrE/editMessageText "HTTP/1.1 400 Bad Request"
2025-04-27 23:33:14,991 - __main__ - ERROR - Error en handle_button: Can't parse entities: character '.' is reserved and must be escaped with the preceding '\'
2025-04-27 23:33:15,028 - httpx - INFO - HTTP Request: POST https://api.telegram.org/bot8084223356:AAH0f9ib-iOJlt4xZWPH3r8GecTdVvjYcrE/editMessageText "HTTP/1.1 400 Bad Request"
2025-04-27 23:33:15,029 - __main__ - ERROR - Error no capturado: Can't parse entities: character '.' is reserved and must be escaped with the preceding '\'
2025-04-27 23:33:15,077 - httpx - INFO - HTTP Request: POST https://api.telegram.org/bot8084223356:AAH0f9ib-iOJlt4xZWPH3r8GecTdVvjYcrE/answerCallbackQuery "HTTP/1.1 200 OK"
2025-04-27 23:33:24,758 - httpx - INFO - HTTP Request: POST https://api.telegram.org/bot8084223356:AAH0f9ib-iOJlt4xZWPH3r8GecTdVvjYcrE/getUpdates "HTTP/1.1 200 OK"
2025-04-27 23:33:34,798 - httpx - INFO - HTTP Request: POST https://api.telegram.org/bot8084223356:AAH0f9ib-iOJlt4xZWPH3r8GecTdVvjYcrE/getUpdates "HTTP/1.1 200 OK"
2025-04-27 23:33:44,848 - httpx - INFO - HTTP Request: POST https://api.telegram.org/bot8084223356:AAH0f9ib-iOJlt4xZWPH3r8GecTdVvjYcrE/getUpdates "HTTP/1.1 200 OK"
2025-04-27 23:33:54,892 - httpx - INFO - HTTP Request: POST https://api.telegram.org/bot8084223356:AAH0f9ib-iOJlt4xZWPH3r8GecTdVvjYcrE/getUpdates "HTTP/1.1 200 OK"
2025-04-27 23:34:05,036 - httpx - INFO - HTTP Request: POST https://api.telegram.org/bot8084223356:AAH0f9ib-iOJlt4xZWPH3r8GecTdVvjYcrE/getUpdates "HTTP/1.1 200 OK"
2025-04-27 23:34:15,082 - httpx - INFO - HTTP Request: POST https://api.telegram.org/bot8084223356:AAH0f9ib-iOJlt4xZWPH3r8GecTdVvjYcrE/getUpdates "HTTP/1.1 200 OK"
2025-04-27 23:34:25,121 - httpx - INFO - HTTP Request: POST https://api.telegram.org/bot8084223356:AAH0f9ib-iOJlt4xZWPH3r8GecTdVvjYcrE/getUpdates "HTTP/1.1 200 OK"
2025-04-27 23:34:35,157 - httpx - INFO - HTTP Request: POST https://api.telegram.org/bot8084223356:AAH0f9ib-iOJlt4xZWPH3r8GecTdVvjYcrE/getUpdates "HTTP/1.1 200 OK"
2025-04-27 23:34:45,196 - httpx - INFO - HTTP Request: POST https://api.telegram.org/bot8084223356:AAH0f9ib-iOJlt4xZWPH3r8GecTdVvjYcrE/getUpdates "HTTP/1.1 200 OK"
2025-04-27 23:34:55,251 - httpx - INFO - HTTP Request: POST https://api.telegram.org/bot8084223356:AAH0f9ib-iOJlt4xZWPH3r8GecTdVvjYcrE/getUpdates "HTTP/1.1 200 OK"
2025-04-27 23:35:05,290 - httpx - INFO - HTTP Request: POST https://api.telegram.org/bot8084223356:AAH0f9ib-iOJlt4xZWPH3r8GecTdVvjYcrE/getUpdates "HTTP/1.1 200 OK"
2025-04-27 23:35:15,329 - httpx - INFO - HTTP Request: POST https://api.telegram.org/bot8084223356:AAH0f9ib-iOJlt4xZWPH3r8GecTdVvjYcrE/getUpdates "HTTP/1.1 200 OK"
2025-04-27 23:35:25,369 - httpx - INFO - HTTP Request: POST https://api.telegram.org/bot8084223356:AAH0f9ib-iOJlt4xZWPH3r8GecTdVvjYcrE/getUpdates "HTTP/1.1 200 OK"
2025-04-27 23:35:35,406 - httpx - INFO - HTTP Request: POST https://api.telegram.org/bot8084223356:AAH0f9ib-iOJlt4xZWPH3r8GecTdVvjYcrE/getUpdates "HTTP/1.1 200 OK"
2025-04-27 23:35:45,495 - httpx - INFO - HTTP Request: POST https://api.telegram.org/bot8084223356:AAH0f9ib-iOJlt4xZWPH3r8GecTdVvjYcrE/getUpdates "HTTP/1.1 200 OK"
2025-04-27 23:35:55,534 - httpx - INFO - HTTP Request: POST https://api.telegram.org/bot8084223356:AAH0f9ib-iOJlt4xZWPH3r8GecTdVvjYcrE/getUpdates "HTTP/1.1 200 OK"
2025-04-27 23:36:05,616 - httpx - INFO - HTTP Request: POST https://api.telegram.org/bot8084223356:AAH0f9ib-iOJlt4xZWPH3r8GecTdVvjYcrE/getUpdates "HTTP/1.1 200 OK"
2025-04-27 23:36:15,654 - httpx - INFO - HTTP Request: POST https://api.telegram.org/bot8084223356:AAH0f9ib-iOJlt4xZWPH3r8GecTdVvjYcrE/getUpdates "HTTP/1.1 200 OK"
2025-04-27 23:36:25,698 - httpx - INFO - HTTP Request: POST https://api.telegram.org/bot8084223356:AAH0f9ib-iOJlt4xZWPH3r8GecTdVvjYcrE/getUpdates "HTTP/1.1 200 OK"
2025-04-27 23:36:35,742 - httpx - INFO - HTTP Request: POST https://api.telegram.org/bot8084223356:AAH0f9ib-iOJlt4xZWPH3r8GecTdVvjYcrE/getUpdates "HTTP/1.1 200 OK"
2025-04-27 23:36:45,788 - httpx - INFO - HTTP Request: POST https://api.telegram.org/bot8084223356:AAH0f9ib-iOJlt4xZWPH3r8GecTdVvjYcrE/getUpdates "HTTP/1.1 200 OK"
2025-04-27 23:36:55,828 - httpx - INFO - HTTP Request: POST https://api.telegram.org/bot8084223356:AAH0f9ib-iOJlt4xZWPH3r8GecTdVvjYcrE/getUpdates "HTTP/1.1 200 OK"
2025-04-27 23:37:05,871 - httpx - INFO - HTTP Request: POST https://api.telegram.org/bot8084223356:AAH0f9ib-iOJlt4xZWPH3r8GecTdVvjYcrE/getUpdates "HTTP/1.1 200 OK"
2025-04-27 23:37:15,914 - httpx - INFO - HTTP Request: POST https://api.telegram.org/bot8084223356:AAH0f9ib-iOJlt4xZWPH3r8GecTdVvjYcrE/getUpdates "HTTP/1.1 200 OK"
2025-04-27 23:37:25,093 - httpx - INFO - HTTP Request: POST https://api.telegram.org/bot8084223356:AAH0f9ib-iOJlt4xZWPH3r8GecTdVvjYcrE/getUpdates "HTTP/1.1 200 OK"
2025-04-27 23:37:25,263 - httpx - INFO - HTTP Request: POST https://api.telegram.org/bot8084223356:AAH0f9ib-iOJlt4xZWPH3r8GecTdVvjYcrE/answerCallbackQuery "HTTP/1.1 200 OK"
2025-04-27 23:37:25,305 - httpx - INFO - HTTP Request: POST https://api.telegram.org/bot8084223356:AAH0f9ib-iOJlt4xZWPH3r8GecTdVvjYcrE/editMessageText "HTTP/1.1 400 Bad Request"
2025-04-27 23:37:25,306 - __main__ - ERROR - Error en enviar_horoscopo: Can't parse entities: character '.' is reserved and must be escaped with the preceding '\'
2025-04-27 23:37:25,348 - httpx - INFO - HTTP Request: POST https://api.telegram.org/bot8084223356:AAH0f9ib-iOJlt4xZWPH3r8GecTdVvjYcrE/editMessageText "HTTP/1.1 400 Bad Request"
2025-04-27 23:37:25,349 - __main__ - ERROR - Error en handle_button: Can't parse entities: character '.' is reserved and must be escaped with the preceding '\'
2025-04-27 23:37:25,391 - httpx - INFO - HTTP Request: POST https://api.telegram.org/bot8084223356:AAH0f9ib-iOJlt4xZWPH3r8GecTdVvjYcrE/editMessageText "HTTP/1.1 400 Bad Request"
2025-04-27 23:37:25,391 - __main__ - ERROR - Error no capturado: Can't parse entities: character '.' is reserved and must be escaped with the preceding '\'
2025-04-27 23:37:25,441 - httpx - INFO - HTTP Request: POST https://api.telegram.org/bot8084223356:AAH0f9ib-iOJlt4xZWPH3r8GecTdVvjYcrE/answerCallbackQuery "HTTP/1.1 200 OK"
2025-04-27 23:37:53,666 - apscheduler.scheduler - INFO - Adding job tentatively -- it will be properly scheduled when the scheduler starts
2025-04-27 23:37:53,814 - httpx - INFO - HTTP Request: POST https://api.telegram.org/bot8084223356:AAH0f9ib-iOJlt4xZWPH3r8GecTdVvjYcrE/getMe "HTTP/1.1 200 OK"
2025-04-27 23:37:53,856 - httpx - INFO - HTTP Request: POST https://api.telegram.org/bot8084223356:AAH0f9ib-iOJlt4xZWPH3r8GecTdVvjYcrE/deleteWebhook "HTTP/1.1 200 OK"
2025-04-27 23:37:53,858 - apscheduler.scheduler - INFO - Added job "enviar_horoscopos_diarios" to job store "default"
2025-04-27 23:37:53,858 - apscheduler.scheduler - INFO - Scheduler started
2025-04-27 23:37:53,859 - telegram.ext.Application - INFO - Application started
2025-04-27 23:38:04,003 - httpx - INFO - HTTP Request: POST https://api.telegram.org/bot8084223356:AAH0f9ib-iOJlt4xZWPH3r8GecTdVvjYcrE/getUpdates "HTTP/1.1 200 OK"
2025-04-27 23:38:14,056 - httpx - INFO - HTTP Request: POST https://api.telegram.org/bot8084223356:AAH0f9ib-iOJlt4xZWPH3r8GecTdVvjYcrE/getUpdates "HTTP/1.1 200 OK"
2025-04-27 23:38:18,382 - httpx - INFO - HTTP Request: POST https://api.telegram.org/bot8084223356:AAH0f9ib-iOJlt4xZWPH3r8GecTdVvjYcrE/getUpdates "HTTP/1.1 200 OK"
2025-04-27 23:38:18,589 - httpx - INFO - HTTP Request: POST https://api.telegram.org/bot8084223356:AAH0f9ib-iOJlt4xZWPH3r8GecTdVvjYcrE/sendMessage "HTTP/1.1 200 OK"
2025-04-27 23:38:23,815 - httpx - INFO - HTTP Request: POST https://api.telegram.org/bot8084223356:AAH0f9ib-iOJlt4xZWPH3r8GecTdVvjYcrE/getUpdates "HTTP/1.1 200 OK"
2025-04-27 23:38:23,966 - httpx - INFO - HTTP Request: POST https://api.telegram.org/bot8084223356:AAH0f9ib-iOJlt4xZWPH3r8GecTdVvjYcrE/answerCallbackQuery "HTTP/1.1 200 OK"
2025-04-27 23:38:24,009 - httpx - INFO - HTTP Request: POST https://api.telegram.org/bot8084223356:AAH0f9ib-iOJlt4xZWPH3r8GecTdVvjYcrE/editMessageText "HTTP/1.1 400 Bad Request"
2025-04-27 23:38:24,009 - __main__ - ERROR - Error en enviar_horoscopo: Can't parse entities: character '.' is reserved and must be escaped with the preceding '\'
2025-04-27 23:38:24,053 - httpx - INFO - HTTP Request: POST https://api.telegram.org/bot8084223356:AAH0f9ib-iOJlt4xZWPH3r8GecTdVvjYcrE/editMessageText "HTTP/1.1 400 Bad Request"
2025-04-27 23:38:24,053 - __main__ - ERROR - Error en handle_button: Can't parse entities: character '.' is reserved and must be escaped with the preceding '\'
2025-04-27 23:38:24,100 - httpx - INFO - HTTP Request: POST https://api.telegram.org/bot8084223356:AAH0f9ib-iOJlt4xZWPH3r8GecTdVvjYcrE/editMessageText "HTTP/1.1 400 Bad Request"
2025-04-27 23:38:24,101 - __main__ - ERROR - Error no capturado: Can't parse entities: character '.' is reserved and must be escaped with the preceding '\'
2025-04-27 23:38:24,156 - httpx - INFO - HTTP Request: POST https://api.telegram.org/bot8084223356:AAH0f9ib-iOJlt4xZWPH3r8GecTdVvjYcrE/answerCallbackQuery "HTTP/1.1 200 OK"
2025-04-27 23:38:31,257 - httpx - INFO - HTTP Request: POST https://api.telegram.org/bot8084223356:AAH0f9ib-iOJlt4xZWPH3r8GecTdVvjYcrE/getUpdates "HTTP/1.1 200 OK"
2025-04-27 23:38:31,419 - httpx - INFO - HTTP Request: POST https://api.telegram.org/bot8084223356:AAH0f9ib-iOJlt4xZWPH3r8GecTdVvjYcrE/sendMessage "HTTP/1.1 200 OK"
2025-04-27 23:38:41,306 - httpx - INFO - HTTP Request: POST https://api.telegram.org/bot8084223356:AAH0f9ib-iOJlt4xZWPH3r8GecTdVvjYcrE/getUpdates "HTTP/1.1 200 OK"
2025-04-27 23:38:51,353 - httpx - INFO - HTTP Request: POST https://api.telegram.org/bot8084223356:AAH0f9ib-iOJlt4xZWPH3r8GecTdVvjYcrE/getUpdates "HTTP/1.1 200 OK"
2025-04-27 23:39:32,828 - httpx - INFO - HTTP Request: POST https://api.telegram.org/bot8084223356:AAH0f9ib-iOJlt4xZWPH3r8GecTdVvjYcrE/getUpdates "HTTP/1.1 200 OK"
2025-04-27 23:39:42,875 - httpx - INFO - HTTP Request: POST https://api.telegram.org/bot8084223356:AAH0f9ib-iOJlt4xZWPH3r8GecTdVvjYcrE/getUpdates "HTTP/1.1 200 OK"
2025-04-27 23:39:52,922 - httpx - INFO - HTTP Request: POST https://api.telegram.org/bot8084223356:AAH0f9ib-iOJlt4xZWPH3r8GecTdVvjYcrE/getUpdates "HTTP/1.1 200 OK"
2025-04-27 23:40:02,970 - httpx - INFO - HTTP Request: POST https://api.telegram.org/bot8084223356:AAH0f9ib-iOJlt4xZWPH3r8GecTdVvjYcrE/getUpdates "HTTP/1.1 200 OK"
2025-04-27 23:40:13,019 - httpx - INFO - HTTP Request: POST https://api.telegram.org/bot8084223356:AAH0f9ib-iOJlt4xZWPH3r8GecTdVvjYcrE/getUpdates "HTTP/1.1 200 OK"
2025-04-27 23:40:23,064 - httpx - INFO - HTTP Request: POST https://api.telegram.org/bot8084223356:AAH0f9ib-iOJlt4xZWPH3r8GecTdVvjYcrE/getUpdates "HTTP/1.1 200 OK"
2025-04-27 23:40:33,110 - httpx - INFO - HTTP Request: POST https://api.telegram.org/bot8084223356:AAH0f9ib-iOJlt4xZWPH3r8GecTdVvjYcrE/getUpdates "HTTP/1.1 200 OK"
2025-04-27 23:40:43,156 - httpx - INFO - HTTP Request: POST https://api.telegram.org/bot8084223356:AAH0f9ib-iOJlt4xZWPH3r8GecTdVvjYcrE/getUpdates "HTTP/1.1 200 OK"
2025-04-27 23:40:53,211 - httpx - INFO - HTTP Request: POST https://api.telegram.org/bot8084223356:AAH0f9ib-iOJlt4xZWPH3r8GecTdVvjYcrE/getUpdates "HTTP/1.1 200 OK"
2025-04-27 23:41:03,255 - httpx - INFO - HTTP Request: POST https://api.telegram.org/bot8084223356:AAH0f9ib-iOJlt4xZWPH3r8GecTdVvjYcrE/getUpdates "HTTP/1.1 200 OK"
2025-04-27 23:41:13,301 - httpx - INFO - HTTP Request: POST https://api.telegram.org/bot8084223356:AAH0f9ib-iOJlt4xZWPH3r8GecTdVvjYcrE/getUpdates "HTTP/1.1 200 OK"
2025-04-27 23:41:23,348 - httpx - INFO - HTTP Request: POST https://api.telegram.org/bot8084223356:AAH0f9ib-iOJlt4xZWPH3r8GecTdVvjYcrE/getUpdates "HTTP/1.1 200 OK"
2025-04-27 23:41:33,397 - httpx - INFO - HTTP Request: POST https://api.telegram.org/bot8084223356:AAH0f9ib-iOJlt4xZWPH3r8GecTdVvjYcrE/getUpdates "HTTP/1.1 200 OK"
2025-04-27 23:41:43,442 - httpx - INFO - HTTP Request: POST https://api.telegram.org/bot8084223356:AAH0f9ib-iOJlt4xZWPH3r8GecTdVvjYcrE/getUpdates "HTTP/1.1 200 OK"
2025-04-27 23:41:53,492 - httpx - INFO - HTTP Request: POST https://api.telegram.org/bot8084223356:AAH0f9ib-iOJlt4xZWPH3r8GecTdVvjYcrE/getUpdates "HTTP/1.1 200 OK"
2025-04-27 23:42:03,536 - httpx - INFO - HTTP Request: POST https://api.telegram.org/bot8084223356:AAH0f9ib-iOJlt4xZWPH3r8GecTdVvjYcrE/getUpdates "HTTP/1.1 200 OK"
2025-04-27 23:42:13,585 - httpx - INFO - HTTP Request: POST https://api.telegram.org/bot8084223356:AAH0f9ib-iOJlt4xZWPH3r8GecTdVvjYcrE/getUpdates "HTTP/1.1 200 OK"
2025-04-27 23:42:23,631 - httpx - INFO - HTTP Request: POST https://api.telegram.org/bot8084223356:AAH0f9ib-iOJlt4xZWPH3r8GecTdVvjYcrE/getUpdates "HTTP/1.1 200 OK"
2025-04-27 23:42:33,676 - httpx - INFO - HTTP Request: POST https://api.telegram.org/bot8084223356:AAH0f9ib-iOJlt4xZWPH3r8GecTdVvjYcrE/getUpdates "HTTP/1.1 200 OK"
2025-04-27 23:42:43,821 - httpx - INFO - HTTP Request: POST https://api.telegram.org/bot8084223356:AAH0f9ib-iOJlt4xZWPH3r8GecTdVvjYcrE/getUpdates "HTTP/1.1 200 OK"
2025-04-27 23:42:53,865 - httpx - INFO - HTTP Request: POST https://api.telegram.org/bot8084223356:AAH0f9ib-iOJlt4xZWPH3r8GecTdVvjYcrE/getUpdates "HTTP/1.1 200 OK"
2025-04-27 23:43:03,910 - httpx - INFO - HTTP Request: POST https://api.telegram.org/bot8084223356:AAH0f9ib-iOJlt4xZWPH3r8GecTdVvjYcrE/getUpdates "HTTP/1.1 200 OK"
2025-04-27 23:43:13,962 - httpx - INFO - HTTP Request: POST https://api.telegram.org/bot8084223356:AAH0f9ib-iOJlt4xZWPH3r8GecTdVvjYcrE/getUpdates "HTTP/1.1 200 OK"
2025-04-27 23:43:24,010 - httpx - INFO - HTTP Request: POST https://api.telegram.org/bot8084223356:AAH0f9ib-iOJlt4xZWPH3r8GecTdVvjYcrE/getUpdates "HTTP/1.1 200 OK"
2025-04-27 23:43:34,057 - httpx - INFO - HTTP Request: POST https://api.telegram.org/bot8084223356:AAH0f9ib-iOJlt4xZWPH3r8GecTdVvjYcrE/getUpdates "HTTP/1.1 200 OK"
2025-04-27 23:43:44,103 - httpx - INFO - HTTP Request: POST https://api.telegram.org/bot8084223356:AAH0f9ib-iOJlt4xZWPH3r8GecTdVvjYcrE/getUpdates "HTTP/1.1 200 OK"
2025-04-27 23:49:19,738 - apscheduler.scheduler - INFO - Adding job tentatively -- it will be properly scheduled when the scheduler starts
2025-04-27 23:49:19,886 - httpx - INFO - HTTP Request: POST https://api.telegram.org/bot8084223356:AAH0f9ib-iOJlt4xZWPH3r8GecTdVvjYcrE/getMe "HTTP/1.1 200 OK"
2025-04-27 23:49:19,925 - httpx - INFO - HTTP Request: POST https://api.telegram.org/bot8084223356:AAH0f9ib-iOJlt4xZWPH3r8GecTdVvjYcrE/deleteWebhook "HTTP/1.1 200 OK"
2025-04-27 23:49:19,927 - apscheduler.scheduler - INFO - Added job "enviar_horoscopos_diarios" to job store "default"
2025-04-27 23:49:19,927 - apscheduler.scheduler - INFO - Scheduler started
2025-04-27 23:49:19,927 - telegram.ext.Application - INFO - Application started
2025-04-27 23:49:30,074 - httpx - INFO - HTTP Request: POST https://api.telegram.org/bot8084223356:AAH0f9ib-iOJlt4xZWPH3r8GecTdVvjYcrE/getUpdates "HTTP/1.1 200 OK"
2025-04-27 23:49:33,695 - httpx - INFO - HTTP Request: POST https://api.telegram.org/bot8084223356:AAH0f9ib-iOJlt4xZWPH3r8GecTdVvjYcrE/getUpdates "HTTP/1.1 200 OK"
2025-04-27 23:49:33,909 - httpx - INFO - HTTP Request: POST https://api.telegram.org/bot8084223356:AAH0f9ib-iOJlt4xZWPH3r8GecTdVvjYcrE/sendMessage "HTTP/1.1 400 Bad Request"
2025-04-27 23:49:33,911 - telegram.ext.Application - ERROR - No error handlers are registered, logging exception.
Traceback (most recent call last):
  File "C:\Users\PC\AppData\Local\Programs\Python\Python313\Lib\site-packages\telegram\ext\_application.py", line 1298, in process_update
    await coroutine
  File "C:\Users\PC\AppData\Local\Programs\Python\Python313\Lib\site-packages\telegram\ext\_handlers\basehandler.py", line 158, in handle_update
    return await self.callback(update, context)
           ^^^^^^^^^^^^^^^^^^^^^^^^^^^^^^^^^^^^
  File "C:\mi-bot-horoscopo\bot.py", line 118, in start
    await update.message.reply_text(
    ...<4 lines>...
    )
  File "C:\Users\PC\AppData\Local\Programs\Python\Python313\Lib\site-packages\telegram\_message.py", line 1775, in reply_text
    return await self.get_bot().send_message(
           ^^^^^^^^^^^^^^^^^^^^^^^^^^^^^^^^^^
    ...<20 lines>...
    )
    ^
  File "C:\Users\PC\AppData\Local\Programs\Python\Python313\Lib\site-packages\telegram\ext\_extbot.py", line 2977, in send_message
    return await super().send_message(
           ^^^^^^^^^^^^^^^^^^^^^^^^^^^
    ...<21 lines>...
    )
    ^
  File "C:\Users\PC\AppData\Local\Programs\Python\Python313\Lib\site-packages\telegram\_bot.py", line 1091, in send_message
    return await self._send_message(
           ^^^^^^^^^^^^^^^^^^^^^^^^^
    ...<19 lines>...
    )
    ^
  File "C:\Users\PC\AppData\Local\Programs\Python\Python313\Lib\site-packages\telegram\ext\_extbot.py", line 618, in _send_message
    result = await super()._send_message(
             ^^^^^^^^^^^^^^^^^^^^^^^^^^^^
    ...<21 lines>...
    )
    ^
  File "C:\Users\PC\AppData\Local\Programs\Python\Python313\Lib\site-packages\telegram\_bot.py", line 803, in _send_message
    result = await self._post(
             ^^^^^^^^^^^^^^^^^
    ...<7 lines>...
    )
    ^
  File "C:\Users\PC\AppData\Local\Programs\Python\Python313\Lib\site-packages\telegram\_bot.py", line 691, in _post
    return await self._do_post(
           ^^^^^^^^^^^^^^^^^^^^
    ...<6 lines>...
    )
    ^
  File "C:\Users\PC\AppData\Local\Programs\Python\Python313\Lib\site-packages\telegram\ext\_extbot.py", line 362, in _do_post
    return await super()._do_post(
           ^^^^^^^^^^^^^^^^^^^^^^^
    ...<6 lines>...
    )
    ^
  File "C:\Users\PC\AppData\Local\Programs\Python\Python313\Lib\site-packages\telegram\_bot.py", line 720, in _do_post
    result = await request.post(
             ^^^^^^^^^^^^^^^^^^^
    ...<6 lines>...
    )
    ^
  File "C:\Users\PC\AppData\Local\Programs\Python\Python313\Lib\site-packages\telegram\request\_baserequest.py", line 197, in post
    result = await self._request_wrapper(
             ^^^^^^^^^^^^^^^^^^^^^^^^^^^^
    ...<7 lines>...
    )
    ^
  File "C:\Users\PC\AppData\Local\Programs\Python\Python313\Lib\site-packages\telegram\request\_baserequest.py", line 353, in _request_wrapper
    raise BadRequest(message)
telegram.error.BadRequest: Can't parse entities: character '.' is reserved and must be escaped with the preceding '\'
2025-04-27 23:49:43,745 - httpx - INFO - HTTP Request: POST https://api.telegram.org/bot8084223356:AAH0f9ib-iOJlt4xZWPH3r8GecTdVvjYcrE/getUpdates "HTTP/1.1 200 OK"
2025-04-27 23:49:53,799 - httpx - INFO - HTTP Request: POST https://api.telegram.org/bot8084223356:AAH0f9ib-iOJlt4xZWPH3r8GecTdVvjYcrE/getUpdates "HTTP/1.1 200 OK"
2025-04-27 23:50:03,852 - httpx - INFO - HTTP Request: POST https://api.telegram.org/bot8084223356:AAH0f9ib-iOJlt4xZWPH3r8GecTdVvjYcrE/getUpdates "HTTP/1.1 200 OK"
2025-04-27 23:50:13,997 - httpx - INFO - HTTP Request: POST https://api.telegram.org/bot8084223356:AAH0f9ib-iOJlt4xZWPH3r8GecTdVvjYcrE/getUpdates "HTTP/1.1 200 OK"
2025-04-27 23:50:24,052 - httpx - INFO - HTTP Request: POST https://api.telegram.org/bot8084223356:AAH0f9ib-iOJlt4xZWPH3r8GecTdVvjYcrE/getUpdates "HTTP/1.1 200 OK"
2025-04-27 23:50:29,731 - httpx - INFO - HTTP Request: POST https://api.telegram.org/bot8084223356:AAH0f9ib-iOJlt4xZWPH3r8GecTdVvjYcrE/getUpdates "HTTP/1.1 200 OK"
2025-04-27 23:50:29,868 - httpx - INFO - HTTP Request: POST https://api.telegram.org/bot8084223356:AAH0f9ib-iOJlt4xZWPH3r8GecTdVvjYcrE/sendMessage "HTTP/1.1 400 Bad Request"
2025-04-27 23:50:29,869 - telegram.ext.Application - ERROR - No error handlers are registered, logging exception.
Traceback (most recent call last):
  File "C:\Users\PC\AppData\Local\Programs\Python\Python313\Lib\site-packages\telegram\ext\_application.py", line 1298, in process_update
    await coroutine
  File "C:\Users\PC\AppData\Local\Programs\Python\Python313\Lib\site-packages\telegram\ext\_handlers\basehandler.py", line 158, in handle_update
    return await self.callback(update, context)
           ^^^^^^^^^^^^^^^^^^^^^^^^^^^^^^^^^^^^
  File "C:\mi-bot-horoscopo\bot.py", line 118, in start
    await update.message.reply_text(
    ...<4 lines>...
    )
  File "C:\Users\PC\AppData\Local\Programs\Python\Python313\Lib\site-packages\telegram\_message.py", line 1775, in reply_text
    return await self.get_bot().send_message(
           ^^^^^^^^^^^^^^^^^^^^^^^^^^^^^^^^^^
    ...<20 lines>...
    )
    ^
  File "C:\Users\PC\AppData\Local\Programs\Python\Python313\Lib\site-packages\telegram\ext\_extbot.py", line 2977, in send_message
    return await super().send_message(
           ^^^^^^^^^^^^^^^^^^^^^^^^^^^
    ...<21 lines>...
    )
    ^
  File "C:\Users\PC\AppData\Local\Programs\Python\Python313\Lib\site-packages\telegram\_bot.py", line 1091, in send_message
    return await self._send_message(
           ^^^^^^^^^^^^^^^^^^^^^^^^^
    ...<19 lines>...
    )
    ^
  File "C:\Users\PC\AppData\Local\Programs\Python\Python313\Lib\site-packages\telegram\ext\_extbot.py", line 618, in _send_message
    result = await super()._send_message(
             ^^^^^^^^^^^^^^^^^^^^^^^^^^^^
    ...<21 lines>...
    )
    ^
  File "C:\Users\PC\AppData\Local\Programs\Python\Python313\Lib\site-packages\telegram\_bot.py", line 803, in _send_message
    result = await self._post(
             ^^^^^^^^^^^^^^^^^
    ...<7 lines>...
    )
    ^
  File "C:\Users\PC\AppData\Local\Programs\Python\Python313\Lib\site-packages\telegram\_bot.py", line 691, in _post
    return await self._do_post(
           ^^^^^^^^^^^^^^^^^^^^
    ...<6 lines>...
    )
    ^
  File "C:\Users\PC\AppData\Local\Programs\Python\Python313\Lib\site-packages\telegram\ext\_extbot.py", line 362, in _do_post
    return await super()._do_post(
           ^^^^^^^^^^^^^^^^^^^^^^^
    ...<6 lines>...
    )
    ^
  File "C:\Users\PC\AppData\Local\Programs\Python\Python313\Lib\site-packages\telegram\_bot.py", line 720, in _do_post
    result = await request.post(
             ^^^^^^^^^^^^^^^^^^^
    ...<6 lines>...
    )
    ^
  File "C:\Users\PC\AppData\Local\Programs\Python\Python313\Lib\site-packages\telegram\request\_baserequest.py", line 197, in post
    result = await self._request_wrapper(
             ^^^^^^^^^^^^^^^^^^^^^^^^^^^^
    ...<7 lines>...
    )
    ^
  File "C:\Users\PC\AppData\Local\Programs\Python\Python313\Lib\site-packages\telegram\request\_baserequest.py", line 353, in _request_wrapper
    raise BadRequest(message)
telegram.error.BadRequest: Can't parse entities: character '.' is reserved and must be escaped with the preceding '\'
2025-04-27 23:50:39,782 - httpx - INFO - HTTP Request: POST https://api.telegram.org/bot8084223356:AAH0f9ib-iOJlt4xZWPH3r8GecTdVvjYcrE/getUpdates "HTTP/1.1 200 OK"
2025-04-27 23:50:49,833 - httpx - INFO - HTTP Request: POST https://api.telegram.org/bot8084223356:AAH0f9ib-iOJlt4xZWPH3r8GecTdVvjYcrE/getUpdates "HTTP/1.1 200 OK"
2025-04-27 23:50:59,882 - httpx - INFO - HTTP Request: POST https://api.telegram.org/bot8084223356:AAH0f9ib-iOJlt4xZWPH3r8GecTdVvjYcrE/getUpdates "HTTP/1.1 200 OK"
2025-04-27 23:51:26,117 - httpx - INFO - HTTP Request: POST https://api.telegram.org/bot8084223356:AAH0f9ib-iOJlt4xZWPH3r8GecTdVvjYcrE/getUpdates "HTTP/1.1 200 OK"
2025-04-27 23:51:36,165 - httpx - INFO - HTTP Request: POST https://api.telegram.org/bot8084223356:AAH0f9ib-iOJlt4xZWPH3r8GecTdVvjYcrE/getUpdates "HTTP/1.1 200 OK"
2025-04-27 23:51:46,215 - httpx - INFO - HTTP Request: POST https://api.telegram.org/bot8084223356:AAH0f9ib-iOJlt4xZWPH3r8GecTdVvjYcrE/getUpdates "HTTP/1.1 200 OK"
2025-04-27 23:51:56,268 - httpx - INFO - HTTP Request: POST https://api.telegram.org/bot8084223356:AAH0f9ib-iOJlt4xZWPH3r8GecTdVvjYcrE/getUpdates "HTTP/1.1 200 OK"
2025-04-27 23:52:06,320 - httpx - INFO - HTTP Request: POST https://api.telegram.org/bot8084223356:AAH0f9ib-iOJlt4xZWPH3r8GecTdVvjYcrE/getUpdates "HTTP/1.1 200 OK"
2025-04-27 23:52:16,374 - httpx - INFO - HTTP Request: POST https://api.telegram.org/bot8084223356:AAH0f9ib-iOJlt4xZWPH3r8GecTdVvjYcrE/getUpdates "HTTP/1.1 200 OK"
2025-04-27 23:52:26,501 - httpx - INFO - HTTP Request: POST https://api.telegram.org/bot8084223356:AAH0f9ib-iOJlt4xZWPH3r8GecTdVvjYcrE/getUpdates "HTTP/1.1 200 OK"
2025-04-27 23:52:36,554 - httpx - INFO - HTTP Request: POST https://api.telegram.org/bot8084223356:AAH0f9ib-iOJlt4xZWPH3r8GecTdVvjYcrE/getUpdates "HTTP/1.1 200 OK"
2025-04-27 23:52:46,608 - httpx - INFO - HTTP Request: POST https://api.telegram.org/bot8084223356:AAH0f9ib-iOJlt4xZWPH3r8GecTdVvjYcrE/getUpdates "HTTP/1.1 200 OK"
2025-04-27 23:52:56,659 - httpx - INFO - HTTP Request: POST https://api.telegram.org/bot8084223356:AAH0f9ib-iOJlt4xZWPH3r8GecTdVvjYcrE/getUpdates "HTTP/1.1 200 OK"
2025-04-27 23:53:06,721 - httpx - INFO - HTTP Request: POST https://api.telegram.org/bot8084223356:AAH0f9ib-iOJlt4xZWPH3r8GecTdVvjYcrE/getUpdates "HTTP/1.1 200 OK"
2025-04-27 23:53:16,772 - httpx - INFO - HTTP Request: POST https://api.telegram.org/bot8084223356:AAH0f9ib-iOJlt4xZWPH3r8GecTdVvjYcrE/getUpdates "HTTP/1.1 200 OK"
2025-04-27 23:53:26,827 - httpx - INFO - HTTP Request: POST https://api.telegram.org/bot8084223356:AAH0f9ib-iOJlt4xZWPH3r8GecTdVvjYcrE/getUpdates "HTTP/1.1 200 OK"
2025-04-27 23:53:36,880 - httpx - INFO - HTTP Request: POST https://api.telegram.org/bot8084223356:AAH0f9ib-iOJlt4xZWPH3r8GecTdVvjYcrE/getUpdates "HTTP/1.1 200 OK"
2025-04-27 23:53:46,934 - httpx - INFO - HTTP Request: POST https://api.telegram.org/bot8084223356:AAH0f9ib-iOJlt4xZWPH3r8GecTdVvjYcrE/getUpdates "HTTP/1.1 200 OK"
2025-04-27 23:53:56,987 - httpx - INFO - HTTP Request: POST https://api.telegram.org/bot8084223356:AAH0f9ib-iOJlt4xZWPH3r8GecTdVvjYcrE/getUpdates "HTTP/1.1 200 OK"
2025-04-27 23:54:07,039 - httpx - INFO - HTTP Request: POST https://api.telegram.org/bot8084223356:AAH0f9ib-iOJlt4xZWPH3r8GecTdVvjYcrE/getUpdates "HTTP/1.1 200 OK"
2025-04-27 23:54:17,095 - httpx - INFO - HTTP Request: POST https://api.telegram.org/bot8084223356:AAH0f9ib-iOJlt4xZWPH3r8GecTdVvjYcrE/getUpdates "HTTP/1.1 200 OK"
2025-04-27 23:54:27,148 - httpx - INFO - HTTP Request: POST https://api.telegram.org/bot8084223356:AAH0f9ib-iOJlt4xZWPH3r8GecTdVvjYcrE/getUpdates "HTTP/1.1 200 OK"
2025-04-27 23:54:37,202 - httpx - INFO - HTTP Request: POST https://api.telegram.org/bot8084223356:AAH0f9ib-iOJlt4xZWPH3r8GecTdVvjYcrE/getUpdates "HTTP/1.1 200 OK"
2025-04-27 23:54:47,255 - httpx - INFO - HTTP Request: POST https://api.telegram.org/bot8084223356:AAH0f9ib-iOJlt4xZWPH3r8GecTdVvjYcrE/getUpdates "HTTP/1.1 200 OK"
2025-04-27 23:54:57,304 - httpx - INFO - HTTP Request: POST https://api.telegram.org/bot8084223356:AAH0f9ib-iOJlt4xZWPH3r8GecTdVvjYcrE/getUpdates "HTTP/1.1 200 OK"
2025-04-27 23:55:07,355 - httpx - INFO - HTTP Request: POST https://api.telegram.org/bot8084223356:AAH0f9ib-iOJlt4xZWPH3r8GecTdVvjYcrE/getUpdates "HTTP/1.1 200 OK"
2025-04-27 23:55:17,407 - httpx - INFO - HTTP Request: POST https://api.telegram.org/bot8084223356:AAH0f9ib-iOJlt4xZWPH3r8GecTdVvjYcrE/getUpdates "HTTP/1.1 200 OK"
2025-04-27 23:55:27,521 - httpx - INFO - HTTP Request: POST https://api.telegram.org/bot8084223356:AAH0f9ib-iOJlt4xZWPH3r8GecTdVvjYcrE/getUpdates "HTTP/1.1 200 OK"
2025-04-27 23:55:37,572 - httpx - INFO - HTTP Request: POST https://api.telegram.org/bot8084223356:AAH0f9ib-iOJlt4xZWPH3r8GecTdVvjYcrE/getUpdates "HTTP/1.1 200 OK"
2025-04-27 23:55:47,625 - httpx - INFO - HTTP Request: POST https://api.telegram.org/bot8084223356:AAH0f9ib-iOJlt4xZWPH3r8GecTdVvjYcrE/getUpdates "HTTP/1.1 200 OK"
2025-04-27 23:55:57,677 - httpx - INFO - HTTP Request: POST https://api.telegram.org/bot8084223356:AAH0f9ib-iOJlt4xZWPH3r8GecTdVvjYcrE/getUpdates "HTTP/1.1 200 OK"
2025-04-27 23:56:07,738 - httpx - INFO - HTTP Request: POST https://api.telegram.org/bot8084223356:AAH0f9ib-iOJlt4xZWPH3r8GecTdVvjYcrE/getUpdates "HTTP/1.1 200 OK"
2025-04-27 23:56:17,792 - httpx - INFO - HTTP Request: POST https://api.telegram.org/bot8084223356:AAH0f9ib-iOJlt4xZWPH3r8GecTdVvjYcrE/getUpdates "HTTP/1.1 200 OK"
2025-04-27 23:56:27,842 - httpx - INFO - HTTP Request: POST https://api.telegram.org/bot8084223356:AAH0f9ib-iOJlt4xZWPH3r8GecTdVvjYcrE/getUpdates "HTTP/1.1 200 OK"
2025-04-27 23:56:37,953 - httpx - INFO - HTTP Request: POST https://api.telegram.org/bot8084223356:AAH0f9ib-iOJlt4xZWPH3r8GecTdVvjYcrE/getUpdates "HTTP/1.1 200 OK"
2025-04-27 23:56:48,004 - httpx - INFO - HTTP Request: POST https://api.telegram.org/bot8084223356:AAH0f9ib-iOJlt4xZWPH3r8GecTdVvjYcrE/getUpdates "HTTP/1.1 200 OK"
2025-04-27 23:56:58,057 - httpx - INFO - HTTP Request: POST https://api.telegram.org/bot8084223356:AAH0f9ib-iOJlt4xZWPH3r8GecTdVvjYcrE/getUpdates "HTTP/1.1 200 OK"
2025-04-27 23:57:08,107 - httpx - INFO - HTTP Request: POST https://api.telegram.org/bot8084223356:AAH0f9ib-iOJlt4xZWPH3r8GecTdVvjYcrE/getUpdates "HTTP/1.1 200 OK"
2025-04-27 23:57:18,158 - httpx - INFO - HTTP Request: POST https://api.telegram.org/bot8084223356:AAH0f9ib-iOJlt4xZWPH3r8GecTdVvjYcrE/getUpdates "HTTP/1.1 200 OK"
2025-04-27 23:57:28,211 - httpx - INFO - HTTP Request: POST https://api.telegram.org/bot8084223356:AAH0f9ib-iOJlt4xZWPH3r8GecTdVvjYcrE/getUpdates "HTTP/1.1 200 OK"
2025-04-27 23:57:38,364 - httpx - INFO - HTTP Request: POST https://api.telegram.org/bot8084223356:AAH0f9ib-iOJlt4xZWPH3r8GecTdVvjYcrE/getUpdates "HTTP/1.1 200 OK"
2025-04-27 23:57:48,415 - httpx - INFO - HTTP Request: POST https://api.telegram.org/bot8084223356:AAH0f9ib-iOJlt4xZWPH3r8GecTdVvjYcrE/getUpdates "HTTP/1.1 200 OK"
2025-04-27 23:57:58,564 - httpx - INFO - HTTP Request: POST https://api.telegram.org/bot8084223356:AAH0f9ib-iOJlt4xZWPH3r8GecTdVvjYcrE/getUpdates "HTTP/1.1 200 OK"
2025-04-27 23:58:08,614 - httpx - INFO - HTTP Request: POST https://api.telegram.org/bot8084223356:AAH0f9ib-iOJlt4xZWPH3r8GecTdVvjYcrE/getUpdates "HTTP/1.1 200 OK"
2025-04-27 23:58:18,668 - httpx - INFO - HTTP Request: POST https://api.telegram.org/bot8084223356:AAH0f9ib-iOJlt4xZWPH3r8GecTdVvjYcrE/getUpdates "HTTP/1.1 200 OK"
2025-04-27 23:58:28,720 - httpx - INFO - HTTP Request: POST https://api.telegram.org/bot8084223356:AAH0f9ib-iOJlt4xZWPH3r8GecTdVvjYcrE/getUpdates "HTTP/1.1 200 OK"
2025-04-27 23:58:38,774 - httpx - INFO - HTTP Request: POST https://api.telegram.org/bot8084223356:AAH0f9ib-iOJlt4xZWPH3r8GecTdVvjYcrE/getUpdates "HTTP/1.1 200 OK"
2025-04-28 00:00:24,041 - apscheduler.scheduler - INFO - Adding job tentatively -- it will be properly scheduled when the scheduler starts
2025-04-28 00:00:24,219 - httpx - INFO - HTTP Request: POST https://api.telegram.org/bot8084223356:AAH0f9ib-iOJlt4xZWPH3r8GecTdVvjYcrE/getMe "HTTP/1.1 200 OK"
2025-04-28 00:00:24,275 - httpx - INFO - HTTP Request: POST https://api.telegram.org/bot8084223356:AAH0f9ib-iOJlt4xZWPH3r8GecTdVvjYcrE/deleteWebhook "HTTP/1.1 200 OK"
2025-04-28 00:00:24,278 - apscheduler.scheduler - INFO - Added job "enviar_horoscopos_diarios" to job store "default"
2025-04-28 00:00:24,278 - apscheduler.scheduler - INFO - Scheduler started
2025-04-28 00:00:24,279 - telegram.ext.Application - INFO - Application started
2025-04-28 00:00:34,417 - httpx - INFO - HTTP Request: POST https://api.telegram.org/bot8084223356:AAH0f9ib-iOJlt4xZWPH3r8GecTdVvjYcrE/getUpdates "HTTP/1.1 200 OK"
2025-04-28 00:00:38,614 - httpx - INFO - HTTP Request: POST https://api.telegram.org/bot8084223356:AAH0f9ib-iOJlt4xZWPH3r8GecTdVvjYcrE/getUpdates "HTTP/1.1 200 OK"
2025-04-28 00:00:38,744 - httpx - INFO - HTTP Request: POST https://api.telegram.org/bot8084223356:AAH0f9ib-iOJlt4xZWPH3r8GecTdVvjYcrE/sendMessage "HTTP/1.1 400 Bad Request"
2025-04-28 00:00:38,745 - telegram.ext.Application - ERROR - No error handlers are registered, logging exception.
Traceback (most recent call last):
  File "C:\Users\PC\AppData\Local\Programs\Python\Python313\Lib\site-packages\telegram\ext\_application.py", line 1298, in process_update
    await coroutine
  File "C:\Users\PC\AppData\Local\Programs\Python\Python313\Lib\site-packages\telegram\ext\_handlers\basehandler.py", line 158, in handle_update
    return await self.callback(update, context)
           ^^^^^^^^^^^^^^^^^^^^^^^^^^^^^^^^^^^^
  File "C:\mi-bot-horoscopo\bot.py", line 152, in start
    await update.message.reply_text(
    ...<4 lines>...
    )
  File "C:\Users\PC\AppData\Local\Programs\Python\Python313\Lib\site-packages\telegram\_message.py", line 1775, in reply_text
    return await self.get_bot().send_message(
           ^^^^^^^^^^^^^^^^^^^^^^^^^^^^^^^^^^
    ...<20 lines>...
    )
    ^
  File "C:\Users\PC\AppData\Local\Programs\Python\Python313\Lib\site-packages\telegram\ext\_extbot.py", line 2977, in send_message
    return await super().send_message(
           ^^^^^^^^^^^^^^^^^^^^^^^^^^^
    ...<21 lines>...
    )
    ^
  File "C:\Users\PC\AppData\Local\Programs\Python\Python313\Lib\site-packages\telegram\_bot.py", line 1091, in send_message
    return await self._send_message(
           ^^^^^^^^^^^^^^^^^^^^^^^^^
    ...<19 lines>...
    )
    ^
  File "C:\Users\PC\AppData\Local\Programs\Python\Python313\Lib\site-packages\telegram\ext\_extbot.py", line 618, in _send_message
    result = await super()._send_message(
             ^^^^^^^^^^^^^^^^^^^^^^^^^^^^
    ...<21 lines>...
    )
    ^
  File "C:\Users\PC\AppData\Local\Programs\Python\Python313\Lib\site-packages\telegram\_bot.py", line 803, in _send_message
    result = await self._post(
             ^^^^^^^^^^^^^^^^^
    ...<7 lines>...
    )
    ^
  File "C:\Users\PC\AppData\Local\Programs\Python\Python313\Lib\site-packages\telegram\_bot.py", line 691, in _post
    return await self._do_post(
           ^^^^^^^^^^^^^^^^^^^^
    ...<6 lines>...
    )
    ^
  File "C:\Users\PC\AppData\Local\Programs\Python\Python313\Lib\site-packages\telegram\ext\_extbot.py", line 362, in _do_post
    return await super()._do_post(
           ^^^^^^^^^^^^^^^^^^^^^^^
    ...<6 lines>...
    )
    ^
  File "C:\Users\PC\AppData\Local\Programs\Python\Python313\Lib\site-packages\telegram\_bot.py", line 720, in _do_post
    result = await request.post(
             ^^^^^^^^^^^^^^^^^^^
    ...<6 lines>...
    )
    ^
  File "C:\Users\PC\AppData\Local\Programs\Python\Python313\Lib\site-packages\telegram\request\_baserequest.py", line 197, in post
    result = await self._request_wrapper(
             ^^^^^^^^^^^^^^^^^^^^^^^^^^^^
    ...<7 lines>...
    )
    ^
  File "C:\Users\PC\AppData\Local\Programs\Python\Python313\Lib\site-packages\telegram\request\_baserequest.py", line 353, in _request_wrapper
    raise BadRequest(message)
telegram.error.BadRequest: Can't parse entities: character '.' is reserved and must be escaped with the preceding '\'
2025-04-28 00:00:48,659 - httpx - INFO - HTTP Request: POST https://api.telegram.org/bot8084223356:AAH0f9ib-iOJlt4xZWPH3r8GecTdVvjYcrE/getUpdates "HTTP/1.1 200 OK"
2025-04-28 00:00:58,706 - httpx - INFO - HTTP Request: POST https://api.telegram.org/bot8084223356:AAH0f9ib-iOJlt4xZWPH3r8GecTdVvjYcrE/getUpdates "HTTP/1.1 200 OK"
2025-04-28 00:01:50,416 - httpx - INFO - HTTP Request: POST https://api.telegram.org/bot8084223356:AAH0f9ib-iOJlt4xZWPH3r8GecTdVvjYcrE/getUpdates "HTTP/1.1 200 OK"
2025-04-28 00:02:00,629 - httpx - INFO - HTTP Request: POST https://api.telegram.org/bot8084223356:AAH0f9ib-iOJlt4xZWPH3r8GecTdVvjYcrE/getUpdates "HTTP/1.1 200 OK"
2025-04-28 00:02:10,686 - httpx - INFO - HTTP Request: POST https://api.telegram.org/bot8084223356:AAH0f9ib-iOJlt4xZWPH3r8GecTdVvjYcrE/getUpdates "HTTP/1.1 200 OK"
2025-04-28 00:02:20,732 - httpx - INFO - HTTP Request: POST https://api.telegram.org/bot8084223356:AAH0f9ib-iOJlt4xZWPH3r8GecTdVvjYcrE/getUpdates "HTTP/1.1 200 OK"
2025-04-28 00:02:30,784 - httpx - INFO - HTTP Request: POST https://api.telegram.org/bot8084223356:AAH0f9ib-iOJlt4xZWPH3r8GecTdVvjYcrE/getUpdates "HTTP/1.1 200 OK"
2025-04-28 00:02:40,835 - httpx - INFO - HTTP Request: POST https://api.telegram.org/bot8084223356:AAH0f9ib-iOJlt4xZWPH3r8GecTdVvjYcrE/getUpdates "HTTP/1.1 200 OK"
2025-04-28 00:02:50,880 - httpx - INFO - HTTP Request: POST https://api.telegram.org/bot8084223356:AAH0f9ib-iOJlt4xZWPH3r8GecTdVvjYcrE/getUpdates "HTTP/1.1 200 OK"
2025-04-28 00:03:00,929 - httpx - INFO - HTTP Request: POST https://api.telegram.org/bot8084223356:AAH0f9ib-iOJlt4xZWPH3r8GecTdVvjYcrE/getUpdates "HTTP/1.1 200 OK"
2025-04-28 00:03:10,977 - httpx - INFO - HTTP Request: POST https://api.telegram.org/bot8084223356:AAH0f9ib-iOJlt4xZWPH3r8GecTdVvjYcrE/getUpdates "HTTP/1.1 200 OK"
2025-04-28 00:03:21,025 - httpx - INFO - HTTP Request: POST https://api.telegram.org/bot8084223356:AAH0f9ib-iOJlt4xZWPH3r8GecTdVvjYcrE/getUpdates "HTTP/1.1 200 OK"
2025-04-28 00:03:31,073 - httpx - INFO - HTTP Request: POST https://api.telegram.org/bot8084223356:AAH0f9ib-iOJlt4xZWPH3r8GecTdVvjYcrE/getUpdates "HTTP/1.1 200 OK"
2025-04-28 00:03:41,121 - httpx - INFO - HTTP Request: POST https://api.telegram.org/bot8084223356:AAH0f9ib-iOJlt4xZWPH3r8GecTdVvjYcrE/getUpdates "HTTP/1.1 200 OK"
2025-04-28 00:03:51,170 - httpx - INFO - HTTP Request: POST https://api.telegram.org/bot8084223356:AAH0f9ib-iOJlt4xZWPH3r8GecTdVvjYcrE/getUpdates "HTTP/1.1 200 OK"
2025-04-28 00:04:01,223 - httpx - INFO - HTTP Request: POST https://api.telegram.org/bot8084223356:AAH0f9ib-iOJlt4xZWPH3r8GecTdVvjYcrE/getUpdates "HTTP/1.1 200 OK"
2025-04-28 00:04:11,277 - httpx - INFO - HTTP Request: POST https://api.telegram.org/bot8084223356:AAH0f9ib-iOJlt4xZWPH3r8GecTdVvjYcrE/getUpdates "HTTP/1.1 200 OK"
2025-04-28 00:04:21,324 - httpx - INFO - HTTP Request: POST https://api.telegram.org/bot8084223356:AAH0f9ib-iOJlt4xZWPH3r8GecTdVvjYcrE/getUpdates "HTTP/1.1 200 OK"
2025-04-28 00:04:31,380 - httpx - INFO - HTTP Request: POST https://api.telegram.org/bot8084223356:AAH0f9ib-iOJlt4xZWPH3r8GecTdVvjYcrE/getUpdates "HTTP/1.1 200 OK"
2025-04-28 00:04:41,429 - httpx - INFO - HTTP Request: POST https://api.telegram.org/bot8084223356:AAH0f9ib-iOJlt4xZWPH3r8GecTdVvjYcrE/getUpdates "HTTP/1.1 200 OK"
2025-04-28 00:04:51,484 - httpx - INFO - HTTP Request: POST https://api.telegram.org/bot8084223356:AAH0f9ib-iOJlt4xZWPH3r8GecTdVvjYcrE/getUpdates "HTTP/1.1 200 OK"
2025-04-28 00:05:01,552 - httpx - INFO - HTTP Request: POST https://api.telegram.org/bot8084223356:AAH0f9ib-iOJlt4xZWPH3r8GecTdVvjYcrE/getUpdates "HTTP/1.1 200 OK"
2025-04-28 00:05:11,679 - httpx - INFO - HTTP Request: POST https://api.telegram.org/bot8084223356:AAH0f9ib-iOJlt4xZWPH3r8GecTdVvjYcrE/getUpdates "HTTP/1.1 200 OK"
2025-04-28 00:05:21,728 - httpx - INFO - HTTP Request: POST https://api.telegram.org/bot8084223356:AAH0f9ib-iOJlt4xZWPH3r8GecTdVvjYcrE/getUpdates "HTTP/1.1 200 OK"
2025-04-28 00:05:31,776 - httpx - INFO - HTTP Request: POST https://api.telegram.org/bot8084223356:AAH0f9ib-iOJlt4xZWPH3r8GecTdVvjYcrE/getUpdates "HTTP/1.1 200 OK"
2025-04-28 00:05:41,825 - httpx - INFO - HTTP Request: POST https://api.telegram.org/bot8084223356:AAH0f9ib-iOJlt4xZWPH3r8GecTdVvjYcrE/getUpdates "HTTP/1.1 200 OK"
2025-04-28 00:05:51,879 - httpx - INFO - HTTP Request: POST https://api.telegram.org/bot8084223356:AAH0f9ib-iOJlt4xZWPH3r8GecTdVvjYcrE/getUpdates "HTTP/1.1 200 OK"
2025-04-28 00:06:01,928 - httpx - INFO - HTTP Request: POST https://api.telegram.org/bot8084223356:AAH0f9ib-iOJlt4xZWPH3r8GecTdVvjYcrE/getUpdates "HTTP/1.1 200 OK"
2025-04-28 00:06:11,981 - httpx - INFO - HTTP Request: POST https://api.telegram.org/bot8084223356:AAH0f9ib-iOJlt4xZWPH3r8GecTdVvjYcrE/getUpdates "HTTP/1.1 200 OK"
2025-04-28 00:06:22,025 - httpx - INFO - HTTP Request: POST https://api.telegram.org/bot8084223356:AAH0f9ib-iOJlt4xZWPH3r8GecTdVvjYcrE/getUpdates "HTTP/1.1 200 OK"
2025-04-28 00:06:32,071 - httpx - INFO - HTTP Request: POST https://api.telegram.org/bot8084223356:AAH0f9ib-iOJlt4xZWPH3r8GecTdVvjYcrE/getUpdates "HTTP/1.1 200 OK"
2025-04-28 00:06:42,120 - httpx - INFO - HTTP Request: POST https://api.telegram.org/bot8084223356:AAH0f9ib-iOJlt4xZWPH3r8GecTdVvjYcrE/getUpdates "HTTP/1.1 200 OK"
2025-04-28 00:06:52,184 - httpx - INFO - HTTP Request: POST https://api.telegram.org/bot8084223356:AAH0f9ib-iOJlt4xZWPH3r8GecTdVvjYcrE/getUpdates "HTTP/1.1 200 OK"
2025-04-28 00:07:12,935 - apscheduler.scheduler - INFO - Adding job tentatively -- it will be properly scheduled when the scheduler starts
2025-04-28 00:07:13,090 - httpx - INFO - HTTP Request: POST https://api.telegram.org/bot8084223356:AAH0f9ib-iOJlt4xZWPH3r8GecTdVvjYcrE/getMe "HTTP/1.1 200 OK"
2025-04-28 00:07:13,127 - httpx - INFO - HTTP Request: POST https://api.telegram.org/bot8084223356:AAH0f9ib-iOJlt4xZWPH3r8GecTdVvjYcrE/deleteWebhook "HTTP/1.1 200 OK"
2025-04-28 00:07:13,131 - apscheduler.scheduler - INFO - Added job "enviar_horoscopos_diarios" to job store "default"
2025-04-28 00:07:13,131 - apscheduler.scheduler - INFO - Scheduler started
2025-04-28 00:07:13,132 - telegram.ext.Application - INFO - Application started
2025-04-28 00:07:20,570 - httpx - INFO - HTTP Request: POST https://api.telegram.org/bot8084223356:AAH0f9ib-iOJlt4xZWPH3r8GecTdVvjYcrE/getUpdates "HTTP/1.1 200 OK"
2025-04-28 00:07:20,728 - httpx - INFO - HTTP Request: POST https://api.telegram.org/bot8084223356:AAH0f9ib-iOJlt4xZWPH3r8GecTdVvjYcrE/sendMessage "HTTP/1.1 200 OK"
2025-04-28 00:07:28,385 - httpx - INFO - HTTP Request: POST https://api.telegram.org/bot8084223356:AAH0f9ib-iOJlt4xZWPH3r8GecTdVvjYcrE/getUpdates "HTTP/1.1 200 OK"
2025-04-28 00:07:28,523 - httpx - INFO - HTTP Request: POST https://api.telegram.org/bot8084223356:AAH0f9ib-iOJlt4xZWPH3r8GecTdVvjYcrE/answerCallbackQuery "HTTP/1.1 200 OK"
2025-04-28 00:07:28,595 - httpx - INFO - HTTP Request: POST https://api.telegram.org/bot8084223356:AAH0f9ib-iOJlt4xZWPH3r8GecTdVvjYcrE/editMessageText "HTTP/1.1 200 OK"
2025-04-28 00:07:30,059 - httpx - INFO - HTTP Request: POST https://api.telegram.org/bot8084223356:AAH0f9ib-iOJlt4xZWPH3r8GecTdVvjYcrE/editMessageText "HTTP/1.1 200 OK"
2025-04-28 00:07:38,420 - httpx - INFO - HTTP Request: POST https://api.telegram.org/bot8084223356:AAH0f9ib-iOJlt4xZWPH3r8GecTdVvjYcrE/getUpdates "HTTP/1.1 200 OK"
2025-04-28 00:07:48,458 - httpx - INFO - HTTP Request: POST https://api.telegram.org/bot8084223356:AAH0f9ib-iOJlt4xZWPH3r8GecTdVvjYcrE/getUpdates "HTTP/1.1 200 OK"
2025-04-28 00:07:58,496 - httpx - INFO - HTTP Request: POST https://api.telegram.org/bot8084223356:AAH0f9ib-iOJlt4xZWPH3r8GecTdVvjYcrE/getUpdates "HTTP/1.1 200 OK"
2025-04-28 00:08:08,533 - httpx - INFO - HTTP Request: POST https://api.telegram.org/bot8084223356:AAH0f9ib-iOJlt4xZWPH3r8GecTdVvjYcrE/getUpdates "HTTP/1.1 200 OK"
2025-04-28 00:08:15,623 - httpx - INFO - HTTP Request: POST https://api.telegram.org/bot8084223356:AAH0f9ib-iOJlt4xZWPH3r8GecTdVvjYcrE/getUpdates "HTTP/1.1 200 OK"
2025-04-28 00:08:15,749 - httpx - INFO - HTTP Request: POST https://api.telegram.org/bot8084223356:AAH0f9ib-iOJlt4xZWPH3r8GecTdVvjYcrE/answerCallbackQuery "HTTP/1.1 200 OK"
2025-04-28 00:08:15,937 - httpx - INFO - HTTP Request: POST https://api.telegram.org/bot8084223356:AAH0f9ib-iOJlt4xZWPH3r8GecTdVvjYcrE/editMessageText "HTTP/1.1 200 OK"
2025-04-28 00:08:18,790 - httpx - INFO - HTTP Request: POST https://api.telegram.org/bot8084223356:AAH0f9ib-iOJlt4xZWPH3r8GecTdVvjYcrE/getUpdates "HTTP/1.1 200 OK"
2025-04-28 00:08:18,839 - httpx - INFO - HTTP Request: POST https://api.telegram.org/bot8084223356:AAH0f9ib-iOJlt4xZWPH3r8GecTdVvjYcrE/answerCallbackQuery "HTTP/1.1 200 OK"
2025-04-28 00:08:18,888 - httpx - INFO - HTTP Request: POST https://api.telegram.org/bot8084223356:AAH0f9ib-iOJlt4xZWPH3r8GecTdVvjYcrE/editMessageText "HTTP/1.1 400 Bad Request"
2025-04-28 00:08:18,889 - __main__ - ERROR - Error: Message is not modified: specified new message content and reply markup are exactly the same as a current content and reply markup of the message
Traceback (most recent call last):
  File "C:\Users\PC\AppData\Local\Programs\Python\Python313\Lib\site-packages\telegram\ext\_application.py", line 1298, in process_update
    await coroutine
  File "C:\Users\PC\AppData\Local\Programs\Python\Python313\Lib\site-packages\telegram\ext\_handlers\basehandler.py", line 158, in handle_update
    return await self.callback(update, context)
           ^^^^^^^^^^^^^^^^^^^^^^^^^^^^^^^^^^^^
  File "C:\mi-bot-horoscopo\bot.py", line 181, in handle_button
    await query.edit_message_text(
    ...<3 lines>...
    )
  File "C:\Users\PC\AppData\Local\Programs\Python\Python313\Lib\site-packages\telegram\_callbackquery.py", line 265, in edit_message_text
    return await self._get_message().edit_text(
           ^^^^^^^^^^^^^^^^^^^^^^^^^^^^^^^^^^^^
    ...<11 lines>...
    )
    ^
  File "C:\Users\PC\AppData\Local\Programs\Python\Python313\Lib\site-packages\telegram\_message.py", line 3755, in edit_text
    return await self.get_bot().edit_message_text(
           ^^^^^^^^^^^^^^^^^^^^^^^^^^^^^^^^^^^^^^^
    ...<15 lines>...
    )
    ^
  File "C:\Users\PC\AppData\Local\Programs\Python\Python313\Lib\site-packages\telegram\ext\_extbot.py", line 1711, in edit_message_text
    return await super().edit_message_text(
           ^^^^^^^^^^^^^^^^^^^^^^^^^^^^^^^^
    ...<15 lines>...
    )
    ^
  File "C:\Users\PC\AppData\Local\Programs\Python\Python313\Lib\site-packages\telegram\_bot.py", line 4285, in edit_message_text
    return await self._send_message(
           ^^^^^^^^^^^^^^^^^^^^^^^^^
    ...<11 lines>...
    )
    ^
  File "C:\Users\PC\AppData\Local\Programs\Python\Python313\Lib\site-packages\telegram\ext\_extbot.py", line 618, in _send_message
    result = await super()._send_message(
             ^^^^^^^^^^^^^^^^^^^^^^^^^^^^
    ...<21 lines>...
    )
    ^
  File "C:\Users\PC\AppData\Local\Programs\Python\Python313\Lib\site-packages\telegram\_bot.py", line 803, in _send_message
    result = await self._post(
             ^^^^^^^^^^^^^^^^^
    ...<7 lines>...
    )
    ^
  File "C:\Users\PC\AppData\Local\Programs\Python\Python313\Lib\site-packages\telegram\_bot.py", line 691, in _post
    return await self._do_post(
           ^^^^^^^^^^^^^^^^^^^^
    ...<6 lines>...
    )
    ^
  File "C:\Users\PC\AppData\Local\Programs\Python\Python313\Lib\site-packages\telegram\ext\_extbot.py", line 362, in _do_post
    return await super()._do_post(
           ^^^^^^^^^^^^^^^^^^^^^^^
    ...<6 lines>...
    )
    ^
  File "C:\Users\PC\AppData\Local\Programs\Python\Python313\Lib\site-packages\telegram\_bot.py", line 720, in _do_post
    result = await request.post(
             ^^^^^^^^^^^^^^^^^^^
    ...<6 lines>...
    )
    ^
  File "C:\Users\PC\AppData\Local\Programs\Python\Python313\Lib\site-packages\telegram\request\_baserequest.py", line 197, in post
    result = await self._request_wrapper(
             ^^^^^^^^^^^^^^^^^^^^^^^^^^^^
    ...<7 lines>...
    )
    ^
  File "C:\Users\PC\AppData\Local\Programs\Python\Python313\Lib\site-packages\telegram\request\_baserequest.py", line 353, in _request_wrapper
    raise BadRequest(message)
telegram.error.BadRequest: Message is not modified: specified new message content and reply markup are exactly the same as a current content and reply markup of the message
2025-04-28 00:08:18,965 - httpx - INFO - HTTP Request: POST https://api.telegram.org/bot8084223356:AAH0f9ib-iOJlt4xZWPH3r8GecTdVvjYcrE/sendMessage "HTTP/1.1 200 OK"
2025-04-28 00:08:28,225 - httpx - INFO - HTTP Request: POST https://api.telegram.org/bot8084223356:AAH0f9ib-iOJlt4xZWPH3r8GecTdVvjYcrE/getUpdates "HTTP/1.1 200 OK"
2025-04-28 00:08:28,715 - httpx - INFO - HTTP Request: POST https://api.telegram.org/bot8084223356:AAH0f9ib-iOJlt4xZWPH3r8GecTdVvjYcrE/answerCallbackQuery "HTTP/1.1 200 OK"
2025-04-28 00:08:28,874 - httpx - INFO - HTTP Request: POST https://api.telegram.org/bot8084223356:AAH0f9ib-iOJlt4xZWPH3r8GecTdVvjYcrE/editMessageText "HTTP/1.1 200 OK"
2025-04-28 00:08:30,244 - httpx - INFO - HTTP Request: POST https://api.telegram.org/bot8084223356:AAH0f9ib-iOJlt4xZWPH3r8GecTdVvjYcrE/editMessageText "HTTP/1.1 200 OK"
2025-04-28 00:08:38,262 - httpx - INFO - HTTP Request: POST https://api.telegram.org/bot8084223356:AAH0f9ib-iOJlt4xZWPH3r8GecTdVvjYcrE/getUpdates "HTTP/1.1 200 OK"
2025-04-28 00:08:48,344 - httpx - INFO - HTTP Request: POST https://api.telegram.org/bot8084223356:AAH0f9ib-iOJlt4xZWPH3r8GecTdVvjYcrE/getUpdates "HTTP/1.1 200 OK"
2025-04-28 00:08:58,382 - httpx - INFO - HTTP Request: POST https://api.telegram.org/bot8084223356:AAH0f9ib-iOJlt4xZWPH3r8GecTdVvjYcrE/getUpdates "HTTP/1.1 200 OK"
2025-04-28 00:09:08,420 - httpx - INFO - HTTP Request: POST https://api.telegram.org/bot8084223356:AAH0f9ib-iOJlt4xZWPH3r8GecTdVvjYcrE/getUpdates "HTTP/1.1 200 OK"
2025-04-28 00:09:18,458 - httpx - INFO - HTTP Request: POST https://api.telegram.org/bot8084223356:AAH0f9ib-iOJlt4xZWPH3r8GecTdVvjYcrE/getUpdates "HTTP/1.1 200 OK"
2025-04-28 00:09:28,499 - httpx - INFO - HTTP Request: POST https://api.telegram.org/bot8084223356:AAH0f9ib-iOJlt4xZWPH3r8GecTdVvjYcrE/getUpdates "HTTP/1.1 200 OK"
2025-04-28 00:09:38,538 - httpx - INFO - HTTP Request: POST https://api.telegram.org/bot8084223356:AAH0f9ib-iOJlt4xZWPH3r8GecTdVvjYcrE/getUpdates "HTTP/1.1 200 OK"
2025-04-28 00:09:48,582 - httpx - INFO - HTTP Request: POST https://api.telegram.org/bot8084223356:AAH0f9ib-iOJlt4xZWPH3r8GecTdVvjYcrE/getUpdates "HTTP/1.1 200 OK"
2025-04-28 00:09:58,625 - httpx - INFO - HTTP Request: POST https://api.telegram.org/bot8084223356:AAH0f9ib-iOJlt4xZWPH3r8GecTdVvjYcrE/getUpdates "HTTP/1.1 200 OK"
2025-04-28 00:10:08,660 - httpx - INFO - HTTP Request: POST https://api.telegram.org/bot8084223356:AAH0f9ib-iOJlt4xZWPH3r8GecTdVvjYcrE/getUpdates "HTTP/1.1 200 OK"
2025-04-28 00:10:18,696 - httpx - INFO - HTTP Request: POST https://api.telegram.org/bot8084223356:AAH0f9ib-iOJlt4xZWPH3r8GecTdVvjYcrE/getUpdates "HTTP/1.1 200 OK"
2025-04-28 00:10:28,732 - httpx - INFO - HTTP Request: POST https://api.telegram.org/bot8084223356:AAH0f9ib-iOJlt4xZWPH3r8GecTdVvjYcrE/getUpdates "HTTP/1.1 200 OK"
2025-04-28 00:10:38,768 - httpx - INFO - HTTP Request: POST https://api.telegram.org/bot8084223356:AAH0f9ib-iOJlt4xZWPH3r8GecTdVvjYcrE/getUpdates "HTTP/1.1 200 OK"
2025-04-28 00:10:48,804 - httpx - INFO - HTTP Request: POST https://api.telegram.org/bot8084223356:AAH0f9ib-iOJlt4xZWPH3r8GecTdVvjYcrE/getUpdates "HTTP/1.1 200 OK"
2025-04-28 00:10:58,841 - httpx - INFO - HTTP Request: POST https://api.telegram.org/bot8084223356:AAH0f9ib-iOJlt4xZWPH3r8GecTdVvjYcrE/getUpdates "HTTP/1.1 200 OK"
2025-04-28 00:11:08,879 - httpx - INFO - HTTP Request: POST https://api.telegram.org/bot8084223356:AAH0f9ib-iOJlt4xZWPH3r8GecTdVvjYcrE/getUpdates "HTTP/1.1 200 OK"
2025-04-28 00:11:18,918 - httpx - INFO - HTTP Request: POST https://api.telegram.org/bot8084223356:AAH0f9ib-iOJlt4xZWPH3r8GecTdVvjYcrE/getUpdates "HTTP/1.1 200 OK"
2025-04-28 00:11:28,953 - httpx - INFO - HTTP Request: POST https://api.telegram.org/bot8084223356:AAH0f9ib-iOJlt4xZWPH3r8GecTdVvjYcrE/getUpdates "HTTP/1.1 200 OK"
2025-04-28 00:11:39,002 - httpx - INFO - HTTP Request: POST https://api.telegram.org/bot8084223356:AAH0f9ib-iOJlt4xZWPH3r8GecTdVvjYcrE/getUpdates "HTTP/1.1 200 OK"
2025-04-28 00:11:49,040 - httpx - INFO - HTTP Request: POST https://api.telegram.org/bot8084223356:AAH0f9ib-iOJlt4xZWPH3r8GecTdVvjYcrE/getUpdates "HTTP/1.1 200 OK"
2025-04-28 00:11:59,078 - httpx - INFO - HTTP Request: POST https://api.telegram.org/bot8084223356:AAH0f9ib-iOJlt4xZWPH3r8GecTdVvjYcrE/getUpdates "HTTP/1.1 200 OK"
2025-04-28 00:12:09,116 - httpx - INFO - HTTP Request: POST https://api.telegram.org/bot8084223356:AAH0f9ib-iOJlt4xZWPH3r8GecTdVvjYcrE/getUpdates "HTTP/1.1 200 OK"
2025-04-28 00:12:19,155 - httpx - INFO - HTTP Request: POST https://api.telegram.org/bot8084223356:AAH0f9ib-iOJlt4xZWPH3r8GecTdVvjYcrE/getUpdates "HTTP/1.1 200 OK"
2025-04-28 00:12:29,192 - httpx - INFO - HTTP Request: POST https://api.telegram.org/bot8084223356:AAH0f9ib-iOJlt4xZWPH3r8GecTdVvjYcrE/getUpdates "HTTP/1.1 200 OK"
2025-04-28 00:12:39,227 - httpx - INFO - HTTP Request: POST https://api.telegram.org/bot8084223356:AAH0f9ib-iOJlt4xZWPH3r8GecTdVvjYcrE/getUpdates "HTTP/1.1 200 OK"
2025-04-28 00:12:49,261 - httpx - INFO - HTTP Request: POST https://api.telegram.org/bot8084223356:AAH0f9ib-iOJlt4xZWPH3r8GecTdVvjYcrE/getUpdates "HTTP/1.1 200 OK"
2025-04-28 00:12:59,297 - httpx - INFO - HTTP Request: POST https://api.telegram.org/bot8084223356:AAH0f9ib-iOJlt4xZWPH3r8GecTdVvjYcrE/getUpdates "HTTP/1.1 200 OK"
2025-04-28 00:13:09,333 - httpx - INFO - HTTP Request: POST https://api.telegram.org/bot8084223356:AAH0f9ib-iOJlt4xZWPH3r8GecTdVvjYcrE/getUpdates "HTTP/1.1 200 OK"
2025-04-28 00:13:19,368 - httpx - INFO - HTTP Request: POST https://api.telegram.org/bot8084223356:AAH0f9ib-iOJlt4xZWPH3r8GecTdVvjYcrE/getUpdates "HTTP/1.1 200 OK"
2025-04-28 00:13:29,404 - httpx - INFO - HTTP Request: POST https://api.telegram.org/bot8084223356:AAH0f9ib-iOJlt4xZWPH3r8GecTdVvjYcrE/getUpdates "HTTP/1.1 200 OK"
2025-04-28 00:13:39,443 - httpx - INFO - HTTP Request: POST https://api.telegram.org/bot8084223356:AAH0f9ib-iOJlt4xZWPH3r8GecTdVvjYcrE/getUpdates "HTTP/1.1 200 OK"
2025-04-28 00:13:49,479 - httpx - INFO - HTTP Request: POST https://api.telegram.org/bot8084223356:AAH0f9ib-iOJlt4xZWPH3r8GecTdVvjYcrE/getUpdates "HTTP/1.1 200 OK"
2025-04-28 00:13:59,515 - httpx - INFO - HTTP Request: POST https://api.telegram.org/bot8084223356:AAH0f9ib-iOJlt4xZWPH3r8GecTdVvjYcrE/getUpdates "HTTP/1.1 200 OK"
2025-04-28 00:14:09,557 - httpx - INFO - HTTP Request: POST https://api.telegram.org/bot8084223356:AAH0f9ib-iOJlt4xZWPH3r8GecTdVvjYcrE/getUpdates "HTTP/1.1 200 OK"
2025-04-28 00:14:19,600 - httpx - INFO - HTTP Request: POST https://api.telegram.org/bot8084223356:AAH0f9ib-iOJlt4xZWPH3r8GecTdVvjYcrE/getUpdates "HTTP/1.1 200 OK"
2025-04-28 00:14:29,639 - httpx - INFO - HTTP Request: POST https://api.telegram.org/bot8084223356:AAH0f9ib-iOJlt4xZWPH3r8GecTdVvjYcrE/getUpdates "HTTP/1.1 200 OK"
2025-04-28 00:14:39,685 - httpx - INFO - HTTP Request: POST https://api.telegram.org/bot8084223356:AAH0f9ib-iOJlt4xZWPH3r8GecTdVvjYcrE/getUpdates "HTTP/1.1 200 OK"
2025-04-28 00:14:49,723 - httpx - INFO - HTTP Request: POST https://api.telegram.org/bot8084223356:AAH0f9ib-iOJlt4xZWPH3r8GecTdVvjYcrE/getUpdates "HTTP/1.1 200 OK"
2025-04-28 00:14:59,760 - httpx - INFO - HTTP Request: POST https://api.telegram.org/bot8084223356:AAH0f9ib-iOJlt4xZWPH3r8GecTdVvjYcrE/getUpdates "HTTP/1.1 200 OK"
2025-04-28 00:15:09,797 - httpx - INFO - HTTP Request: POST https://api.telegram.org/bot8084223356:AAH0f9ib-iOJlt4xZWPH3r8GecTdVvjYcrE/getUpdates "HTTP/1.1 200 OK"
2025-04-28 00:15:19,833 - httpx - INFO - HTTP Request: POST https://api.telegram.org/bot8084223356:AAH0f9ib-iOJlt4xZWPH3r8GecTdVvjYcrE/getUpdates "HTTP/1.1 200 OK"
2025-04-28 00:15:27,484 - httpx - INFO - HTTP Request: POST https://api.telegram.org/bot8084223356:AAH0f9ib-iOJlt4xZWPH3r8GecTdVvjYcrE/getUpdates "HTTP/1.1 200 OK"
2025-04-28 00:15:27,706 - httpx - INFO - HTTP Request: POST https://api.telegram.org/bot8084223356:AAH0f9ib-iOJlt4xZWPH3r8GecTdVvjYcrE/answerCallbackQuery "HTTP/1.1 200 OK"
2025-04-28 00:15:27,800 - httpx - INFO - HTTP Request: POST https://api.telegram.org/bot8084223356:AAH0f9ib-iOJlt4xZWPH3r8GecTdVvjYcrE/editMessageText "HTTP/1.1 200 OK"
2025-04-28 00:15:30,024 - httpx - INFO - HTTP Request: POST https://api.telegram.org/bot8084223356:AAH0f9ib-iOJlt4xZWPH3r8GecTdVvjYcrE/getUpdates "HTTP/1.1 200 OK"
2025-04-28 00:15:30,088 - httpx - INFO - HTTP Request: POST https://api.telegram.org/bot8084223356:AAH0f9ib-iOJlt4xZWPH3r8GecTdVvjYcrE/answerCallbackQuery "HTTP/1.1 200 OK"
2025-04-28 00:15:30,176 - httpx - INFO - HTTP Request: POST https://api.telegram.org/bot8084223356:AAH0f9ib-iOJlt4xZWPH3r8GecTdVvjYcrE/editMessageText "HTTP/1.1 200 OK"
2025-04-28 00:15:31,464 - httpx - INFO - HTTP Request: POST https://api.telegram.org/bot8084223356:AAH0f9ib-iOJlt4xZWPH3r8GecTdVvjYcrE/editMessageText "HTTP/1.1 200 OK"
2025-04-28 00:16:02,384 - apscheduler.scheduler - INFO - Adding job tentatively -- it will be properly scheduled when the scheduler starts
2025-04-28 00:16:02,570 - httpx - INFO - HTTP Request: POST https://api.telegram.org/bot8084223356:AAH0f9ib-iOJlt4xZWPH3r8GecTdVvjYcrE/getMe "HTTP/1.1 200 OK"
2025-04-28 00:16:02,616 - httpx - INFO - HTTP Request: POST https://api.telegram.org/bot8084223356:AAH0f9ib-iOJlt4xZWPH3r8GecTdVvjYcrE/deleteWebhook "HTTP/1.1 200 OK"
2025-04-28 00:16:02,617 - apscheduler.scheduler - INFO - Added job "enviar_horoscopos_diarios" to job store "default"
2025-04-28 00:16:02,617 - apscheduler.scheduler - INFO - Scheduler started
2025-04-28 00:16:02,618 - telegram.ext.Application - INFO - Application started
2025-04-28 00:16:12,778 - httpx - INFO - HTTP Request: POST https://api.telegram.org/bot8084223356:AAH0f9ib-iOJlt4xZWPH3r8GecTdVvjYcrE/getUpdates "HTTP/1.1 200 OK"
2025-04-28 00:16:18,514 - httpx - INFO - HTTP Request: POST https://api.telegram.org/bot8084223356:AAH0f9ib-iOJlt4xZWPH3r8GecTdVvjYcrE/getUpdates "HTTP/1.1 200 OK"
2025-04-28 00:16:18,659 - httpx - INFO - HTTP Request: POST https://api.telegram.org/bot8084223356:AAH0f9ib-iOJlt4xZWPH3r8GecTdVvjYcrE/sendMessage "HTTP/1.1 200 OK"
2025-04-28 00:16:25,249 - httpx - INFO - HTTP Request: POST https://api.telegram.org/bot8084223356:AAH0f9ib-iOJlt4xZWPH3r8GecTdVvjYcrE/getUpdates "HTTP/1.1 200 OK"
2025-04-28 00:16:25,407 - httpx - INFO - HTTP Request: POST https://api.telegram.org/bot8084223356:AAH0f9ib-iOJlt4xZWPH3r8GecTdVvjYcrE/answerCallbackQuery "HTTP/1.1 200 OK"
2025-04-28 00:16:25,479 - httpx - INFO - HTTP Request: POST https://api.telegram.org/bot8084223356:AAH0f9ib-iOJlt4xZWPH3r8GecTdVvjYcrE/editMessageText "HTTP/1.1 200 OK"
2025-04-28 00:16:26,849 - httpx - INFO - HTTP Request: POST https://api.telegram.org/bot8084223356:AAH0f9ib-iOJlt4xZWPH3r8GecTdVvjYcrE/editMessageText "HTTP/1.1 200 OK"
2025-04-28 00:16:35,304 - httpx - INFO - HTTP Request: POST https://api.telegram.org/bot8084223356:AAH0f9ib-iOJlt4xZWPH3r8GecTdVvjYcrE/getUpdates "HTTP/1.1 200 OK"
2025-04-28 00:16:45,357 - httpx - INFO - HTTP Request: POST https://api.telegram.org/bot8084223356:AAH0f9ib-iOJlt4xZWPH3r8GecTdVvjYcrE/getUpdates "HTTP/1.1 200 OK"
2025-04-28 00:16:55,437 - httpx - INFO - HTTP Request: POST https://api.telegram.org/bot8084223356:AAH0f9ib-iOJlt4xZWPH3r8GecTdVvjYcrE/getUpdates "HTTP/1.1 200 OK"
2025-04-28 00:17:05,490 - httpx - INFO - HTTP Request: POST https://api.telegram.org/bot8084223356:AAH0f9ib-iOJlt4xZWPH3r8GecTdVvjYcrE/getUpdates "HTTP/1.1 200 OK"
2025-04-28 00:17:15,544 - httpx - INFO - HTTP Request: POST https://api.telegram.org/bot8084223356:AAH0f9ib-iOJlt4xZWPH3r8GecTdVvjYcrE/getUpdates "HTTP/1.1 200 OK"
2025-04-28 00:17:25,598 - httpx - INFO - HTTP Request: POST https://api.telegram.org/bot8084223356:AAH0f9ib-iOJlt4xZWPH3r8GecTdVvjYcrE/getUpdates "HTTP/1.1 200 OK"
2025-04-28 00:17:35,654 - httpx - INFO - HTTP Request: POST https://api.telegram.org/bot8084223356:AAH0f9ib-iOJlt4xZWPH3r8GecTdVvjYcrE/getUpdates "HTTP/1.1 200 OK"
2025-04-28 00:17:45,707 - httpx - INFO - HTTP Request: POST https://api.telegram.org/bot8084223356:AAH0f9ib-iOJlt4xZWPH3r8GecTdVvjYcrE/getUpdates "HTTP/1.1 200 OK"
2025-04-28 00:17:55,762 - httpx - INFO - HTTP Request: POST https://api.telegram.org/bot8084223356:AAH0f9ib-iOJlt4xZWPH3r8GecTdVvjYcrE/getUpdates "HTTP/1.1 200 OK"
2025-04-28 00:18:05,816 - httpx - INFO - HTTP Request: POST https://api.telegram.org/bot8084223356:AAH0f9ib-iOJlt4xZWPH3r8GecTdVvjYcrE/getUpdates "HTTP/1.1 200 OK"
2025-04-28 00:18:15,872 - httpx - INFO - HTTP Request: POST https://api.telegram.org/bot8084223356:AAH0f9ib-iOJlt4xZWPH3r8GecTdVvjYcrE/getUpdates "HTTP/1.1 200 OK"
2025-04-28 00:18:25,929 - httpx - INFO - HTTP Request: POST https://api.telegram.org/bot8084223356:AAH0f9ib-iOJlt4xZWPH3r8GecTdVvjYcrE/getUpdates "HTTP/1.1 200 OK"
2025-04-28 00:18:35,983 - httpx - INFO - HTTP Request: POST https://api.telegram.org/bot8084223356:AAH0f9ib-iOJlt4xZWPH3r8GecTdVvjYcrE/getUpdates "HTTP/1.1 200 OK"
2025-04-28 00:18:46,041 - httpx - INFO - HTTP Request: POST https://api.telegram.org/bot8084223356:AAH0f9ib-iOJlt4xZWPH3r8GecTdVvjYcrE/getUpdates "HTTP/1.1 200 OK"
2025-04-28 00:18:50,164 - httpx - INFO - HTTP Request: POST https://api.telegram.org/bot8084223356:AAH0f9ib-iOJlt4xZWPH3r8GecTdVvjYcrE/getUpdates "HTTP/1.1 200 OK"
2025-04-28 00:18:50,326 - httpx - INFO - HTTP Request: POST https://api.telegram.org/bot8084223356:AAH0f9ib-iOJlt4xZWPH3r8GecTdVvjYcrE/answerCallbackQuery "HTTP/1.1 200 OK"
2025-04-28 00:18:50,394 - httpx - INFO - HTTP Request: POST https://api.telegram.org/bot8084223356:AAH0f9ib-iOJlt4xZWPH3r8GecTdVvjYcrE/editMessageText "HTTP/1.1 200 OK"
2025-04-28 00:18:51,715 - httpx - INFO - HTTP Request: POST https://api.telegram.org/bot8084223356:AAH0f9ib-iOJlt4xZWPH3r8GecTdVvjYcrE/getUpdates "HTTP/1.1 200 OK"
2025-04-28 00:18:51,863 - httpx - INFO - HTTP Request: POST https://api.telegram.org/bot8084223356:AAH0f9ib-iOJlt4xZWPH3r8GecTdVvjYcrE/answerCallbackQuery "HTTP/1.1 200 OK"
2025-04-28 00:18:51,994 - httpx - INFO - HTTP Request: POST https://api.telegram.org/bot8084223356:AAH0f9ib-iOJlt4xZWPH3r8GecTdVvjYcrE/editMessageText "HTTP/1.1 200 OK"
2025-04-28 00:18:53,210 - httpx - INFO - HTTP Request: POST https://api.telegram.org/bot8084223356:AAH0f9ib-iOJlt4xZWPH3r8GecTdVvjYcrE/editMessageText "HTTP/1.1 200 OK"
2025-04-28 00:18:54,700 - httpx - INFO - HTTP Request: POST https://api.telegram.org/bot8084223356:AAH0f9ib-iOJlt4xZWPH3r8GecTdVvjYcrE/getUpdates "HTTP/1.1 200 OK"
2025-04-28 00:18:54,745 - httpx - INFO - HTTP Request: POST https://api.telegram.org/bot8084223356:AAH0f9ib-iOJlt4xZWPH3r8GecTdVvjYcrE/answerCallbackQuery "HTTP/1.1 200 OK"
2025-04-28 00:18:54,801 - httpx - INFO - HTTP Request: POST https://api.telegram.org/bot8084223356:AAH0f9ib-iOJlt4xZWPH3r8GecTdVvjYcrE/editMessageText "HTTP/1.1 200 OK"
2025-04-28 00:19:04,755 - httpx - INFO - HTTP Request: POST https://api.telegram.org/bot8084223356:AAH0f9ib-iOJlt4xZWPH3r8GecTdVvjYcrE/getUpdates "HTTP/1.1 200 OK"
2025-04-28 00:19:14,807 - httpx - INFO - HTTP Request: POST https://api.telegram.org/bot8084223356:AAH0f9ib-iOJlt4xZWPH3r8GecTdVvjYcrE/getUpdates "HTTP/1.1 200 OK"
2025-04-28 00:19:24,862 - httpx - INFO - HTTP Request: POST https://api.telegram.org/bot8084223356:AAH0f9ib-iOJlt4xZWPH3r8GecTdVvjYcrE/getUpdates "HTTP/1.1 200 OK"
2025-04-28 00:19:34,919 - httpx - INFO - HTTP Request: POST https://api.telegram.org/bot8084223356:AAH0f9ib-iOJlt4xZWPH3r8GecTdVvjYcrE/getUpdates "HTTP/1.1 200 OK"
2025-04-28 00:19:45,076 - httpx - INFO - HTTP Request: POST https://api.telegram.org/bot8084223356:AAH0f9ib-iOJlt4xZWPH3r8GecTdVvjYcrE/getUpdates "HTTP/1.1 200 OK"
2025-04-28 00:19:55,129 - httpx - INFO - HTTP Request: POST https://api.telegram.org/bot8084223356:AAH0f9ib-iOJlt4xZWPH3r8GecTdVvjYcrE/getUpdates "HTTP/1.1 200 OK"
2025-04-28 00:20:05,182 - httpx - INFO - HTTP Request: POST https://api.telegram.org/bot8084223356:AAH0f9ib-iOJlt4xZWPH3r8GecTdVvjYcrE/getUpdates "HTTP/1.1 200 OK"
2025-04-28 00:20:15,237 - httpx - INFO - HTTP Request: POST https://api.telegram.org/bot8084223356:AAH0f9ib-iOJlt4xZWPH3r8GecTdVvjYcrE/getUpdates "HTTP/1.1 200 OK"
2025-04-28 00:20:25,296 - httpx - INFO - HTTP Request: POST https://api.telegram.org/bot8084223356:AAH0f9ib-iOJlt4xZWPH3r8GecTdVvjYcrE/getUpdates "HTTP/1.1 200 OK"
2025-04-28 00:20:35,348 - httpx - INFO - HTTP Request: POST https://api.telegram.org/bot8084223356:AAH0f9ib-iOJlt4xZWPH3r8GecTdVvjYcrE/getUpdates "HTTP/1.1 200 OK"
2025-04-28 00:20:45,407 - httpx - INFO - HTTP Request: POST https://api.telegram.org/bot8084223356:AAH0f9ib-iOJlt4xZWPH3r8GecTdVvjYcrE/getUpdates "HTTP/1.1 200 OK"
2025-04-28 00:20:55,459 - httpx - INFO - HTTP Request: POST https://api.telegram.org/bot8084223356:AAH0f9ib-iOJlt4xZWPH3r8GecTdVvjYcrE/getUpdates "HTTP/1.1 200 OK"
2025-04-28 00:21:05,511 - httpx - INFO - HTTP Request: POST https://api.telegram.org/bot8084223356:AAH0f9ib-iOJlt4xZWPH3r8GecTdVvjYcrE/getUpdates "HTTP/1.1 200 OK"
2025-04-28 00:21:15,563 - httpx - INFO - HTTP Request: POST https://api.telegram.org/bot8084223356:AAH0f9ib-iOJlt4xZWPH3r8GecTdVvjYcrE/getUpdates "HTTP/1.1 200 OK"
2025-04-28 00:21:25,616 - httpx - INFO - HTTP Request: POST https://api.telegram.org/bot8084223356:AAH0f9ib-iOJlt4xZWPH3r8GecTdVvjYcrE/getUpdates "HTTP/1.1 200 OK"
2025-04-28 00:21:35,671 - httpx - INFO - HTTP Request: POST https://api.telegram.org/bot8084223356:AAH0f9ib-iOJlt4xZWPH3r8GecTdVvjYcrE/getUpdates "HTTP/1.1 200 OK"
2025-04-28 00:21:45,723 - httpx - INFO - HTTP Request: POST https://api.telegram.org/bot8084223356:AAH0f9ib-iOJlt4xZWPH3r8GecTdVvjYcrE/getUpdates "HTTP/1.1 200 OK"
2025-04-28 00:21:55,779 - httpx - INFO - HTTP Request: POST https://api.telegram.org/bot8084223356:AAH0f9ib-iOJlt4xZWPH3r8GecTdVvjYcrE/getUpdates "HTTP/1.1 200 OK"
2025-04-28 00:22:05,835 - httpx - INFO - HTTP Request: POST https://api.telegram.org/bot8084223356:AAH0f9ib-iOJlt4xZWPH3r8GecTdVvjYcrE/getUpdates "HTTP/1.1 200 OK"
2025-04-28 00:22:15,890 - httpx - INFO - HTTP Request: POST https://api.telegram.org/bot8084223356:AAH0f9ib-iOJlt4xZWPH3r8GecTdVvjYcrE/getUpdates "HTTP/1.1 200 OK"
2025-04-28 00:22:25,945 - httpx - INFO - HTTP Request: POST https://api.telegram.org/bot8084223356:AAH0f9ib-iOJlt4xZWPH3r8GecTdVvjYcrE/getUpdates "HTTP/1.1 200 OK"
2025-04-28 00:22:35,999 - httpx - INFO - HTTP Request: POST https://api.telegram.org/bot8084223356:AAH0f9ib-iOJlt4xZWPH3r8GecTdVvjYcrE/getUpdates "HTTP/1.1 200 OK"
2025-04-28 00:22:46,053 - httpx - INFO - HTTP Request: POST https://api.telegram.org/bot8084223356:AAH0f9ib-iOJlt4xZWPH3r8GecTdVvjYcrE/getUpdates "HTTP/1.1 200 OK"
2025-04-28 00:22:56,105 - httpx - INFO - HTTP Request: POST https://api.telegram.org/bot8084223356:AAH0f9ib-iOJlt4xZWPH3r8GecTdVvjYcrE/getUpdates "HTTP/1.1 200 OK"
2025-04-28 00:23:06,159 - httpx - INFO - HTTP Request: POST https://api.telegram.org/bot8084223356:AAH0f9ib-iOJlt4xZWPH3r8GecTdVvjYcrE/getUpdates "HTTP/1.1 200 OK"
2025-04-28 00:23:16,226 - httpx - INFO - HTTP Request: POST https://api.telegram.org/bot8084223356:AAH0f9ib-iOJlt4xZWPH3r8GecTdVvjYcrE/getUpdates "HTTP/1.1 200 OK"
2025-04-28 00:23:26,278 - httpx - INFO - HTTP Request: POST https://api.telegram.org/bot8084223356:AAH0f9ib-iOJlt4xZWPH3r8GecTdVvjYcrE/getUpdates "HTTP/1.1 200 OK"
2025-04-28 00:23:36,330 - httpx - INFO - HTTP Request: POST https://api.telegram.org/bot8084223356:AAH0f9ib-iOJlt4xZWPH3r8GecTdVvjYcrE/getUpdates "HTTP/1.1 200 OK"
2025-04-28 00:23:46,383 - httpx - INFO - HTTP Request: POST https://api.telegram.org/bot8084223356:AAH0f9ib-iOJlt4xZWPH3r8GecTdVvjYcrE/getUpdates "HTTP/1.1 200 OK"
2025-04-28 00:24:29,882 - apscheduler.scheduler - INFO - Adding job tentatively -- it will be properly scheduled when the scheduler starts
2025-04-28 00:24:30,041 - httpx - INFO - HTTP Request: POST https://api.telegram.org/bot8084223356:AAH0f9ib-iOJlt4xZWPH3r8GecTdVvjYcrE/getMe "HTTP/1.1 200 OK"
2025-04-28 00:24:30,083 - httpx - INFO - HTTP Request: POST https://api.telegram.org/bot8084223356:AAH0f9ib-iOJlt4xZWPH3r8GecTdVvjYcrE/deleteWebhook "HTTP/1.1 200 OK"
2025-04-28 00:24:30,085 - apscheduler.scheduler - INFO - Added job "enviar_horoscopos_diarios" to job store "default"
2025-04-28 00:24:30,086 - apscheduler.scheduler - INFO - Scheduler started
2025-04-28 00:24:30,086 - telegram.ext.Application - INFO - Application started
2025-04-28 00:24:40,247 - httpx - INFO - HTTP Request: POST https://api.telegram.org/bot8084223356:AAH0f9ib-iOJlt4xZWPH3r8GecTdVvjYcrE/getUpdates "HTTP/1.1 200 OK"
2025-04-28 00:24:45,351 - httpx - INFO - HTTP Request: POST https://api.telegram.org/bot8084223356:AAH0f9ib-iOJlt4xZWPH3r8GecTdVvjYcrE/getUpdates "HTTP/1.1 200 OK"
2025-04-28 00:24:45,494 - httpx - INFO - HTTP Request: POST https://api.telegram.org/bot8084223356:AAH0f9ib-iOJlt4xZWPH3r8GecTdVvjYcrE/sendMessage "HTTP/1.1 200 OK"
2025-04-28 00:24:49,461 - httpx - INFO - HTTP Request: POST https://api.telegram.org/bot8084223356:AAH0f9ib-iOJlt4xZWPH3r8GecTdVvjYcrE/getUpdates "HTTP/1.1 200 OK"
2025-04-28 00:24:49,573 - httpx - INFO - HTTP Request: POST https://api.telegram.org/bot8084223356:AAH0f9ib-iOJlt4xZWPH3r8GecTdVvjYcrE/answerCallbackQuery "HTTP/1.1 200 OK"
2025-04-28 00:24:49,713 - httpx - INFO - HTTP Request: POST https://api.telegram.org/bot8084223356:AAH0f9ib-iOJlt4xZWPH3r8GecTdVvjYcrE/editMessageText "HTTP/1.1 200 OK"
2025-04-28 00:24:50,998 - httpx - INFO - HTTP Request: POST https://api.telegram.org/bot8084223356:AAH0f9ib-iOJlt4xZWPH3r8GecTdVvjYcrE/editMessageText "HTTP/1.1 200 OK"
2025-04-28 00:24:59,506 - httpx - INFO - HTTP Request: POST https://api.telegram.org/bot8084223356:AAH0f9ib-iOJlt4xZWPH3r8GecTdVvjYcrE/getUpdates "HTTP/1.1 200 OK"
2025-04-28 00:25:09,556 - httpx - INFO - HTTP Request: POST https://api.telegram.org/bot8084223356:AAH0f9ib-iOJlt4xZWPH3r8GecTdVvjYcrE/getUpdates "HTTP/1.1 200 OK"
2025-04-28 00:25:19,606 - httpx - INFO - HTTP Request: POST https://api.telegram.org/bot8084223356:AAH0f9ib-iOJlt4xZWPH3r8GecTdVvjYcrE/getUpdates "HTTP/1.1 200 OK"
2025-04-28 00:25:29,664 - httpx - INFO - HTTP Request: POST https://api.telegram.org/bot8084223356:AAH0f9ib-iOJlt4xZWPH3r8GecTdVvjYcrE/getUpdates "HTTP/1.1 200 OK"
2025-04-28 00:25:39,715 - httpx - INFO - HTTP Request: POST https://api.telegram.org/bot8084223356:AAH0f9ib-iOJlt4xZWPH3r8GecTdVvjYcrE/getUpdates "HTTP/1.1 200 OK"
2025-04-28 00:25:49,765 - httpx - INFO - HTTP Request: POST https://api.telegram.org/bot8084223356:AAH0f9ib-iOJlt4xZWPH3r8GecTdVvjYcrE/getUpdates "HTTP/1.1 200 OK"
2025-04-28 00:25:59,813 - httpx - INFO - HTTP Request: POST https://api.telegram.org/bot8084223356:AAH0f9ib-iOJlt4xZWPH3r8GecTdVvjYcrE/getUpdates "HTTP/1.1 200 OK"
2025-04-28 00:26:09,861 - httpx - INFO - HTTP Request: POST https://api.telegram.org/bot8084223356:AAH0f9ib-iOJlt4xZWPH3r8GecTdVvjYcrE/getUpdates "HTTP/1.1 200 OK"
2025-04-28 00:26:19,910 - httpx - INFO - HTTP Request: POST https://api.telegram.org/bot8084223356:AAH0f9ib-iOJlt4xZWPH3r8GecTdVvjYcrE/getUpdates "HTTP/1.1 200 OK"
2025-04-28 00:26:30,068 - httpx - INFO - HTTP Request: POST https://api.telegram.org/bot8084223356:AAH0f9ib-iOJlt4xZWPH3r8GecTdVvjYcrE/getUpdates "HTTP/1.1 200 OK"
2025-04-28 00:26:40,118 - httpx - INFO - HTTP Request: POST https://api.telegram.org/bot8084223356:AAH0f9ib-iOJlt4xZWPH3r8GecTdVvjYcrE/getUpdates "HTTP/1.1 200 OK"
2025-04-28 00:26:50,167 - httpx - INFO - HTTP Request: POST https://api.telegram.org/bot8084223356:AAH0f9ib-iOJlt4xZWPH3r8GecTdVvjYcrE/getUpdates "HTTP/1.1 200 OK"
2025-04-28 00:27:00,216 - httpx - INFO - HTTP Request: POST https://api.telegram.org/bot8084223356:AAH0f9ib-iOJlt4xZWPH3r8GecTdVvjYcrE/getUpdates "HTTP/1.1 200 OK"
2025-04-28 00:27:10,359 - httpx - INFO - HTTP Request: POST https://api.telegram.org/bot8084223356:AAH0f9ib-iOJlt4xZWPH3r8GecTdVvjYcrE/getUpdates "HTTP/1.1 200 OK"
2025-04-28 00:27:20,408 - httpx - INFO - HTTP Request: POST https://api.telegram.org/bot8084223356:AAH0f9ib-iOJlt4xZWPH3r8GecTdVvjYcrE/getUpdates "HTTP/1.1 200 OK"
2025-04-28 00:27:30,457 - httpx - INFO - HTTP Request: POST https://api.telegram.org/bot8084223356:AAH0f9ib-iOJlt4xZWPH3r8GecTdVvjYcrE/getUpdates "HTTP/1.1 200 OK"
2025-04-28 00:27:40,505 - httpx - INFO - HTTP Request: POST https://api.telegram.org/bot8084223356:AAH0f9ib-iOJlt4xZWPH3r8GecTdVvjYcrE/getUpdates "HTTP/1.1 200 OK"
2025-04-28 00:27:50,557 - httpx - INFO - HTTP Request: POST https://api.telegram.org/bot8084223356:AAH0f9ib-iOJlt4xZWPH3r8GecTdVvjYcrE/getUpdates "HTTP/1.1 200 OK"
2025-04-28 00:28:00,605 - httpx - INFO - HTTP Request: POST https://api.telegram.org/bot8084223356:AAH0f9ib-iOJlt4xZWPH3r8GecTdVvjYcrE/getUpdates "HTTP/1.1 200 OK"
2025-04-28 00:28:10,651 - httpx - INFO - HTTP Request: POST https://api.telegram.org/bot8084223356:AAH0f9ib-iOJlt4xZWPH3r8GecTdVvjYcrE/getUpdates "HTTP/1.1 200 OK"
2025-04-28 00:28:20,695 - httpx - INFO - HTTP Request: POST https://api.telegram.org/bot8084223356:AAH0f9ib-iOJlt4xZWPH3r8GecTdVvjYcrE/getUpdates "HTTP/1.1 200 OK"
2025-04-28 00:28:30,846 - httpx - INFO - HTTP Request: POST https://api.telegram.org/bot8084223356:AAH0f9ib-iOJlt4xZWPH3r8GecTdVvjYcrE/getUpdates "HTTP/1.1 200 OK"
2025-04-28 00:29:03,566 - apscheduler.scheduler - INFO - Adding job tentatively -- it will be properly scheduled when the scheduler starts
2025-04-28 00:29:03,707 - httpx - INFO - HTTP Request: POST https://api.telegram.org/bot8084223356:AAH0f9ib-iOJlt4xZWPH3r8GecTdVvjYcrE/getMe "HTTP/1.1 200 OK"
2025-04-28 00:29:03,749 - httpx - INFO - HTTP Request: POST https://api.telegram.org/bot8084223356:AAH0f9ib-iOJlt4xZWPH3r8GecTdVvjYcrE/deleteWebhook "HTTP/1.1 200 OK"
2025-04-28 00:29:03,751 - apscheduler.scheduler - INFO - Added job "enviar_horoscopos_diarios" to job store "default"
2025-04-28 00:29:03,752 - apscheduler.scheduler - INFO - Scheduler started
2025-04-28 00:29:03,752 - telegram.ext.Application - INFO - Application started
2025-04-28 00:29:13,898 - httpx - INFO - HTTP Request: POST https://api.telegram.org/bot8084223356:AAH0f9ib-iOJlt4xZWPH3r8GecTdVvjYcrE/getUpdates "HTTP/1.1 200 OK"
2025-04-28 00:29:17,705 - httpx - INFO - HTTP Request: POST https://api.telegram.org/bot8084223356:AAH0f9ib-iOJlt4xZWPH3r8GecTdVvjYcrE/getUpdates "HTTP/1.1 200 OK"
2025-04-28 00:29:17,900 - httpx - INFO - HTTP Request: POST https://api.telegram.org/bot8084223356:AAH0f9ib-iOJlt4xZWPH3r8GecTdVvjYcrE/sendMessage "HTTP/1.1 200 OK"
2025-04-28 00:29:22,823 - httpx - INFO - HTTP Request: POST https://api.telegram.org/bot8084223356:AAH0f9ib-iOJlt4xZWPH3r8GecTdVvjYcrE/getUpdates "HTTP/1.1 200 OK"
2025-04-28 00:29:22,867 - httpx - INFO - HTTP Request: POST https://api.telegram.org/bot8084223356:AAH0f9ib-iOJlt4xZWPH3r8GecTdVvjYcrE/answerCallbackQuery "HTTP/1.1 200 OK"
2025-04-28 00:29:22,919 - httpx - INFO - HTTP Request: POST https://api.telegram.org/bot8084223356:AAH0f9ib-iOJlt4xZWPH3r8GecTdVvjYcrE/editMessageText "HTTP/1.1 200 OK"
2025-04-28 00:29:24,186 - httpx - INFO - HTTP Request: POST https://api.telegram.org/bot8084223356:AAH0f9ib-iOJlt4xZWPH3r8GecTdVvjYcrE/editMessageText "HTTP/1.1 200 OK"
2025-04-28 00:29:32,870 - httpx - INFO - HTTP Request: POST https://api.telegram.org/bot8084223356:AAH0f9ib-iOJlt4xZWPH3r8GecTdVvjYcrE/getUpdates "HTTP/1.1 200 OK"
2025-04-28 00:29:42,923 - httpx - INFO - HTTP Request: POST https://api.telegram.org/bot8084223356:AAH0f9ib-iOJlt4xZWPH3r8GecTdVvjYcrE/getUpdates "HTTP/1.1 200 OK"
2025-04-28 00:29:52,971 - httpx - INFO - HTTP Request: POST https://api.telegram.org/bot8084223356:AAH0f9ib-iOJlt4xZWPH3r8GecTdVvjYcrE/getUpdates "HTTP/1.1 200 OK"
2025-04-28 00:30:03,021 - httpx - INFO - HTTP Request: POST https://api.telegram.org/bot8084223356:AAH0f9ib-iOJlt4xZWPH3r8GecTdVvjYcrE/getUpdates "HTTP/1.1 200 OK"
2025-04-28 00:30:13,070 - httpx - INFO - HTTP Request: POST https://api.telegram.org/bot8084223356:AAH0f9ib-iOJlt4xZWPH3r8GecTdVvjYcrE/getUpdates "HTTP/1.1 200 OK"
2025-04-28 00:30:23,121 - httpx - INFO - HTTP Request: POST https://api.telegram.org/bot8084223356:AAH0f9ib-iOJlt4xZWPH3r8GecTdVvjYcrE/getUpdates "HTTP/1.1 200 OK"
2025-04-28 00:30:33,175 - httpx - INFO - HTTP Request: POST https://api.telegram.org/bot8084223356:AAH0f9ib-iOJlt4xZWPH3r8GecTdVvjYcrE/getUpdates "HTTP/1.1 200 OK"
2025-04-28 00:30:40,553 - httpx - INFO - HTTP Request: POST https://api.telegram.org/bot8084223356:AAH0f9ib-iOJlt4xZWPH3r8GecTdVvjYcrE/getUpdates "HTTP/1.1 200 OK"
2025-04-28 00:30:40,673 - httpx - INFO - HTTP Request: POST https://api.telegram.org/bot8084223356:AAH0f9ib-iOJlt4xZWPH3r8GecTdVvjYcrE/answerCallbackQuery "HTTP/1.1 200 OK"
2025-04-28 00:30:40,728 - httpx - INFO - HTTP Request: POST https://api.telegram.org/bot8084223356:AAH0f9ib-iOJlt4xZWPH3r8GecTdVvjYcrE/editMessageText "HTTP/1.1 200 OK"
2025-04-28 00:30:42,162 - httpx - INFO - HTTP Request: POST https://api.telegram.org/bot8084223356:AAH0f9ib-iOJlt4xZWPH3r8GecTdVvjYcrE/getUpdates "HTTP/1.1 200 OK"
2025-04-28 00:30:42,204 - httpx - INFO - HTTP Request: POST https://api.telegram.org/bot8084223356:AAH0f9ib-iOJlt4xZWPH3r8GecTdVvjYcrE/answerCallbackQuery "HTTP/1.1 200 OK"
2025-04-28 00:30:42,252 - httpx - INFO - HTTP Request: POST https://api.telegram.org/bot8084223356:AAH0f9ib-iOJlt4xZWPH3r8GecTdVvjYcrE/editMessageText "HTTP/1.1 200 OK"
2025-04-28 00:30:43,543 - httpx - INFO - HTTP Request: POST https://api.telegram.org/bot8084223356:AAH0f9ib-iOJlt4xZWPH3r8GecTdVvjYcrE/editMessageText "HTTP/1.1 200 OK"
2025-04-28 00:30:47,696 - httpx - INFO - HTTP Request: POST https://api.telegram.org/bot8084223356:AAH0f9ib-iOJlt4xZWPH3r8GecTdVvjYcrE/getUpdates "HTTP/1.1 200 OK"
2025-04-28 00:30:47,961 - httpx - INFO - HTTP Request: POST https://api.telegram.org/bot8084223356:AAH0f9ib-iOJlt4xZWPH3r8GecTdVvjYcrE/answerCallbackQuery "HTTP/1.1 200 OK"
2025-04-28 00:30:48,250 - httpx - INFO - HTTP Request: POST https://api.telegram.org/bot8084223356:AAH0f9ib-iOJlt4xZWPH3r8GecTdVvjYcrE/editMessageText "HTTP/1.1 200 OK"
2025-04-28 00:30:49,356 - httpx - INFO - HTTP Request: POST https://api.telegram.org/bot8084223356:AAH0f9ib-iOJlt4xZWPH3r8GecTdVvjYcrE/getUpdates "HTTP/1.1 200 OK"
2025-04-28 00:30:49,431 - httpx - INFO - HTTP Request: POST https://api.telegram.org/bot8084223356:AAH0f9ib-iOJlt4xZWPH3r8GecTdVvjYcrE/answerCallbackQuery "HTTP/1.1 200 OK"
2025-04-28 00:30:49,494 - httpx - INFO - HTTP Request: POST https://api.telegram.org/bot8084223356:AAH0f9ib-iOJlt4xZWPH3r8GecTdVvjYcrE/editMessageText "HTTP/1.1 200 OK"
2025-04-28 00:30:50,834 - httpx - INFO - HTTP Request: POST https://api.telegram.org/bot8084223356:AAH0f9ib-iOJlt4xZWPH3r8GecTdVvjYcrE/editMessageText "HTTP/1.1 200 OK"
2025-04-28 00:30:59,408 - httpx - INFO - HTTP Request: POST https://api.telegram.org/bot8084223356:AAH0f9ib-iOJlt4xZWPH3r8GecTdVvjYcrE/getUpdates "HTTP/1.1 200 OK"
2025-04-28 00:31:09,455 - httpx - INFO - HTTP Request: POST https://api.telegram.org/bot8084223356:AAH0f9ib-iOJlt4xZWPH3r8GecTdVvjYcrE/getUpdates "HTTP/1.1 200 OK"
2025-04-28 00:31:19,502 - httpx - INFO - HTTP Request: POST https://api.telegram.org/bot8084223356:AAH0f9ib-iOJlt4xZWPH3r8GecTdVvjYcrE/getUpdates "HTTP/1.1 200 OK"
2025-04-28 00:31:29,549 - httpx - INFO - HTTP Request: POST https://api.telegram.org/bot8084223356:AAH0f9ib-iOJlt4xZWPH3r8GecTdVvjYcrE/getUpdates "HTTP/1.1 200 OK"
2025-04-28 00:31:39,598 - httpx - INFO - HTTP Request: POST https://api.telegram.org/bot8084223356:AAH0f9ib-iOJlt4xZWPH3r8GecTdVvjYcrE/getUpdates "HTTP/1.1 200 OK"
2025-04-28 00:31:49,668 - httpx - INFO - HTTP Request: POST https://api.telegram.org/bot8084223356:AAH0f9ib-iOJlt4xZWPH3r8GecTdVvjYcrE/getUpdates "HTTP/1.1 200 OK"
2025-04-28 00:31:59,716 - httpx - INFO - HTTP Request: POST https://api.telegram.org/bot8084223356:AAH0f9ib-iOJlt4xZWPH3r8GecTdVvjYcrE/getUpdates "HTTP/1.1 200 OK"
2025-04-28 00:32:09,771 - httpx - INFO - HTTP Request: POST https://api.telegram.org/bot8084223356:AAH0f9ib-iOJlt4xZWPH3r8GecTdVvjYcrE/getUpdates "HTTP/1.1 200 OK"
2025-04-28 00:32:19,818 - httpx - INFO - HTTP Request: POST https://api.telegram.org/bot8084223356:AAH0f9ib-iOJlt4xZWPH3r8GecTdVvjYcrE/getUpdates "HTTP/1.1 200 OK"
2025-04-28 00:32:29,981 - httpx - INFO - HTTP Request: POST https://api.telegram.org/bot8084223356:AAH0f9ib-iOJlt4xZWPH3r8GecTdVvjYcrE/getUpdates "HTTP/1.1 200 OK"
2025-04-28 00:32:40,037 - httpx - INFO - HTTP Request: POST https://api.telegram.org/bot8084223356:AAH0f9ib-iOJlt4xZWPH3r8GecTdVvjYcrE/getUpdates "HTTP/1.1 200 OK"
2025-04-28 00:32:50,084 - httpx - INFO - HTTP Request: POST https://api.telegram.org/bot8084223356:AAH0f9ib-iOJlt4xZWPH3r8GecTdVvjYcrE/getUpdates "HTTP/1.1 200 OK"
2025-04-28 00:33:00,131 - httpx - INFO - HTTP Request: POST https://api.telegram.org/bot8084223356:AAH0f9ib-iOJlt4xZWPH3r8GecTdVvjYcrE/getUpdates "HTTP/1.1 200 OK"
2025-04-28 00:33:10,180 - httpx - INFO - HTTP Request: POST https://api.telegram.org/bot8084223356:AAH0f9ib-iOJlt4xZWPH3r8GecTdVvjYcrE/getUpdates "HTTP/1.1 200 OK"
2025-04-28 00:33:20,235 - httpx - INFO - HTTP Request: POST https://api.telegram.org/bot8084223356:AAH0f9ib-iOJlt4xZWPH3r8GecTdVvjYcrE/getUpdates "HTTP/1.1 200 OK"
2025-04-28 00:33:30,289 - httpx - INFO - HTTP Request: POST https://api.telegram.org/bot8084223356:AAH0f9ib-iOJlt4xZWPH3r8GecTdVvjYcrE/getUpdates "HTTP/1.1 200 OK"
2025-04-28 00:33:40,340 - httpx - INFO - HTTP Request: POST https://api.telegram.org/bot8084223356:AAH0f9ib-iOJlt4xZWPH3r8GecTdVvjYcrE/getUpdates "HTTP/1.1 200 OK"
2025-04-28 00:33:50,388 - httpx - INFO - HTTP Request: POST https://api.telegram.org/bot8084223356:AAH0f9ib-iOJlt4xZWPH3r8GecTdVvjYcrE/getUpdates "HTTP/1.1 200 OK"
2025-04-28 00:34:00,439 - httpx - INFO - HTTP Request: POST https://api.telegram.org/bot8084223356:AAH0f9ib-iOJlt4xZWPH3r8GecTdVvjYcrE/getUpdates "HTTP/1.1 200 OK"
2025-04-28 00:34:10,486 - httpx - INFO - HTTP Request: POST https://api.telegram.org/bot8084223356:AAH0f9ib-iOJlt4xZWPH3r8GecTdVvjYcrE/getUpdates "HTTP/1.1 200 OK"
2025-04-28 00:34:20,534 - httpx - INFO - HTTP Request: POST https://api.telegram.org/bot8084223356:AAH0f9ib-iOJlt4xZWPH3r8GecTdVvjYcrE/getUpdates "HTTP/1.1 200 OK"
2025-04-28 00:34:30,584 - httpx - INFO - HTTP Request: POST https://api.telegram.org/bot8084223356:AAH0f9ib-iOJlt4xZWPH3r8GecTdVvjYcrE/getUpdates "HTTP/1.1 200 OK"
2025-04-28 00:34:40,650 - httpx - INFO - HTTP Request: POST https://api.telegram.org/bot8084223356:AAH0f9ib-iOJlt4xZWPH3r8GecTdVvjYcrE/getUpdates "HTTP/1.1 200 OK"
2025-04-28 00:34:50,700 - httpx - INFO - HTTP Request: POST https://api.telegram.org/bot8084223356:AAH0f9ib-iOJlt4xZWPH3r8GecTdVvjYcrE/getUpdates "HTTP/1.1 200 OK"
2025-04-28 00:35:00,746 - httpx - INFO - HTTP Request: POST https://api.telegram.org/bot8084223356:AAH0f9ib-iOJlt4xZWPH3r8GecTdVvjYcrE/getUpdates "HTTP/1.1 200 OK"
2025-04-28 00:35:10,793 - httpx - INFO - HTTP Request: POST https://api.telegram.org/bot8084223356:AAH0f9ib-iOJlt4xZWPH3r8GecTdVvjYcrE/getUpdates "HTTP/1.1 200 OK"
2025-04-28 00:35:20,845 - httpx - INFO - HTTP Request: POST https://api.telegram.org/bot8084223356:AAH0f9ib-iOJlt4xZWPH3r8GecTdVvjYcrE/getUpdates "HTTP/1.1 200 OK"
2025-04-28 00:35:30,891 - httpx - INFO - HTTP Request: POST https://api.telegram.org/bot8084223356:AAH0f9ib-iOJlt4xZWPH3r8GecTdVvjYcrE/getUpdates "HTTP/1.1 200 OK"
2025-04-28 00:36:12,766 - apscheduler.scheduler - INFO - Adding job tentatively -- it will be properly scheduled when the scheduler starts
2025-04-28 00:36:12,918 - httpx - INFO - HTTP Request: POST https://api.telegram.org/bot8084223356:AAH0f9ib-iOJlt4xZWPH3r8GecTdVvjYcrE/getMe "HTTP/1.1 200 OK"
2025-04-28 00:36:12,967 - httpx - INFO - HTTP Request: POST https://api.telegram.org/bot8084223356:AAH0f9ib-iOJlt4xZWPH3r8GecTdVvjYcrE/deleteWebhook "HTTP/1.1 200 OK"
2025-04-28 00:36:12,969 - apscheduler.scheduler - INFO - Added job "enviar_horoscopos_diarios" to job store "default"
2025-04-28 00:36:12,969 - apscheduler.scheduler - INFO - Scheduler started
2025-04-28 00:36:12,969 - telegram.ext.Application - INFO - Application started
2025-04-28 00:36:23,100 - httpx - INFO - HTTP Request: POST https://api.telegram.org/bot8084223356:AAH0f9ib-iOJlt4xZWPH3r8GecTdVvjYcrE/getUpdates "HTTP/1.1 200 OK"
2025-04-28 00:36:28,606 - httpx - INFO - HTTP Request: POST https://api.telegram.org/bot8084223356:AAH0f9ib-iOJlt4xZWPH3r8GecTdVvjYcrE/getUpdates "HTTP/1.1 200 OK"
2025-04-28 00:36:28,775 - httpx - INFO - HTTP Request: POST https://api.telegram.org/bot8084223356:AAH0f9ib-iOJlt4xZWPH3r8GecTdVvjYcrE/sendMessage "HTTP/1.1 200 OK"
2025-04-28 00:36:32,463 - httpx - INFO - HTTP Request: POST https://api.telegram.org/bot8084223356:AAH0f9ib-iOJlt4xZWPH3r8GecTdVvjYcrE/getUpdates "HTTP/1.1 200 OK"
2025-04-28 00:36:32,527 - httpx - INFO - HTTP Request: POST https://api.telegram.org/bot8084223356:AAH0f9ib-iOJlt4xZWPH3r8GecTdVvjYcrE/answerCallbackQuery "HTTP/1.1 200 OK"
2025-04-28 00:36:32,602 - httpx - INFO - HTTP Request: POST https://api.telegram.org/bot8084223356:AAH0f9ib-iOJlt4xZWPH3r8GecTdVvjYcrE/editMessageText "HTTP/1.1 200 OK"
2025-04-28 00:36:33,928 - httpx - INFO - HTTP Request: POST https://api.telegram.org/bot8084223356:AAH0f9ib-iOJlt4xZWPH3r8GecTdVvjYcrE/editMessageText "HTTP/1.1 400 Bad Request"
2025-04-28 00:36:33,929 - __main__ - ERROR - Error al enviar mensaje: Can't parse entities: character '!' is reserved and must be escaped with the preceding '\'
2025-04-28 00:36:33,996 - httpx - INFO - HTTP Request: POST https://api.telegram.org/bot8084223356:AAH0f9ib-iOJlt4xZWPH3r8GecTdVvjYcrE/editMessageText "HTTP/1.1 200 OK"
2025-04-28 00:36:42,505 - httpx - INFO - HTTP Request: POST https://api.telegram.org/bot8084223356:AAH0f9ib-iOJlt4xZWPH3r8GecTdVvjYcrE/getUpdates "HTTP/1.1 200 OK"
2025-04-28 00:36:52,551 - httpx - INFO - HTTP Request: POST https://api.telegram.org/bot8084223356:AAH0f9ib-iOJlt4xZWPH3r8GecTdVvjYcrE/getUpdates "HTTP/1.1 200 OK"
2025-04-28 00:37:02,594 - httpx - INFO - HTTP Request: POST https://api.telegram.org/bot8084223356:AAH0f9ib-iOJlt4xZWPH3r8GecTdVvjYcrE/getUpdates "HTTP/1.1 200 OK"
2025-04-28 00:37:12,641 - httpx - INFO - HTTP Request: POST https://api.telegram.org/bot8084223356:AAH0f9ib-iOJlt4xZWPH3r8GecTdVvjYcrE/getUpdates "HTTP/1.1 200 OK"
2025-04-28 00:37:22,685 - httpx - INFO - HTTP Request: POST https://api.telegram.org/bot8084223356:AAH0f9ib-iOJlt4xZWPH3r8GecTdVvjYcrE/getUpdates "HTTP/1.1 200 OK"
2025-04-28 00:37:32,726 - httpx - INFO - HTTP Request: POST https://api.telegram.org/bot8084223356:AAH0f9ib-iOJlt4xZWPH3r8GecTdVvjYcrE/getUpdates "HTTP/1.1 200 OK"
2025-04-28 00:37:37,860 - httpx - INFO - HTTP Request: POST https://api.telegram.org/bot8084223356:AAH0f9ib-iOJlt4xZWPH3r8GecTdVvjYcrE/getUpdates "HTTP/1.1 200 OK"
2025-04-28 00:37:37,990 - httpx - INFO - HTTP Request: POST https://api.telegram.org/bot8084223356:AAH0f9ib-iOJlt4xZWPH3r8GecTdVvjYcrE/answerCallbackQuery "HTTP/1.1 200 OK"
2025-04-28 00:37:38,044 - httpx - INFO - HTTP Request: POST https://api.telegram.org/bot8084223356:AAH0f9ib-iOJlt4xZWPH3r8GecTdVvjYcrE/editMessageText "HTTP/1.1 200 OK"
2025-04-28 00:37:40,264 - httpx - INFO - HTTP Request: POST https://api.telegram.org/bot8084223356:AAH0f9ib-iOJlt4xZWPH3r8GecTdVvjYcrE/getUpdates "HTTP/1.1 200 OK"
2025-04-28 00:37:40,309 - httpx - INFO - HTTP Request: POST https://api.telegram.org/bot8084223356:AAH0f9ib-iOJlt4xZWPH3r8GecTdVvjYcrE/answerCallbackQuery "HTTP/1.1 200 OK"
2025-04-28 00:37:40,412 - httpx - INFO - HTTP Request: POST https://api.telegram.org/bot8084223356:AAH0f9ib-iOJlt4xZWPH3r8GecTdVvjYcrE/editMessageText "HTTP/1.1 200 OK"
2025-04-28 00:37:41,842 - httpx - INFO - HTTP Request: POST https://api.telegram.org/bot8084223356:AAH0f9ib-iOJlt4xZWPH3r8GecTdVvjYcrE/editMessageText "HTTP/1.1 200 OK"
2025-04-28 00:37:46,011 - httpx - INFO - HTTP Request: POST https://api.telegram.org/bot8084223356:AAH0f9ib-iOJlt4xZWPH3r8GecTdVvjYcrE/getUpdates "HTTP/1.1 200 OK"
2025-04-28 00:37:46,054 - httpx - INFO - HTTP Request: POST https://api.telegram.org/bot8084223356:AAH0f9ib-iOJlt4xZWPH3r8GecTdVvjYcrE/answerCallbackQuery "HTTP/1.1 200 OK"
2025-04-28 00:37:46,109 - httpx - INFO - HTTP Request: POST https://api.telegram.org/bot8084223356:AAH0f9ib-iOJlt4xZWPH3r8GecTdVvjYcrE/editMessageText "HTTP/1.1 200 OK"
2025-04-28 00:37:48,077 - httpx - INFO - HTTP Request: POST https://api.telegram.org/bot8084223356:AAH0f9ib-iOJlt4xZWPH3r8GecTdVvjYcrE/getUpdates "HTTP/1.1 200 OK"
2025-04-28 00:37:48,154 - httpx - INFO - HTTP Request: POST https://api.telegram.org/bot8084223356:AAH0f9ib-iOJlt4xZWPH3r8GecTdVvjYcrE/answerCallbackQuery "HTTP/1.1 200 OK"
2025-04-28 00:37:48,220 - httpx - INFO - HTTP Request: POST https://api.telegram.org/bot8084223356:AAH0f9ib-iOJlt4xZWPH3r8GecTdVvjYcrE/editMessageText "HTTP/1.1 200 OK"
2025-04-28 00:37:49,415 - httpx - INFO - HTTP Request: POST https://api.telegram.org/bot8084223356:AAH0f9ib-iOJlt4xZWPH3r8GecTdVvjYcrE/editMessageText "HTTP/1.1 400 Bad Request"
2025-04-28 00:37:49,416 - __main__ - ERROR - Error al enviar mensaje: Can't parse entities: character '!' is reserved and must be escaped with the preceding '\'
2025-04-28 00:37:49,472 - httpx - INFO - HTTP Request: POST https://api.telegram.org/bot8084223356:AAH0f9ib-iOJlt4xZWPH3r8GecTdVvjYcrE/editMessageText "HTTP/1.1 200 OK"
2025-04-28 00:37:52,169 - httpx - INFO - HTTP Request: POST https://api.telegram.org/bot8084223356:AAH0f9ib-iOJlt4xZWPH3r8GecTdVvjYcrE/getUpdates "HTTP/1.1 200 OK"
2025-04-28 00:37:52,209 - httpx - INFO - HTTP Request: POST https://api.telegram.org/bot8084223356:AAH0f9ib-iOJlt4xZWPH3r8GecTdVvjYcrE/answerCallbackQuery "HTTP/1.1 200 OK"
2025-04-28 00:37:52,259 - httpx - INFO - HTTP Request: POST https://api.telegram.org/bot8084223356:AAH0f9ib-iOJlt4xZWPH3r8GecTdVvjYcrE/editMessageText "HTTP/1.1 200 OK"
2025-04-28 00:37:53,803 - httpx - INFO - HTTP Request: POST https://api.telegram.org/bot8084223356:AAH0f9ib-iOJlt4xZWPH3r8GecTdVvjYcrE/getUpdates "HTTP/1.1 200 OK"
2025-04-28 00:37:53,853 - httpx - INFO - HTTP Request: POST https://api.telegram.org/bot8084223356:AAH0f9ib-iOJlt4xZWPH3r8GecTdVvjYcrE/answerCallbackQuery "HTTP/1.1 200 OK"
2025-04-28 00:37:53,917 - httpx - INFO - HTTP Request: POST https://api.telegram.org/bot8084223356:AAH0f9ib-iOJlt4xZWPH3r8GecTdVvjYcrE/editMessageText "HTTP/1.1 200 OK"
2025-04-28 00:37:55,165 - httpx - INFO - HTTP Request: POST https://api.telegram.org/bot8084223356:AAH0f9ib-iOJlt4xZWPH3r8GecTdVvjYcrE/editMessageText "HTTP/1.1 200 OK"
2025-04-28 00:37:56,445 - httpx - INFO - HTTP Request: POST https://api.telegram.org/bot8084223356:AAH0f9ib-iOJlt4xZWPH3r8GecTdVvjYcrE/getUpdates "HTTP/1.1 200 OK"
2025-04-28 00:37:56,494 - httpx - INFO - HTTP Request: POST https://api.telegram.org/bot8084223356:AAH0f9ib-iOJlt4xZWPH3r8GecTdVvjYcrE/answerCallbackQuery "HTTP/1.1 200 OK"
2025-04-28 00:37:56,542 - httpx - INFO - HTTP Request: POST https://api.telegram.org/bot8084223356:AAH0f9ib-iOJlt4xZWPH3r8GecTdVvjYcrE/editMessageText "HTTP/1.1 200 OK"
2025-04-28 00:37:57,767 - httpx - INFO - HTTP Request: POST https://api.telegram.org/bot8084223356:AAH0f9ib-iOJlt4xZWPH3r8GecTdVvjYcrE/getUpdates "HTTP/1.1 200 OK"
2025-04-28 00:37:57,828 - httpx - INFO - HTTP Request: POST https://api.telegram.org/bot8084223356:AAH0f9ib-iOJlt4xZWPH3r8GecTdVvjYcrE/answerCallbackQuery "HTTP/1.1 200 OK"
2025-04-28 00:37:57,899 - httpx - INFO - HTTP Request: POST https://api.telegram.org/bot8084223356:AAH0f9ib-iOJlt4xZWPH3r8GecTdVvjYcrE/editMessageText "HTTP/1.1 200 OK"
2025-04-28 00:37:59,229 - httpx - INFO - HTTP Request: POST https://api.telegram.org/bot8084223356:AAH0f9ib-iOJlt4xZWPH3r8GecTdVvjYcrE/editMessageText "HTTP/1.1 200 OK"
2025-04-28 00:38:00,935 - httpx - INFO - HTTP Request: POST https://api.telegram.org/bot8084223356:AAH0f9ib-iOJlt4xZWPH3r8GecTdVvjYcrE/getUpdates "HTTP/1.1 200 OK"
2025-04-28 00:38:01,000 - httpx - INFO - HTTP Request: POST https://api.telegram.org/bot8084223356:AAH0f9ib-iOJlt4xZWPH3r8GecTdVvjYcrE/answerCallbackQuery "HTTP/1.1 200 OK"
2025-04-28 00:38:01,056 - httpx - INFO - HTTP Request: POST https://api.telegram.org/bot8084223356:AAH0f9ib-iOJlt4xZWPH3r8GecTdVvjYcrE/editMessageText "HTTP/1.1 200 OK"
2025-04-28 00:38:02,912 - httpx - INFO - HTTP Request: POST https://api.telegram.org/bot8084223356:AAH0f9ib-iOJlt4xZWPH3r8GecTdVvjYcrE/getUpdates "HTTP/1.1 200 OK"
2025-04-28 00:38:02,983 - httpx - INFO - HTTP Request: POST https://api.telegram.org/bot8084223356:AAH0f9ib-iOJlt4xZWPH3r8GecTdVvjYcrE/answerCallbackQuery "HTTP/1.1 200 OK"
2025-04-28 00:38:03,042 - httpx - INFO - HTTP Request: POST https://api.telegram.org/bot8084223356:AAH0f9ib-iOJlt4xZWPH3r8GecTdVvjYcrE/editMessageText "HTTP/1.1 200 OK"
2025-04-28 00:38:04,214 - httpx - INFO - HTTP Request: POST https://api.telegram.org/bot8084223356:AAH0f9ib-iOJlt4xZWPH3r8GecTdVvjYcrE/editMessageText "HTTP/1.1 200 OK"
2025-04-28 00:38:05,661 - httpx - INFO - HTTP Request: POST https://api.telegram.org/bot8084223356:AAH0f9ib-iOJlt4xZWPH3r8GecTdVvjYcrE/getUpdates "HTTP/1.1 200 OK"
2025-04-28 00:38:05,880 - httpx - INFO - HTTP Request: POST https://api.telegram.org/bot8084223356:AAH0f9ib-iOJlt4xZWPH3r8GecTdVvjYcrE/answerCallbackQuery "HTTP/1.1 200 OK"
2025-04-28 00:38:06,024 - httpx - INFO - HTTP Request: POST https://api.telegram.org/bot8084223356:AAH0f9ib-iOJlt4xZWPH3r8GecTdVvjYcrE/editMessageText "HTTP/1.1 200 OK"
2025-04-28 00:38:07,549 - httpx - INFO - HTTP Request: POST https://api.telegram.org/bot8084223356:AAH0f9ib-iOJlt4xZWPH3r8GecTdVvjYcrE/getUpdates "HTTP/1.1 200 OK"
2025-04-28 00:38:07,590 - httpx - INFO - HTTP Request: POST https://api.telegram.org/bot8084223356:AAH0f9ib-iOJlt4xZWPH3r8GecTdVvjYcrE/answerCallbackQuery "HTTP/1.1 200 OK"
2025-04-28 00:38:07,653 - httpx - INFO - HTTP Request: POST https://api.telegram.org/bot8084223356:AAH0f9ib-iOJlt4xZWPH3r8GecTdVvjYcrE/editMessageText "HTTP/1.1 200 OK"
2025-04-28 00:38:08,932 - httpx - INFO - HTTP Request: POST https://api.telegram.org/bot8084223356:AAH0f9ib-iOJlt4xZWPH3r8GecTdVvjYcrE/editMessageText "HTTP/1.1 200 OK"
2025-04-28 00:38:12,979 - httpx - INFO - HTTP Request: POST https://api.telegram.org/bot8084223356:AAH0f9ib-iOJlt4xZWPH3r8GecTdVvjYcrE/getUpdates "HTTP/1.1 200 OK"
2025-04-28 00:38:13,034 - httpx - INFO - HTTP Request: POST https://api.telegram.org/bot8084223356:AAH0f9ib-iOJlt4xZWPH3r8GecTdVvjYcrE/answerCallbackQuery "HTTP/1.1 200 OK"
2025-04-28 00:38:13,087 - httpx - INFO - HTTP Request: POST https://api.telegram.org/bot8084223356:AAH0f9ib-iOJlt4xZWPH3r8GecTdVvjYcrE/editMessageText "HTTP/1.1 200 OK"
2025-04-28 00:38:14,280 - httpx - INFO - HTTP Request: POST https://api.telegram.org/bot8084223356:AAH0f9ib-iOJlt4xZWPH3r8GecTdVvjYcrE/getUpdates "HTTP/1.1 200 OK"
2025-04-28 00:38:14,360 - httpx - INFO - HTTP Request: POST https://api.telegram.org/bot8084223356:AAH0f9ib-iOJlt4xZWPH3r8GecTdVvjYcrE/answerCallbackQuery "HTTP/1.1 200 OK"
2025-04-28 00:38:14,434 - httpx - INFO - HTTP Request: POST https://api.telegram.org/bot8084223356:AAH0f9ib-iOJlt4xZWPH3r8GecTdVvjYcrE/editMessageText "HTTP/1.1 200 OK"
2025-04-28 00:38:15,652 - httpx - INFO - HTTP Request: POST https://api.telegram.org/bot8084223356:AAH0f9ib-iOJlt4xZWPH3r8GecTdVvjYcrE/editMessageText "HTTP/1.1 400 Bad Request"
2025-04-28 00:38:15,652 - __main__ - ERROR - Error al enviar mensaje: Can't parse entities: character '!' is reserved and must be escaped with the preceding '\'
2025-04-28 00:38:15,707 - httpx - INFO - HTTP Request: POST https://api.telegram.org/bot8084223356:AAH0f9ib-iOJlt4xZWPH3r8GecTdVvjYcrE/editMessageText "HTTP/1.1 200 OK"
2025-04-28 00:38:24,324 - httpx - INFO - HTTP Request: POST https://api.telegram.org/bot8084223356:AAH0f9ib-iOJlt4xZWPH3r8GecTdVvjYcrE/getUpdates "HTTP/1.1 200 OK"
2025-04-28 00:38:34,371 - httpx - INFO - HTTP Request: POST https://api.telegram.org/bot8084223356:AAH0f9ib-iOJlt4xZWPH3r8GecTdVvjYcrE/getUpdates "HTTP/1.1 200 OK"
2025-04-28 00:38:44,450 - httpx - INFO - HTTP Request: POST https://api.telegram.org/bot8084223356:AAH0f9ib-iOJlt4xZWPH3r8GecTdVvjYcrE/getUpdates "HTTP/1.1 200 OK"
2025-04-28 00:38:54,505 - httpx - INFO - HTTP Request: POST https://api.telegram.org/bot8084223356:AAH0f9ib-iOJlt4xZWPH3r8GecTdVvjYcrE/getUpdates "HTTP/1.1 200 OK"
2025-04-28 00:39:04,549 - httpx - INFO - HTTP Request: POST https://api.telegram.org/bot8084223356:AAH0f9ib-iOJlt4xZWPH3r8GecTdVvjYcrE/getUpdates "HTTP/1.1 200 OK"
2025-04-28 00:39:14,594 - httpx - INFO - HTTP Request: POST https://api.telegram.org/bot8084223356:AAH0f9ib-iOJlt4xZWPH3r8GecTdVvjYcrE/getUpdates "HTTP/1.1 200 OK"
2025-04-28 00:39:24,640 - httpx - INFO - HTTP Request: POST https://api.telegram.org/bot8084223356:AAH0f9ib-iOJlt4xZWPH3r8GecTdVvjYcrE/getUpdates "HTTP/1.1 200 OK"
2025-04-28 00:39:34,689 - httpx - INFO - HTTP Request: POST https://api.telegram.org/bot8084223356:AAH0f9ib-iOJlt4xZWPH3r8GecTdVvjYcrE/getUpdates "HTTP/1.1 200 OK"
2025-04-28 00:39:44,736 - httpx - INFO - HTTP Request: POST https://api.telegram.org/bot8084223356:AAH0f9ib-iOJlt4xZWPH3r8GecTdVvjYcrE/getUpdates "HTTP/1.1 200 OK"
2025-04-28 00:39:54,779 - httpx - INFO - HTTP Request: POST https://api.telegram.org/bot8084223356:AAH0f9ib-iOJlt4xZWPH3r8GecTdVvjYcrE/getUpdates "HTTP/1.1 200 OK"
2025-04-28 00:40:04,823 - httpx - INFO - HTTP Request: POST https://api.telegram.org/bot8084223356:AAH0f9ib-iOJlt4xZWPH3r8GecTdVvjYcrE/getUpdates "HTTP/1.1 200 OK"
2025-04-28 00:40:14,865 - httpx - INFO - HTTP Request: POST https://api.telegram.org/bot8084223356:AAH0f9ib-iOJlt4xZWPH3r8GecTdVvjYcrE/getUpdates "HTTP/1.1 200 OK"
2025-04-28 00:40:24,907 - httpx - INFO - HTTP Request: POST https://api.telegram.org/bot8084223356:AAH0f9ib-iOJlt4xZWPH3r8GecTdVvjYcrE/getUpdates "HTTP/1.1 200 OK"
2025-04-28 00:40:34,950 - httpx - INFO - HTTP Request: POST https://api.telegram.org/bot8084223356:AAH0f9ib-iOJlt4xZWPH3r8GecTdVvjYcrE/getUpdates "HTTP/1.1 200 OK"
2025-04-28 00:40:44,991 - httpx - INFO - HTTP Request: POST https://api.telegram.org/bot8084223356:AAH0f9ib-iOJlt4xZWPH3r8GecTdVvjYcrE/getUpdates "HTTP/1.1 200 OK"
2025-04-28 00:40:55,035 - httpx - INFO - HTTP Request: POST https://api.telegram.org/bot8084223356:AAH0f9ib-iOJlt4xZWPH3r8GecTdVvjYcrE/getUpdates "HTTP/1.1 200 OK"
2025-04-28 00:41:05,079 - httpx - INFO - HTTP Request: POST https://api.telegram.org/bot8084223356:AAH0f9ib-iOJlt4xZWPH3r8GecTdVvjYcrE/getUpdates "HTTP/1.1 200 OK"
2025-04-28 00:41:15,121 - httpx - INFO - HTTP Request: POST https://api.telegram.org/bot8084223356:AAH0f9ib-iOJlt4xZWPH3r8GecTdVvjYcrE/getUpdates "HTTP/1.1 200 OK"
2025-04-28 00:41:25,167 - httpx - INFO - HTTP Request: POST https://api.telegram.org/bot8084223356:AAH0f9ib-iOJlt4xZWPH3r8GecTdVvjYcrE/getUpdates "HTTP/1.1 200 OK"
2025-04-28 00:41:35,212 - httpx - INFO - HTTP Request: POST https://api.telegram.org/bot8084223356:AAH0f9ib-iOJlt4xZWPH3r8GecTdVvjYcrE/getUpdates "HTTP/1.1 200 OK"
2025-04-28 00:41:45,252 - httpx - INFO - HTTP Request: POST https://api.telegram.org/bot8084223356:AAH0f9ib-iOJlt4xZWPH3r8GecTdVvjYcrE/getUpdates "HTTP/1.1 200 OK"
2025-04-28 00:41:55,297 - httpx - INFO - HTTP Request: POST https://api.telegram.org/bot8084223356:AAH0f9ib-iOJlt4xZWPH3r8GecTdVvjYcrE/getUpdates "HTTP/1.1 200 OK"
2025-04-28 00:42:05,338 - httpx - INFO - HTTP Request: POST https://api.telegram.org/bot8084223356:AAH0f9ib-iOJlt4xZWPH3r8GecTdVvjYcrE/getUpdates "HTTP/1.1 200 OK"
2025-04-28 00:42:15,384 - httpx - INFO - HTTP Request: POST https://api.telegram.org/bot8084223356:AAH0f9ib-iOJlt4xZWPH3r8GecTdVvjYcrE/getUpdates "HTTP/1.1 200 OK"
2025-04-28 00:42:25,429 - httpx - INFO - HTTP Request: POST https://api.telegram.org/bot8084223356:AAH0f9ib-iOJlt4xZWPH3r8GecTdVvjYcrE/getUpdates "HTTP/1.1 200 OK"
2025-04-28 00:42:35,469 - httpx - INFO - HTTP Request: POST https://api.telegram.org/bot8084223356:AAH0f9ib-iOJlt4xZWPH3r8GecTdVvjYcrE/getUpdates "HTTP/1.1 200 OK"
2025-04-28 00:42:45,509 - httpx - INFO - HTTP Request: POST https://api.telegram.org/bot8084223356:AAH0f9ib-iOJlt4xZWPH3r8GecTdVvjYcrE/getUpdates "HTTP/1.1 200 OK"
2025-04-28 00:42:55,550 - httpx - INFO - HTTP Request: POST https://api.telegram.org/bot8084223356:AAH0f9ib-iOJlt4xZWPH3r8GecTdVvjYcrE/getUpdates "HTTP/1.1 200 OK"
2025-04-28 00:43:05,596 - httpx - INFO - HTTP Request: POST https://api.telegram.org/bot8084223356:AAH0f9ib-iOJlt4xZWPH3r8GecTdVvjYcrE/getUpdates "HTTP/1.1 200 OK"
2025-04-28 00:43:15,638 - httpx - INFO - HTTP Request: POST https://api.telegram.org/bot8084223356:AAH0f9ib-iOJlt4xZWPH3r8GecTdVvjYcrE/getUpdates "HTTP/1.1 200 OK"
2025-04-28 00:43:25,680 - httpx - INFO - HTTP Request: POST https://api.telegram.org/bot8084223356:AAH0f9ib-iOJlt4xZWPH3r8GecTdVvjYcrE/getUpdates "HTTP/1.1 200 OK"
2025-04-28 00:43:35,723 - httpx - INFO - HTTP Request: POST https://api.telegram.org/bot8084223356:AAH0f9ib-iOJlt4xZWPH3r8GecTdVvjYcrE/getUpdates "HTTP/1.1 200 OK"
2025-04-28 00:43:45,765 - httpx - INFO - HTTP Request: POST https://api.telegram.org/bot8084223356:AAH0f9ib-iOJlt4xZWPH3r8GecTdVvjYcrE/getUpdates "HTTP/1.1 200 OK"
2025-04-28 00:43:55,807 - httpx - INFO - HTTP Request: POST https://api.telegram.org/bot8084223356:AAH0f9ib-iOJlt4xZWPH3r8GecTdVvjYcrE/getUpdates "HTTP/1.1 200 OK"
2025-04-28 00:44:05,849 - httpx - INFO - HTTP Request: POST https://api.telegram.org/bot8084223356:AAH0f9ib-iOJlt4xZWPH3r8GecTdVvjYcrE/getUpdates "HTTP/1.1 200 OK"
2025-04-28 00:44:15,892 - httpx - INFO - HTTP Request: POST https://api.telegram.org/bot8084223356:AAH0f9ib-iOJlt4xZWPH3r8GecTdVvjYcrE/getUpdates "HTTP/1.1 200 OK"
2025-04-28 00:44:25,935 - httpx - INFO - HTTP Request: POST https://api.telegram.org/bot8084223356:AAH0f9ib-iOJlt4xZWPH3r8GecTdVvjYcrE/getUpdates "HTTP/1.1 200 OK"
2025-04-28 00:44:35,977 - httpx - INFO - HTTP Request: POST https://api.telegram.org/bot8084223356:AAH0f9ib-iOJlt4xZWPH3r8GecTdVvjYcrE/getUpdates "HTTP/1.1 200 OK"
2025-04-28 00:44:46,021 - httpx - INFO - HTTP Request: POST https://api.telegram.org/bot8084223356:AAH0f9ib-iOJlt4xZWPH3r8GecTdVvjYcrE/getUpdates "HTTP/1.1 200 OK"
2025-04-28 00:44:56,064 - httpx - INFO - HTTP Request: POST https://api.telegram.org/bot8084223356:AAH0f9ib-iOJlt4xZWPH3r8GecTdVvjYcrE/getUpdates "HTTP/1.1 200 OK"
2025-04-28 00:45:06,115 - httpx - INFO - HTTP Request: POST https://api.telegram.org/bot8084223356:AAH0f9ib-iOJlt4xZWPH3r8GecTdVvjYcrE/getUpdates "HTTP/1.1 200 OK"
2025-04-28 00:45:16,162 - httpx - INFO - HTTP Request: POST https://api.telegram.org/bot8084223356:AAH0f9ib-iOJlt4xZWPH3r8GecTdVvjYcrE/getUpdates "HTTP/1.1 200 OK"
2025-04-28 00:45:26,211 - httpx - INFO - HTTP Request: POST https://api.telegram.org/bot8084223356:AAH0f9ib-iOJlt4xZWPH3r8GecTdVvjYcrE/getUpdates "HTTP/1.1 200 OK"
2025-04-28 00:45:36,254 - httpx - INFO - HTTP Request: POST https://api.telegram.org/bot8084223356:AAH0f9ib-iOJlt4xZWPH3r8GecTdVvjYcrE/getUpdates "HTTP/1.1 200 OK"
2025-04-28 00:45:46,294 - httpx - INFO - HTTP Request: POST https://api.telegram.org/bot8084223356:AAH0f9ib-iOJlt4xZWPH3r8GecTdVvjYcrE/getUpdates "HTTP/1.1 200 OK"
2025-04-28 00:46:23,742 - apscheduler.scheduler - INFO - Adding job tentatively -- it will be properly scheduled when the scheduler starts
2025-04-28 00:46:23,886 - httpx - INFO - HTTP Request: POST https://api.telegram.org/bot8084223356:AAH0f9ib-iOJlt4xZWPH3r8GecTdVvjYcrE/getMe "HTTP/1.1 200 OK"
2025-04-28 00:46:23,928 - httpx - INFO - HTTP Request: POST https://api.telegram.org/bot8084223356:AAH0f9ib-iOJlt4xZWPH3r8GecTdVvjYcrE/deleteWebhook "HTTP/1.1 200 OK"
2025-04-28 00:46:23,929 - apscheduler.scheduler - INFO - Added job "enviar_horoscopos_diarios" to job store "default"
2025-04-28 00:46:23,929 - apscheduler.scheduler - INFO - Scheduler started
2025-04-28 00:46:23,929 - telegram.ext.Application - INFO - Application started
2025-04-28 00:46:34,059 - httpx - INFO - HTTP Request: POST https://api.telegram.org/bot8084223356:AAH0f9ib-iOJlt4xZWPH3r8GecTdVvjYcrE/getUpdates "HTTP/1.1 200 OK"
2025-04-28 00:46:36,369 - httpx - INFO - HTTP Request: POST https://api.telegram.org/bot8084223356:AAH0f9ib-iOJlt4xZWPH3r8GecTdVvjYcrE/getUpdates "HTTP/1.1 200 OK"
2025-04-28 00:46:36,575 - httpx - INFO - HTTP Request: POST https://api.telegram.org/bot8084223356:AAH0f9ib-iOJlt4xZWPH3r8GecTdVvjYcrE/sendMessage "HTTP/1.1 200 OK"
2025-04-28 00:46:46,411 - httpx - INFO - HTTP Request: POST https://api.telegram.org/bot8084223356:AAH0f9ib-iOJlt4xZWPH3r8GecTdVvjYcrE/getUpdates "HTTP/1.1 200 OK"
2025-04-28 00:46:49,382 - httpx - INFO - HTTP Request: POST https://api.telegram.org/bot8084223356:AAH0f9ib-iOJlt4xZWPH3r8GecTdVvjYcrE/getUpdates "HTTP/1.1 200 OK"
2025-04-28 00:46:49,547 - httpx - INFO - HTTP Request: POST https://api.telegram.org/bot8084223356:AAH0f9ib-iOJlt4xZWPH3r8GecTdVvjYcrE/answerCallbackQuery "HTTP/1.1 200 OK"
2025-04-28 00:46:49,548 - __main__ - ERROR - Error: table usuarios has no column named consultas
Traceback (most recent call last):
  File "C:\Users\PC\AppData\Local\Programs\Python\Python313\Lib\site-packages\telegram\ext\_application.py", line 1298, in process_update
    await coroutine
  File "C:\Users\PC\AppData\Local\Programs\Python\Python313\Lib\site-packages\telegram\ext\_handlers\basehandler.py", line 158, in handle_update
    return await self.callback(update, context)
           ^^^^^^^^^^^^^^^^^^^^^^^^^^^^^^^^^^^^
  File "C:\mi-bot-horoscopo\bot.py", line 360, in handle_button
    db.guardar_usuario(query.from_user.id, signo)
    ~~~~~~~~~~~~~~~~~~^^^^^^^^^^^^^^^^^^^^^^^^^^^
  File "C:\mi-bot-horoscopo\bot.py", line 80, in guardar_usuario
    self.conn.execute('''INSERT OR REPLACE INTO usuarios
    ~~~~~~~~~~~~~~~~~^^^^^^^^^^^^^^^^^^^^^^^^^^^^^^^^^^^
                       (user_id, signo, fecha_registro, consultas)
                       ^^^^^^^^^^^^^^^^^^^^^^^^^^^^^^^^^^^^^^^^^^^
                       VALUES (?, ?, ?, COALESCE((SELECT consultas+1 FROM usuarios WHERE user_id=?), 1))''',
                       ^^^^^^^^^^^^^^^^^^^^^^^^^^^^^^^^^^^^^^^^^^^^^^^^^^^^^^^^^^^^^^^^^^^^^^^^^^^^^^^^^^^^^
                       (user_id, signo, datetime.now(), user_id))
                       ^^^^^^^^^^^^^^^^^^^^^^^^^^^^^^^^^^^^^^^^^^
sqlite3.OperationalError: table usuarios has no column named consultas
2025-04-28 00:46:49,617 - httpx - INFO - HTTP Request: POST https://api.telegram.org/bot8084223356:AAH0f9ib-iOJlt4xZWPH3r8GecTdVvjYcrE/sendMessage "HTTP/1.1 200 OK"
2025-04-28 00:46:53,068 - httpx - INFO - HTTP Request: POST https://api.telegram.org/bot8084223356:AAH0f9ib-iOJlt4xZWPH3r8GecTdVvjYcrE/getUpdates "HTTP/1.1 200 OK"
2025-04-28 00:46:53,180 - httpx - INFO - HTTP Request: POST https://api.telegram.org/bot8084223356:AAH0f9ib-iOJlt4xZWPH3r8GecTdVvjYcrE/answerCallbackQuery "HTTP/1.1 200 OK"
2025-04-28 00:46:53,181 - __main__ - ERROR - Error: table usuarios has no column named consultas
Traceback (most recent call last):
  File "C:\Users\PC\AppData\Local\Programs\Python\Python313\Lib\site-packages\telegram\ext\_application.py", line 1298, in process_update
    await coroutine
  File "C:\Users\PC\AppData\Local\Programs\Python\Python313\Lib\site-packages\telegram\ext\_handlers\basehandler.py", line 158, in handle_update
    return await self.callback(update, context)
           ^^^^^^^^^^^^^^^^^^^^^^^^^^^^^^^^^^^^
  File "C:\mi-bot-horoscopo\bot.py", line 360, in handle_button
    db.guardar_usuario(query.from_user.id, signo)
    ~~~~~~~~~~~~~~~~~~^^^^^^^^^^^^^^^^^^^^^^^^^^^
  File "C:\mi-bot-horoscopo\bot.py", line 80, in guardar_usuario
    self.conn.execute('''INSERT OR REPLACE INTO usuarios
    ~~~~~~~~~~~~~~~~~^^^^^^^^^^^^^^^^^^^^^^^^^^^^^^^^^^^
                       (user_id, signo, fecha_registro, consultas)
                       ^^^^^^^^^^^^^^^^^^^^^^^^^^^^^^^^^^^^^^^^^^^
                       VALUES (?, ?, ?, COALESCE((SELECT consultas+1 FROM usuarios WHERE user_id=?), 1))''',
                       ^^^^^^^^^^^^^^^^^^^^^^^^^^^^^^^^^^^^^^^^^^^^^^^^^^^^^^^^^^^^^^^^^^^^^^^^^^^^^^^^^^^^^
                       (user_id, signo, datetime.now(), user_id))
                       ^^^^^^^^^^^^^^^^^^^^^^^^^^^^^^^^^^^^^^^^^^
sqlite3.OperationalError: table usuarios has no column named consultas
2025-04-28 00:46:53,287 - httpx - INFO - HTTP Request: POST https://api.telegram.org/bot8084223356:AAH0f9ib-iOJlt4xZWPH3r8GecTdVvjYcrE/sendMessage "HTTP/1.1 200 OK"
2025-04-28 00:46:54,868 - httpx - INFO - HTTP Request: POST https://api.telegram.org/bot8084223356:AAH0f9ib-iOJlt4xZWPH3r8GecTdVvjYcrE/getUpdates "HTTP/1.1 200 OK"
2025-04-28 00:46:54,932 - httpx - INFO - HTTP Request: POST https://api.telegram.org/bot8084223356:AAH0f9ib-iOJlt4xZWPH3r8GecTdVvjYcrE/sendMessage "HTTP/1.1 200 OK"
2025-04-28 00:46:57,362 - httpx - INFO - HTTP Request: POST https://api.telegram.org/bot8084223356:AAH0f9ib-iOJlt4xZWPH3r8GecTdVvjYcrE/getUpdates "HTTP/1.1 200 OK"
2025-04-28 00:46:57,429 - httpx - INFO - HTTP Request: POST https://api.telegram.org/bot8084223356:AAH0f9ib-iOJlt4xZWPH3r8GecTdVvjYcrE/sendMessage "HTTP/1.1 200 OK"
2025-04-28 00:47:07,407 - httpx - INFO - HTTP Request: POST https://api.telegram.org/bot8084223356:AAH0f9ib-iOJlt4xZWPH3r8GecTdVvjYcrE/getUpdates "HTTP/1.1 200 OK"
2025-04-28 00:47:17,449 - httpx - INFO - HTTP Request: POST https://api.telegram.org/bot8084223356:AAH0f9ib-iOJlt4xZWPH3r8GecTdVvjYcrE/getUpdates "HTTP/1.1 200 OK"
2025-04-28 00:47:27,490 - httpx - INFO - HTTP Request: POST https://api.telegram.org/bot8084223356:AAH0f9ib-iOJlt4xZWPH3r8GecTdVvjYcrE/getUpdates "HTTP/1.1 200 OK"
2025-04-28 00:47:37,534 - httpx - INFO - HTTP Request: POST https://api.telegram.org/bot8084223356:AAH0f9ib-iOJlt4xZWPH3r8GecTdVvjYcrE/getUpdates "HTTP/1.1 200 OK"
2025-04-28 00:47:47,574 - httpx - INFO - HTTP Request: POST https://api.telegram.org/bot8084223356:AAH0f9ib-iOJlt4xZWPH3r8GecTdVvjYcrE/getUpdates "HTTP/1.1 200 OK"
2025-04-28 00:47:57,681 - httpx - INFO - HTTP Request: POST https://api.telegram.org/bot8084223356:AAH0f9ib-iOJlt4xZWPH3r8GecTdVvjYcrE/getUpdates "HTTP/1.1 200 OK"
2025-04-28 00:48:07,725 - httpx - INFO - HTTP Request: POST https://api.telegram.org/bot8084223356:AAH0f9ib-iOJlt4xZWPH3r8GecTdVvjYcrE/getUpdates "HTTP/1.1 200 OK"
2025-04-28 00:48:17,765 - httpx - INFO - HTTP Request: POST https://api.telegram.org/bot8084223356:AAH0f9ib-iOJlt4xZWPH3r8GecTdVvjYcrE/getUpdates "HTTP/1.1 200 OK"
2025-04-28 00:48:27,808 - httpx - INFO - HTTP Request: POST https://api.telegram.org/bot8084223356:AAH0f9ib-iOJlt4xZWPH3r8GecTdVvjYcrE/getUpdates "HTTP/1.1 200 OK"
2025-04-28 00:48:37,856 - httpx - INFO - HTTP Request: POST https://api.telegram.org/bot8084223356:AAH0f9ib-iOJlt4xZWPH3r8GecTdVvjYcrE/getUpdates "HTTP/1.1 200 OK"
2025-04-28 00:48:47,898 - httpx - INFO - HTTP Request: POST https://api.telegram.org/bot8084223356:AAH0f9ib-iOJlt4xZWPH3r8GecTdVvjYcrE/getUpdates "HTTP/1.1 200 OK"
2025-04-28 00:48:57,948 - httpx - INFO - HTTP Request: POST https://api.telegram.org/bot8084223356:AAH0f9ib-iOJlt4xZWPH3r8GecTdVvjYcrE/getUpdates "HTTP/1.1 200 OK"
2025-04-28 00:49:07,995 - httpx - INFO - HTTP Request: POST https://api.telegram.org/bot8084223356:AAH0f9ib-iOJlt4xZWPH3r8GecTdVvjYcrE/getUpdates "HTTP/1.1 200 OK"
2025-04-28 00:49:18,035 - httpx - INFO - HTTP Request: POST https://api.telegram.org/bot8084223356:AAH0f9ib-iOJlt4xZWPH3r8GecTdVvjYcrE/getUpdates "HTTP/1.1 200 OK"
2025-04-28 00:49:28,083 - httpx - INFO - HTTP Request: POST https://api.telegram.org/bot8084223356:AAH0f9ib-iOJlt4xZWPH3r8GecTdVvjYcrE/getUpdates "HTTP/1.1 200 OK"
2025-04-28 00:49:38,128 - httpx - INFO - HTTP Request: POST https://api.telegram.org/bot8084223356:AAH0f9ib-iOJlt4xZWPH3r8GecTdVvjYcrE/getUpdates "HTTP/1.1 200 OK"
2025-04-28 00:49:48,169 - httpx - INFO - HTTP Request: POST https://api.telegram.org/bot8084223356:AAH0f9ib-iOJlt4xZWPH3r8GecTdVvjYcrE/getUpdates "HTTP/1.1 200 OK"
2025-04-28 00:49:58,209 - httpx - INFO - HTTP Request: POST https://api.telegram.org/bot8084223356:AAH0f9ib-iOJlt4xZWPH3r8GecTdVvjYcrE/getUpdates "HTTP/1.1 200 OK"
2025-04-28 00:50:08,259 - httpx - INFO - HTTP Request: POST https://api.telegram.org/bot8084223356:AAH0f9ib-iOJlt4xZWPH3r8GecTdVvjYcrE/getUpdates "HTTP/1.1 200 OK"
2025-04-28 00:50:18,302 - httpx - INFO - HTTP Request: POST https://api.telegram.org/bot8084223356:AAH0f9ib-iOJlt4xZWPH3r8GecTdVvjYcrE/getUpdates "HTTP/1.1 200 OK"
2025-04-28 00:50:28,343 - httpx - INFO - HTTP Request: POST https://api.telegram.org/bot8084223356:AAH0f9ib-iOJlt4xZWPH3r8GecTdVvjYcrE/getUpdates "HTTP/1.1 200 OK"
2025-04-28 00:50:38,383 - httpx - INFO - HTTP Request: POST https://api.telegram.org/bot8084223356:AAH0f9ib-iOJlt4xZWPH3r8GecTdVvjYcrE/getUpdates "HTTP/1.1 200 OK"
2025-04-28 00:50:48,427 - httpx - INFO - HTTP Request: POST https://api.telegram.org/bot8084223356:AAH0f9ib-iOJlt4xZWPH3r8GecTdVvjYcrE/getUpdates "HTTP/1.1 200 OK"
2025-04-28 00:50:58,470 - httpx - INFO - HTTP Request: POST https://api.telegram.org/bot8084223356:AAH0f9ib-iOJlt4xZWPH3r8GecTdVvjYcrE/getUpdates "HTTP/1.1 200 OK"
2025-04-28 00:51:08,515 - httpx - INFO - HTTP Request: POST https://api.telegram.org/bot8084223356:AAH0f9ib-iOJlt4xZWPH3r8GecTdVvjYcrE/getUpdates "HTTP/1.1 200 OK"
2025-04-28 00:52:02,808 - apscheduler.scheduler - INFO - Adding job tentatively -- it will be properly scheduled when the scheduler starts
2025-04-28 00:52:02,969 - httpx - INFO - HTTP Request: POST https://api.telegram.org/bot8084223356:AAH0f9ib-iOJlt4xZWPH3r8GecTdVvjYcrE/getMe "HTTP/1.1 200 OK"
2025-04-28 00:52:03,014 - httpx - INFO - HTTP Request: POST https://api.telegram.org/bot8084223356:AAH0f9ib-iOJlt4xZWPH3r8GecTdVvjYcrE/deleteWebhook "HTTP/1.1 200 OK"
2025-04-28 00:52:03,017 - apscheduler.scheduler - INFO - Added job "enviar_horoscopos_diarios" to job store "default"
2025-04-28 00:52:03,017 - apscheduler.scheduler - INFO - Scheduler started
2025-04-28 00:52:03,017 - telegram.ext.Application - INFO - Application started
2025-04-28 00:52:13,165 - httpx - INFO - HTTP Request: POST https://api.telegram.org/bot8084223356:AAH0f9ib-iOJlt4xZWPH3r8GecTdVvjYcrE/getUpdates "HTTP/1.1 200 OK"
2025-04-28 00:52:17,808 - httpx - INFO - HTTP Request: POST https://api.telegram.org/bot8084223356:AAH0f9ib-iOJlt4xZWPH3r8GecTdVvjYcrE/getUpdates "HTTP/1.1 200 OK"
2025-04-28 00:52:17,944 - httpx - INFO - HTTP Request: POST https://api.telegram.org/bot8084223356:AAH0f9ib-iOJlt4xZWPH3r8GecTdVvjYcrE/sendMessage "HTTP/1.1 400 Bad Request"
2025-04-28 00:52:17,945 - telegram.ext.Application - ERROR - No error handlers are registered, logging exception.
Traceback (most recent call last):
  File "C:\Users\PC\AppData\Local\Programs\Python\Python313\Lib\site-packages\telegram\ext\_application.py", line 1298, in process_update
    await coroutine
  File "C:\Users\PC\AppData\Local\Programs\Python\Python313\Lib\site-packages\telegram\ext\_handlers\basehandler.py", line 158, in handle_update
    return await self.callback(update, context)
           ^^^^^^^^^^^^^^^^^^^^^^^^^^^^^^^^^^^^
  File "C:\mi-bot-horoscopo\bot.py", line 171, in start
    await update.message.reply_text(
    ...<4 lines>...
    )
  File "C:\Users\PC\AppData\Local\Programs\Python\Python313\Lib\site-packages\telegram\_message.py", line 1775, in reply_text
    return await self.get_bot().send_message(
           ^^^^^^^^^^^^^^^^^^^^^^^^^^^^^^^^^^
    ...<20 lines>...
    )
    ^
  File "C:\Users\PC\AppData\Local\Programs\Python\Python313\Lib\site-packages\telegram\ext\_extbot.py", line 2977, in send_message
    return await super().send_message(
           ^^^^^^^^^^^^^^^^^^^^^^^^^^^
    ...<21 lines>...
    )
    ^
  File "C:\Users\PC\AppData\Local\Programs\Python\Python313\Lib\site-packages\telegram\_bot.py", line 1091, in send_message
    return await self._send_message(
           ^^^^^^^^^^^^^^^^^^^^^^^^^
    ...<19 lines>...
    )
    ^
  File "C:\Users\PC\AppData\Local\Programs\Python\Python313\Lib\site-packages\telegram\ext\_extbot.py", line 618, in _send_message
    result = await super()._send_message(
             ^^^^^^^^^^^^^^^^^^^^^^^^^^^^
    ...<21 lines>...
    )
    ^
  File "C:\Users\PC\AppData\Local\Programs\Python\Python313\Lib\site-packages\telegram\_bot.py", line 803, in _send_message
    result = await self._post(
             ^^^^^^^^^^^^^^^^^
    ...<7 lines>...
    )
    ^
  File "C:\Users\PC\AppData\Local\Programs\Python\Python313\Lib\site-packages\telegram\_bot.py", line 691, in _post
    return await self._do_post(
           ^^^^^^^^^^^^^^^^^^^^
    ...<6 lines>...
    )
    ^
  File "C:\Users\PC\AppData\Local\Programs\Python\Python313\Lib\site-packages\telegram\ext\_extbot.py", line 362, in _do_post
    return await super()._do_post(
           ^^^^^^^^^^^^^^^^^^^^^^^
    ...<6 lines>...
    )
    ^
  File "C:\Users\PC\AppData\Local\Programs\Python\Python313\Lib\site-packages\telegram\_bot.py", line 720, in _do_post
    result = await request.post(
             ^^^^^^^^^^^^^^^^^^^
    ...<6 lines>...
    )
    ^
  File "C:\Users\PC\AppData\Local\Programs\Python\Python313\Lib\site-packages\telegram\request\_baserequest.py", line 197, in post
    result = await self._request_wrapper(
             ^^^^^^^^^^^^^^^^^^^^^^^^^^^^
    ...<7 lines>...
    )
    ^
  File "C:\Users\PC\AppData\Local\Programs\Python\Python313\Lib\site-packages\telegram\request\_baserequest.py", line 353, in _request_wrapper
    raise BadRequest(message)
telegram.error.BadRequest: Can't parse entities: character '.' is reserved and must be escaped with the preceding '\'
2025-04-28 00:52:27,862 - httpx - INFO - HTTP Request: POST https://api.telegram.org/bot8084223356:AAH0f9ib-iOJlt4xZWPH3r8GecTdVvjYcrE/getUpdates "HTTP/1.1 200 OK"
2025-04-28 00:52:37,914 - httpx - INFO - HTTP Request: POST https://api.telegram.org/bot8084223356:AAH0f9ib-iOJlt4xZWPH3r8GecTdVvjYcrE/getUpdates "HTTP/1.1 200 OK"
2025-04-28 00:52:47,969 - httpx - INFO - HTTP Request: POST https://api.telegram.org/bot8084223356:AAH0f9ib-iOJlt4xZWPH3r8GecTdVvjYcrE/getUpdates "HTTP/1.1 200 OK"
2025-04-28 01:46:59,664 - apscheduler.scheduler - INFO - Adding job tentatively -- it will be properly scheduled when the scheduler starts
2025-04-28 01:46:59,665 - __main__ - INFO - Iniciando bot...
2025-04-28 01:46:59,817 - httpx - INFO - HTTP Request: POST https://api.telegram.org/bot8084223356:AAH0f9ib-iOJlt4xZWPH3r8GecTdVvjYcrE/getMe "HTTP/1.1 200 OK"
2025-04-28 01:46:59,862 - httpx - INFO - HTTP Request: POST https://api.telegram.org/bot8084223356:AAH0f9ib-iOJlt4xZWPH3r8GecTdVvjYcrE/deleteWebhook "HTTP/1.1 200 OK"
2025-04-28 01:46:59,865 - apscheduler.scheduler - INFO - Added job "envio_diario_horoscopos" to job store "default"
2025-04-28 01:46:59,865 - apscheduler.scheduler - INFO - Scheduler started
2025-04-28 01:46:59,866 - telegram.ext.Application - INFO - Application started
2025-04-28 01:47:10,005 - httpx - INFO - HTTP Request: POST https://api.telegram.org/bot8084223356:AAH0f9ib-iOJlt4xZWPH3r8GecTdVvjYcrE/getUpdates "HTTP/1.1 200 OK"
2025-04-28 01:47:14,584 - httpx - INFO - HTTP Request: POST https://api.telegram.org/bot8084223356:AAH0f9ib-iOJlt4xZWPH3r8GecTdVvjYcrE/getUpdates "HTTP/1.1 200 OK"
2025-04-28 01:47:14,767 - httpx - INFO - HTTP Request: POST https://api.telegram.org/bot8084223356:AAH0f9ib-iOJlt4xZWPH3r8GecTdVvjYcrE/answerCallbackQuery "HTTP/1.1 200 OK"
2025-04-28 01:47:14,826 - httpx - INFO - HTTP Request: POST https://api.telegram.org/bot8084223356:AAH0f9ib-iOJlt4xZWPH3r8GecTdVvjYcrE/answerCallbackQuery "HTTP/1.1 200 OK"
2025-04-28 01:47:14,870 - httpx - INFO - HTTP Request: POST https://api.telegram.org/bot8084223356:AAH0f9ib-iOJlt4xZWPH3r8GecTdVvjYcrE/editMessageText "HTTP/1.1 400 Bad Request"
2025-04-28 01:47:14,871 - __main__ - ERROR - Error en start: Can't parse entities: character '.' is reserved and must be escaped with the preceding '\'
2025-04-28 01:47:14,922 - httpx - INFO - HTTP Request: POST https://api.telegram.org/bot8084223356:AAH0f9ib-iOJlt4xZWPH3r8GecTdVvjYcrE/answerCallbackQuery "HTTP/1.1 200 OK"
2025-04-28 01:47:14,979 - httpx - INFO - HTTP Request: POST https://api.telegram.org/bot8084223356:AAH0f9ib-iOJlt4xZWPH3r8GecTdVvjYcrE/editMessageText "HTTP/1.1 200 OK"
2025-04-28 01:47:21,772 - httpx - INFO - HTTP Request: POST https://api.telegram.org/bot8084223356:AAH0f9ib-iOJlt4xZWPH3r8GecTdVvjYcrE/getUpdates "HTTP/1.1 200 OK"
2025-04-28 01:47:22,017 - httpx - INFO - HTTP Request: POST https://api.telegram.org/bot8084223356:AAH0f9ib-iOJlt4xZWPH3r8GecTdVvjYcrE/sendMessage "HTTP/1.1 400 Bad Request"
2025-04-28 01:47:22,018 - __main__ - ERROR - Error en start: Can't parse entities: character '.' is reserved and must be escaped with the preceding '\'
2025-04-28 01:47:22,080 - httpx - INFO - HTTP Request: POST https://api.telegram.org/bot8084223356:AAH0f9ib-iOJlt4xZWPH3r8GecTdVvjYcrE/sendMessage "HTTP/1.1 200 OK"
2025-04-28 01:47:31,821 - httpx - INFO - HTTP Request: POST https://api.telegram.org/bot8084223356:AAH0f9ib-iOJlt4xZWPH3r8GecTdVvjYcrE/getUpdates "HTTP/1.1 200 OK"
2025-04-28 01:47:35,662 - httpx - INFO - HTTP Request: POST https://api.telegram.org/bot8084223356:AAH0f9ib-iOJlt4xZWPH3r8GecTdVvjYcrE/getUpdates "HTTP/1.1 200 OK"
2025-04-28 01:47:35,796 - httpx - INFO - HTTP Request: POST https://api.telegram.org/bot8084223356:AAH0f9ib-iOJlt4xZWPH3r8GecTdVvjYcrE/answerCallbackQuery "HTTP/1.1 200 OK"
2025-04-28 01:47:35,855 - httpx - INFO - HTTP Request: POST https://api.telegram.org/bot8084223356:AAH0f9ib-iOJlt4xZWPH3r8GecTdVvjYcrE/editMessageText "HTTP/1.1 200 OK"
2025-04-28 01:47:37,019 - __main__ - WARNING - No se pudo extraer texto válido para libra
2025-04-28 01:47:39,162 - __main__ - WARNING - No se pudo extraer texto válido para libra
2025-04-28 01:47:41,329 - __main__ - WARNING - No se pudo extraer texto válido para libra
2025-04-28 01:47:41,329 - __main__ - ERROR - Error al enviar predicción: No se pudo obtener la predicción
2025-04-28 01:47:41,475 - httpx - INFO - HTTP Request: POST https://api.telegram.org/bot8084223356:AAH0f9ib-iOJlt4xZWPH3r8GecTdVvjYcrE/editMessageText "HTTP/1.1 200 OK"
2025-04-28 01:47:45,702 - httpx - INFO - HTTP Request: POST https://api.telegram.org/bot8084223356:AAH0f9ib-iOJlt4xZWPH3r8GecTdVvjYcrE/getUpdates "HTTP/1.1 200 OK"
2025-04-28 01:47:55,743 - httpx - INFO - HTTP Request: POST https://api.telegram.org/bot8084223356:AAH0f9ib-iOJlt4xZWPH3r8GecTdVvjYcrE/getUpdates "HTTP/1.1 200 OK"
2025-04-28 01:48:05,784 - httpx - INFO - HTTP Request: POST https://api.telegram.org/bot8084223356:AAH0f9ib-iOJlt4xZWPH3r8GecTdVvjYcrE/getUpdates "HTTP/1.1 200 OK"
2025-04-28 01:48:15,826 - httpx - INFO - HTTP Request: POST https://api.telegram.org/bot8084223356:AAH0f9ib-iOJlt4xZWPH3r8GecTdVvjYcrE/getUpdates "HTTP/1.1 200 OK"
2025-04-28 01:48:25,869 - httpx - INFO - HTTP Request: POST https://api.telegram.org/bot8084223356:AAH0f9ib-iOJlt4xZWPH3r8GecTdVvjYcrE/getUpdates "HTTP/1.1 200 OK"
2025-04-28 01:48:36,019 - httpx - INFO - HTTP Request: POST https://api.telegram.org/bot8084223356:AAH0f9ib-iOJlt4xZWPH3r8GecTdVvjYcrE/getUpdates "HTTP/1.1 200 OK"
2025-04-28 01:48:46,087 - httpx - INFO - HTTP Request: POST https://api.telegram.org/bot8084223356:AAH0f9ib-iOJlt4xZWPH3r8GecTdVvjYcrE/getUpdates "HTTP/1.1 200 OK"
2025-04-28 01:48:56,143 - httpx - INFO - HTTP Request: POST https://api.telegram.org/bot8084223356:AAH0f9ib-iOJlt4xZWPH3r8GecTdVvjYcrE/getUpdates "HTTP/1.1 200 OK"
2025-04-28 01:49:03,107 - httpx - INFO - HTTP Request: POST https://api.telegram.org/bot8084223356:AAH0f9ib-iOJlt4xZWPH3r8GecTdVvjYcrE/getUpdates "HTTP/1.1 200 OK"
2025-04-28 01:49:03,283 - httpx - INFO - HTTP Request: POST https://api.telegram.org/bot8084223356:AAH0f9ib-iOJlt4xZWPH3r8GecTdVvjYcrE/sendMessage "HTTP/1.1 400 Bad Request"
2025-04-28 01:49:03,285 - __main__ - ERROR - Error en start: Can't parse entities: character '.' is reserved and must be escaped with the preceding '\'
2025-04-28 01:49:03,345 - httpx - INFO - HTTP Request: POST https://api.telegram.org/bot8084223356:AAH0f9ib-iOJlt4xZWPH3r8GecTdVvjYcrE/sendMessage "HTTP/1.1 200 OK"
2025-04-28 01:49:13,148 - httpx - INFO - HTTP Request: POST https://api.telegram.org/bot8084223356:AAH0f9ib-iOJlt4xZWPH3r8GecTdVvjYcrE/getUpdates "HTTP/1.1 200 OK"
2025-04-28 01:49:14,476 - httpx - INFO - HTTP Request: POST https://api.telegram.org/bot8084223356:AAH0f9ib-iOJlt4xZWPH3r8GecTdVvjYcrE/getUpdates "HTTP/1.1 200 OK"
2025-04-28 01:49:14,604 - httpx - INFO - HTTP Request: POST https://api.telegram.org/bot8084223356:AAH0f9ib-iOJlt4xZWPH3r8GecTdVvjYcrE/answerCallbackQuery "HTTP/1.1 200 OK"
2025-04-28 01:49:14,656 - httpx - INFO - HTTP Request: POST https://api.telegram.org/bot8084223356:AAH0f9ib-iOJlt4xZWPH3r8GecTdVvjYcrE/editMessageText "HTTP/1.1 200 OK"
2025-04-28 01:49:15,952 - __main__ - WARNING - No se pudo extraer texto válido para cancer
2025-04-28 01:49:18,093 - __main__ - WARNING - No se pudo extraer texto válido para cancer
2025-04-28 01:49:20,271 - __main__ - WARNING - No se pudo extraer texto válido para cancer
2025-04-28 01:49:20,271 - __main__ - ERROR - Error al enviar predicción: No se pudo obtener la predicción
2025-04-28 01:49:20,548 - httpx - INFO - HTTP Request: POST https://api.telegram.org/bot8084223356:AAH0f9ib-iOJlt4xZWPH3r8GecTdVvjYcrE/editMessageText "HTTP/1.1 200 OK"
2025-04-28 01:49:24,518 - httpx - INFO - HTTP Request: POST https://api.telegram.org/bot8084223356:AAH0f9ib-iOJlt4xZWPH3r8GecTdVvjYcrE/getUpdates "HTTP/1.1 200 OK"
2025-04-28 01:49:34,561 - httpx - INFO - HTTP Request: POST https://api.telegram.org/bot8084223356:AAH0f9ib-iOJlt4xZWPH3r8GecTdVvjYcrE/getUpdates "HTTP/1.1 200 OK"
2025-04-28 01:49:44,606 - httpx - INFO - HTTP Request: POST https://api.telegram.org/bot8084223356:AAH0f9ib-iOJlt4xZWPH3r8GecTdVvjYcrE/getUpdates "HTTP/1.1 200 OK"
2025-04-28 01:49:54,655 - httpx - INFO - HTTP Request: POST https://api.telegram.org/bot8084223356:AAH0f9ib-iOJlt4xZWPH3r8GecTdVvjYcrE/getUpdates "HTTP/1.1 200 OK"
2025-04-28 01:50:04,698 - httpx - INFO - HTTP Request: POST https://api.telegram.org/bot8084223356:AAH0f9ib-iOJlt4xZWPH3r8GecTdVvjYcrE/getUpdates "HTTP/1.1 200 OK"
2025-04-28 01:50:14,740 - httpx - INFO - HTTP Request: POST https://api.telegram.org/bot8084223356:AAH0f9ib-iOJlt4xZWPH3r8GecTdVvjYcrE/getUpdates "HTTP/1.1 200 OK"
2025-04-28 01:50:24,788 - httpx - INFO - HTTP Request: POST https://api.telegram.org/bot8084223356:AAH0f9ib-iOJlt4xZWPH3r8GecTdVvjYcrE/getUpdates "HTTP/1.1 200 OK"
2025-04-28 01:50:34,838 - httpx - INFO - HTTP Request: POST https://api.telegram.org/bot8084223356:AAH0f9ib-iOJlt4xZWPH3r8GecTdVvjYcrE/getUpdates "HTTP/1.1 200 OK"
2025-04-28 01:50:44,883 - httpx - INFO - HTTP Request: POST https://api.telegram.org/bot8084223356:AAH0f9ib-iOJlt4xZWPH3r8GecTdVvjYcrE/getUpdates "HTTP/1.1 200 OK"
2025-04-28 01:50:54,928 - httpx - INFO - HTTP Request: POST https://api.telegram.org/bot8084223356:AAH0f9ib-iOJlt4xZWPH3r8GecTdVvjYcrE/getUpdates "HTTP/1.1 200 OK"
2025-04-28 01:51:04,970 - httpx - INFO - HTTP Request: POST https://api.telegram.org/bot8084223356:AAH0f9ib-iOJlt4xZWPH3r8GecTdVvjYcrE/getUpdates "HTTP/1.1 200 OK"
2025-04-28 01:51:15,034 - httpx - INFO - HTTP Request: POST https://api.telegram.org/bot8084223356:AAH0f9ib-iOJlt4xZWPH3r8GecTdVvjYcrE/getUpdates "HTTP/1.1 200 OK"
2025-04-28 01:51:25,073 - httpx - INFO - HTTP Request: POST https://api.telegram.org/bot8084223356:AAH0f9ib-iOJlt4xZWPH3r8GecTdVvjYcrE/getUpdates "HTTP/1.1 200 OK"
2025-04-28 01:51:35,122 - httpx - INFO - HTTP Request: POST https://api.telegram.org/bot8084223356:AAH0f9ib-iOJlt4xZWPH3r8GecTdVvjYcrE/getUpdates "HTTP/1.1 200 OK"
2025-04-28 01:51:45,163 - httpx - INFO - HTTP Request: POST https://api.telegram.org/bot8084223356:AAH0f9ib-iOJlt4xZWPH3r8GecTdVvjYcrE/getUpdates "HTTP/1.1 200 OK"
2025-04-28 01:51:55,206 - httpx - INFO - HTTP Request: POST https://api.telegram.org/bot8084223356:AAH0f9ib-iOJlt4xZWPH3r8GecTdVvjYcrE/getUpdates "HTTP/1.1 200 OK"
2025-04-28 01:52:05,247 - httpx - INFO - HTTP Request: POST https://api.telegram.org/bot8084223356:AAH0f9ib-iOJlt4xZWPH3r8GecTdVvjYcrE/getUpdates "HTTP/1.1 200 OK"
2025-04-28 01:52:15,289 - httpx - INFO - HTTP Request: POST https://api.telegram.org/bot8084223356:AAH0f9ib-iOJlt4xZWPH3r8GecTdVvjYcrE/getUpdates "HTTP/1.1 200 OK"
2025-04-28 01:52:25,330 - httpx - INFO - HTTP Request: POST https://api.telegram.org/bot8084223356:AAH0f9ib-iOJlt4xZWPH3r8GecTdVvjYcrE/getUpdates "HTTP/1.1 200 OK"
2025-04-28 01:52:35,371 - httpx - INFO - HTTP Request: POST https://api.telegram.org/bot8084223356:AAH0f9ib-iOJlt4xZWPH3r8GecTdVvjYcrE/getUpdates "HTTP/1.1 200 OK"
2025-04-28 01:52:45,427 - httpx - INFO - HTTP Request: POST https://api.telegram.org/bot8084223356:AAH0f9ib-iOJlt4xZWPH3r8GecTdVvjYcrE/getUpdates "HTTP/1.1 200 OK"
2025-04-28 01:52:55,469 - httpx - INFO - HTTP Request: POST https://api.telegram.org/bot8084223356:AAH0f9ib-iOJlt4xZWPH3r8GecTdVvjYcrE/getUpdates "HTTP/1.1 200 OK"
2025-04-28 01:53:05,508 - httpx - INFO - HTTP Request: POST https://api.telegram.org/bot8084223356:AAH0f9ib-iOJlt4xZWPH3r8GecTdVvjYcrE/getUpdates "HTTP/1.1 200 OK"
2025-04-28 01:53:15,550 - httpx - INFO - HTTP Request: POST https://api.telegram.org/bot8084223356:AAH0f9ib-iOJlt4xZWPH3r8GecTdVvjYcrE/getUpdates "HTTP/1.1 200 OK"
2025-04-28 01:53:25,603 - httpx - INFO - HTTP Request: POST https://api.telegram.org/bot8084223356:AAH0f9ib-iOJlt4xZWPH3r8GecTdVvjYcrE/getUpdates "HTTP/1.1 200 OK"
2025-04-28 01:53:35,642 - httpx - INFO - HTTP Request: POST https://api.telegram.org/bot8084223356:AAH0f9ib-iOJlt4xZWPH3r8GecTdVvjYcrE/getUpdates "HTTP/1.1 200 OK"
2025-04-28 01:53:45,683 - httpx - INFO - HTTP Request: POST https://api.telegram.org/bot8084223356:AAH0f9ib-iOJlt4xZWPH3r8GecTdVvjYcrE/getUpdates "HTTP/1.1 200 OK"
2025-04-28 01:53:55,734 - httpx - INFO - HTTP Request: POST https://api.telegram.org/bot8084223356:AAH0f9ib-iOJlt4xZWPH3r8GecTdVvjYcrE/getUpdates "HTTP/1.1 200 OK"
2025-04-28 01:54:05,777 - httpx - INFO - HTTP Request: POST https://api.telegram.org/bot8084223356:AAH0f9ib-iOJlt4xZWPH3r8GecTdVvjYcrE/getUpdates "HTTP/1.1 200 OK"
2025-04-28 01:54:15,819 - httpx - INFO - HTTP Request: POST https://api.telegram.org/bot8084223356:AAH0f9ib-iOJlt4xZWPH3r8GecTdVvjYcrE/getUpdates "HTTP/1.1 200 OK"
2025-04-28 01:54:25,865 - httpx - INFO - HTTP Request: POST https://api.telegram.org/bot8084223356:AAH0f9ib-iOJlt4xZWPH3r8GecTdVvjYcrE/getUpdates "HTTP/1.1 200 OK"
2025-04-28 01:54:35,905 - httpx - INFO - HTTP Request: POST https://api.telegram.org/bot8084223356:AAH0f9ib-iOJlt4xZWPH3r8GecTdVvjYcrE/getUpdates "HTTP/1.1 200 OK"
2025-04-28 01:54:45,946 - httpx - INFO - HTTP Request: POST https://api.telegram.org/bot8084223356:AAH0f9ib-iOJlt4xZWPH3r8GecTdVvjYcrE/getUpdates "HTTP/1.1 200 OK"
2025-04-28 01:54:55,986 - httpx - INFO - HTTP Request: POST https://api.telegram.org/bot8084223356:AAH0f9ib-iOJlt4xZWPH3r8GecTdVvjYcrE/getUpdates "HTTP/1.1 200 OK"
2025-04-28 01:55:06,029 - httpx - INFO - HTTP Request: POST https://api.telegram.org/bot8084223356:AAH0f9ib-iOJlt4xZWPH3r8GecTdVvjYcrE/getUpdates "HTTP/1.1 200 OK"
2025-04-28 01:55:16,073 - httpx - INFO - HTTP Request: POST https://api.telegram.org/bot8084223356:AAH0f9ib-iOJlt4xZWPH3r8GecTdVvjYcrE/getUpdates "HTTP/1.1 200 OK"
2025-04-28 01:55:26,113 - httpx - INFO - HTTP Request: POST https://api.telegram.org/bot8084223356:AAH0f9ib-iOJlt4xZWPH3r8GecTdVvjYcrE/getUpdates "HTTP/1.1 200 OK"
2025-04-28 01:55:36,152 - httpx - INFO - HTTP Request: POST https://api.telegram.org/bot8084223356:AAH0f9ib-iOJlt4xZWPH3r8GecTdVvjYcrE/getUpdates "HTTP/1.1 200 OK"
2025-04-28 01:55:46,193 - httpx - INFO - HTTP Request: POST https://api.telegram.org/bot8084223356:AAH0f9ib-iOJlt4xZWPH3r8GecTdVvjYcrE/getUpdates "HTTP/1.1 200 OK"
2025-04-28 01:55:56,238 - httpx - INFO - HTTP Request: POST https://api.telegram.org/bot8084223356:AAH0f9ib-iOJlt4xZWPH3r8GecTdVvjYcrE/getUpdates "HTTP/1.1 200 OK"
2025-04-28 01:56:06,276 - httpx - INFO - HTTP Request: POST https://api.telegram.org/bot8084223356:AAH0f9ib-iOJlt4xZWPH3r8GecTdVvjYcrE/getUpdates "HTTP/1.1 200 OK"
2025-04-28 01:56:16,315 - httpx - INFO - HTTP Request: POST https://api.telegram.org/bot8084223356:AAH0f9ib-iOJlt4xZWPH3r8GecTdVvjYcrE/getUpdates "HTTP/1.1 200 OK"
2025-04-28 01:56:26,356 - httpx - INFO - HTTP Request: POST https://api.telegram.org/bot8084223356:AAH0f9ib-iOJlt4xZWPH3r8GecTdVvjYcrE/getUpdates "HTTP/1.1 200 OK"
2025-04-28 01:56:36,398 - httpx - INFO - HTTP Request: POST https://api.telegram.org/bot8084223356:AAH0f9ib-iOJlt4xZWPH3r8GecTdVvjYcrE/getUpdates "HTTP/1.1 200 OK"
2025-04-28 01:56:46,444 - httpx - INFO - HTTP Request: POST https://api.telegram.org/bot8084223356:AAH0f9ib-iOJlt4xZWPH3r8GecTdVvjYcrE/getUpdates "HTTP/1.1 200 OK"
2025-04-28 01:59:31,872 - __main__ - CRITICAL - Error al iniciar el bot: No se encontró el token del bot en las variables de entorno
2025-04-28 01:59:31,872 - __main__ - INFO - Bot detenido
2025-04-28 02:00:48,182 - __main__ - CRITICAL - Error al iniciar el bot: No se encontró el token del bot en las variables de entorno
2025-04-28 02:00:48,183 - __main__ - INFO - Bot detenido
2025-04-28 02:02:27,734 - apscheduler.scheduler - INFO - Adding job tentatively -- it will be properly scheduled when the scheduler starts
2025-04-28 02:02:27,734 - __main__ - INFO - Iniciando bot...
2025-04-28 02:02:28,398 - httpx - INFO - HTTP Request: POST https://api.telegram.org/bot8084223356:AAH0f9ib-iOJlt4xZWPH3r8GecTdVvjYcrE/getMe "HTTP/1.1 200 OK"
2025-04-28 02:02:28,549 - httpx - INFO - HTTP Request: POST https://api.telegram.org/bot8084223356:AAH0f9ib-iOJlt4xZWPH3r8GecTdVvjYcrE/deleteWebhook "HTTP/1.1 200 OK"
2025-04-28 02:02:28,550 - apscheduler.scheduler - INFO - Added job "envio_diario_horoscopos" to job store "default"
2025-04-28 02:02:28,550 - apscheduler.scheduler - INFO - Scheduler started
2025-04-28 02:02:28,550 - telegram.ext.Application - INFO - Application started
2025-04-28 02:02:38,903 - httpx - INFO - HTTP Request: POST https://api.telegram.org/bot8084223356:AAH0f9ib-iOJlt4xZWPH3r8GecTdVvjYcrE/getUpdates "HTTP/1.1 200 OK"
2025-04-28 02:02:48,944 - httpx - INFO - HTTP Request: POST https://api.telegram.org/bot8084223356:AAH0f9ib-iOJlt4xZWPH3r8GecTdVvjYcrE/getUpdates "HTTP/1.1 200 OK"
2025-04-28 02:02:52,748 - httpx - INFO - HTTP Request: POST https://api.telegram.org/bot8084223356:AAH0f9ib-iOJlt4xZWPH3r8GecTdVvjYcrE/getUpdates "HTTP/1.1 200 OK"
2025-04-28 02:02:52,920 - httpx - INFO - HTTP Request: POST https://api.telegram.org/bot8084223356:AAH0f9ib-iOJlt4xZWPH3r8GecTdVvjYcrE/sendMessage "HTTP/1.1 400 Bad Request"
2025-04-28 02:02:52,921 - __main__ - ERROR - Error en start: Can't parse entities: character '.' is reserved and must be escaped with the preceding '\'
2025-04-28 02:02:52,998 - httpx - INFO - HTTP Request: POST https://api.telegram.org/bot8084223356:AAH0f9ib-iOJlt4xZWPH3r8GecTdVvjYcrE/sendMessage "HTTP/1.1 200 OK"
2025-04-28 02:03:00,694 - httpx - INFO - HTTP Request: POST https://api.telegram.org/bot8084223356:AAH0f9ib-iOJlt4xZWPH3r8GecTdVvjYcrE/getUpdates "HTTP/1.1 200 OK"
2025-04-28 02:03:00,842 - httpx - INFO - HTTP Request: POST https://api.telegram.org/bot8084223356:AAH0f9ib-iOJlt4xZWPH3r8GecTdVvjYcrE/answerCallbackQuery "HTTP/1.1 200 OK"
2025-04-28 02:03:00,905 - httpx - INFO - HTTP Request: POST https://api.telegram.org/bot8084223356:AAH0f9ib-iOJlt4xZWPH3r8GecTdVvjYcrE/editMessageText "HTTP/1.1 200 OK"
2025-04-28 02:03:02,193 - __main__ - WARNING - No se pudo extraer texto válido para libra (intento 1)
2025-04-28 02:03:04,452 - __main__ - WARNING - No se pudo extraer texto válido para libra (intento 2)
2025-04-28 02:03:06,662 - __main__ - WARNING - No se pudo extraer texto válido para libra (intento 3)
2025-04-28 02:03:07,665 - __main__ - ERROR - Error al enviar predicción: No se pudo obtener la predicción
2025-04-28 02:03:07,871 - httpx - INFO - HTTP Request: POST https://api.telegram.org/bot8084223356:AAH0f9ib-iOJlt4xZWPH3r8GecTdVvjYcrE/editMessageText "HTTP/1.1 200 OK"
2025-04-28 02:03:10,747 - httpx - INFO - HTTP Request: POST https://api.telegram.org/bot8084223356:AAH0f9ib-iOJlt4xZWPH3r8GecTdVvjYcrE/getUpdates "HTTP/1.1 200 OK"
2025-04-28 02:03:20,907 - httpx - INFO - HTTP Request: POST https://api.telegram.org/bot8084223356:AAH0f9ib-iOJlt4xZWPH3r8GecTdVvjYcrE/getUpdates "HTTP/1.1 200 OK"
2025-04-28 02:03:30,952 - httpx - INFO - HTTP Request: POST https://api.telegram.org/bot8084223356:AAH0f9ib-iOJlt4xZWPH3r8GecTdVvjYcrE/getUpdates "HTTP/1.1 200 OK"
2025-04-28 02:03:40,997 - httpx - INFO - HTTP Request: POST https://api.telegram.org/bot8084223356:AAH0f9ib-iOJlt4xZWPH3r8GecTdVvjYcrE/getUpdates "HTTP/1.1 200 OK"
2025-04-28 02:03:51,054 - httpx - INFO - HTTP Request: POST https://api.telegram.org/bot8084223356:AAH0f9ib-iOJlt4xZWPH3r8GecTdVvjYcrE/getUpdates "HTTP/1.1 200 OK"
2025-04-28 02:04:01,099 - httpx - INFO - HTTP Request: POST https://api.telegram.org/bot8084223356:AAH0f9ib-iOJlt4xZWPH3r8GecTdVvjYcrE/getUpdates "HTTP/1.1 200 OK"
2025-04-28 02:04:11,142 - httpx - INFO - HTTP Request: POST https://api.telegram.org/bot8084223356:AAH0f9ib-iOJlt4xZWPH3r8GecTdVvjYcrE/getUpdates "HTTP/1.1 200 OK"
2025-04-28 02:04:21,188 - httpx - INFO - HTTP Request: POST https://api.telegram.org/bot8084223356:AAH0f9ib-iOJlt4xZWPH3r8GecTdVvjYcrE/getUpdates "HTTP/1.1 200 OK"
2025-04-28 02:04:31,262 - httpx - INFO - HTTP Request: POST https://api.telegram.org/bot8084223356:AAH0f9ib-iOJlt4xZWPH3r8GecTdVvjYcrE/getUpdates "HTTP/1.1 200 OK"
2025-04-28 02:04:41,340 - httpx - INFO - HTTP Request: POST https://api.telegram.org/bot8084223356:AAH0f9ib-iOJlt4xZWPH3r8GecTdVvjYcrE/getUpdates "HTTP/1.1 200 OK"
2025-04-28 02:04:51,384 - httpx - INFO - HTTP Request: POST https://api.telegram.org/bot8084223356:AAH0f9ib-iOJlt4xZWPH3r8GecTdVvjYcrE/getUpdates "HTTP/1.1 200 OK"
2025-04-28 02:05:01,430 - httpx - INFO - HTTP Request: POST https://api.telegram.org/bot8084223356:AAH0f9ib-iOJlt4xZWPH3r8GecTdVvjYcrE/getUpdates "HTTP/1.1 200 OK"
2025-04-28 02:05:11,482 - httpx - INFO - HTTP Request: POST https://api.telegram.org/bot8084223356:AAH0f9ib-iOJlt4xZWPH3r8GecTdVvjYcrE/getUpdates "HTTP/1.1 200 OK"
2025-04-28 02:05:21,525 - httpx - INFO - HTTP Request: POST https://api.telegram.org/bot8084223356:AAH0f9ib-iOJlt4xZWPH3r8GecTdVvjYcrE/getUpdates "HTTP/1.1 200 OK"
2025-04-28 02:05:31,566 - httpx - INFO - HTTP Request: POST https://api.telegram.org/bot8084223356:AAH0f9ib-iOJlt4xZWPH3r8GecTdVvjYcrE/getUpdates "HTTP/1.1 200 OK"
2025-04-28 02:05:41,610 - httpx - INFO - HTTP Request: POST https://api.telegram.org/bot8084223356:AAH0f9ib-iOJlt4xZWPH3r8GecTdVvjYcrE/getUpdates "HTTP/1.1 200 OK"
2025-04-28 02:05:51,676 - httpx - INFO - HTTP Request: POST https://api.telegram.org/bot8084223356:AAH0f9ib-iOJlt4xZWPH3r8GecTdVvjYcrE/getUpdates "HTTP/1.1 200 OK"
2025-04-28 02:06:01,722 - httpx - INFO - HTTP Request: POST https://api.telegram.org/bot8084223356:AAH0f9ib-iOJlt4xZWPH3r8GecTdVvjYcrE/getUpdates "HTTP/1.1 200 OK"
2025-04-28 02:06:11,768 - httpx - INFO - HTTP Request: POST https://api.telegram.org/bot8084223356:AAH0f9ib-iOJlt4xZWPH3r8GecTdVvjYcrE/getUpdates "HTTP/1.1 200 OK"
2025-04-28 02:06:21,827 - httpx - INFO - HTTP Request: POST https://api.telegram.org/bot8084223356:AAH0f9ib-iOJlt4xZWPH3r8GecTdVvjYcrE/getUpdates "HTTP/1.1 200 OK"
2025-04-28 02:07:36,697 - __main__ - CRITICAL - Error al iniciar el bot: name 'start' is not defined
2025-04-28 02:07:36,697 - __main__ - INFO - Bot detenido
2025-04-28 02:13:42,524 - apscheduler.scheduler - INFO - Adding job tentatively -- it will be properly scheduled when the scheduler starts
2025-04-28 02:13:42,525 - __main__ - INFO - Iniciando bot...
2025-04-28 02:13:42,860 - httpx - INFO - HTTP Request: POST https://api.telegram.org/botTU_TOKEN_AQUI/getMe "HTTP/1.1 404 Not Found"
2025-04-28 02:13:42,861 - telegram.ext - ERROR - Network Retry Loop (Bootstrap Initialize Application): Invalid token. Aborting retry loop.
Traceback (most recent call last):
  File "C:\Users\PC\AppData\Local\Programs\Python\Python313\Lib\site-packages\telegram\_bot.py", line 835, in initialize
    await self.get_me()
  File "C:\Users\PC\AppData\Local\Programs\Python\Python313\Lib\site-packages\telegram\ext\_extbot.py", line 1969, in get_me
    return await super().get_me(
           ^^^^^^^^^^^^^^^^^^^^^
    ...<5 lines>...
    )
    ^
  File "C:\Users\PC\AppData\Local\Programs\Python\Python313\Lib\site-packages\telegram\_bot.py", line 967, in get_me
    result = await self._post(
             ^^^^^^^^^^^^^^^^^
    ...<6 lines>...
    )
    ^
  File "C:\Users\PC\AppData\Local\Programs\Python\Python313\Lib\site-packages\telegram\_bot.py", line 691, in _post
    return await self._do_post(
           ^^^^^^^^^^^^^^^^^^^^
    ...<6 lines>...
    )
    ^
  File "C:\Users\PC\AppData\Local\Programs\Python\Python313\Lib\site-packages\telegram\ext\_extbot.py", line 362, in _do_post
    return await super()._do_post(
           ^^^^^^^^^^^^^^^^^^^^^^^
    ...<6 lines>...
    )
    ^
  File "C:\Users\PC\AppData\Local\Programs\Python\Python313\Lib\site-packages\telegram\_bot.py", line 720, in _do_post
    result = await request.post(
             ^^^^^^^^^^^^^^^^^^^
    ...<6 lines>...
    )
    ^
  File "C:\Users\PC\AppData\Local\Programs\Python\Python313\Lib\site-packages\telegram\request\_baserequest.py", line 197, in post
    result = await self._request_wrapper(
             ^^^^^^^^^^^^^^^^^^^^^^^^^^^^
    ...<7 lines>...
    )
    ^
  File "C:\Users\PC\AppData\Local\Programs\Python\Python313\Lib\site-packages\telegram\request\_baserequest.py", line 351, in _request_wrapper
    raise InvalidToken(message)
telegram.error.InvalidToken: Not Found

The above exception was the direct cause of the following exception:

Traceback (most recent call last):
  File "C:\Users\PC\AppData\Local\Programs\Python\Python313\Lib\site-packages\telegram\ext\_utils\networkloop.py", line 115, in network_retry_loop
    if not await do_action():
           ^^^^^^^^^^^^^^^^^
  File "C:\Users\PC\AppData\Local\Programs\Python\Python313\Lib\site-packages\telegram\ext\_utils\networkloop.py", line 93, in do_action
    return await action_cb()
           ^^^^^^^^^^^^^^^^^
  File "C:\Users\PC\AppData\Local\Programs\Python\Python313\Lib\site-packages\telegram\ext\_application.py", line 486, in initialize
    await self.bot.initialize()
  File "C:\Users\PC\AppData\Local\Programs\Python\Python313\Lib\site-packages\telegram\ext\_extbot.py", line 308, in initialize
    await super().initialize()
  File "C:\Users\PC\AppData\Local\Programs\Python\Python313\Lib\site-packages\telegram\_bot.py", line 837, in initialize
    raise InvalidToken(f"The token `{self._token}` was rejected by the server.") from exc
telegram.error.InvalidToken: The token `TU_TOKEN_AQUI` was rejected by the server.
2025-04-28 02:13:42,878 - __main__ - CRITICAL - Error al iniciar el bot: The token `TU_TOKEN_AQUI` was rejected by the server.
2025-04-28 02:13:42,882 - __main__ - INFO - Bot detenido
2025-04-28 02:14:51,778 - apscheduler.scheduler - INFO - Adding job tentatively -- it will be properly scheduled when the scheduler starts
2025-04-28 02:14:51,778 - __main__ - INFO - Iniciando bot...
2025-04-28 02:14:51,923 - httpx - INFO - HTTP Request: POST https://api.telegram.org/bot8084223356:AAH0f9ib-iOJlt4xZWPH3r8GecTdVvjYcrE/getMe "HTTP/1.1 200 OK"
2025-04-28 02:14:51,964 - httpx - INFO - HTTP Request: POST https://api.telegram.org/bot8084223356:AAH0f9ib-iOJlt4xZWPH3r8GecTdVvjYcrE/deleteWebhook "HTTP/1.1 200 OK"
2025-04-28 02:14:51,966 - apscheduler.scheduler - INFO - Added job "envio_diario_horoscopos" to job store "default"
2025-04-28 02:14:51,966 - apscheduler.scheduler - INFO - Scheduler started
2025-04-28 02:14:51,966 - telegram.ext.Application - INFO - Application started
2025-04-28 02:15:02,076 - httpx - INFO - HTTP Request: POST https://api.telegram.org/bot8084223356:AAH0f9ib-iOJlt4xZWPH3r8GecTdVvjYcrE/getUpdates "HTTP/1.1 200 OK"
2025-04-28 02:15:09,850 - httpx - INFO - HTTP Request: POST https://api.telegram.org/bot8084223356:AAH0f9ib-iOJlt4xZWPH3r8GecTdVvjYcrE/getUpdates "HTTP/1.1 200 OK"
2025-04-28 02:15:09,980 - httpx - INFO - HTTP Request: POST https://api.telegram.org/bot8084223356:AAH0f9ib-iOJlt4xZWPH3r8GecTdVvjYcrE/answerCallbackQuery "HTTP/1.1 200 OK"
2025-04-28 02:15:10,026 - httpx - INFO - HTTP Request: POST https://api.telegram.org/bot8084223356:AAH0f9ib-iOJlt4xZWPH3r8GecTdVvjYcrE/answerCallbackQuery "HTTP/1.1 200 OK"
2025-04-28 02:15:10,088 - httpx - INFO - HTTP Request: POST https://api.telegram.org/bot8084223356:AAH0f9ib-iOJlt4xZWPH3r8GecTdVvjYcrE/editMessageText "HTTP/1.1 200 OK"
2025-04-28 02:15:17,103 - httpx - INFO - HTTP Request: POST https://api.telegram.org/bot8084223356:AAH0f9ib-iOJlt4xZWPH3r8GecTdVvjYcrE/getUpdates "HTTP/1.1 200 OK"
2025-04-28 02:15:17,241 - httpx - INFO - HTTP Request: POST https://api.telegram.org/bot8084223356:AAH0f9ib-iOJlt4xZWPH3r8GecTdVvjYcrE/answerCallbackQuery "HTTP/1.1 200 OK"
2025-04-28 02:15:17,298 - httpx - INFO - HTTP Request: POST https://api.telegram.org/bot8084223356:AAH0f9ib-iOJlt4xZWPH3r8GecTdVvjYcrE/editMessageText "HTTP/1.1 200 OK"
2025-04-28 02:15:17,437 - httpx - INFO - HTTP Request: POST https://api.telegram.org/bot8084223356:AAH0f9ib-iOJlt4xZWPH3r8GecTdVvjYcrE/editMessageText "HTTP/1.1 200 OK"
2025-04-28 02:15:27,139 - httpx - INFO - HTTP Request: POST https://api.telegram.org/bot8084223356:AAH0f9ib-iOJlt4xZWPH3r8GecTdVvjYcrE/getUpdates "HTTP/1.1 200 OK"
2025-04-28 02:15:30,078 - httpx - INFO - HTTP Request: POST https://api.telegram.org/bot8084223356:AAH0f9ib-iOJlt4xZWPH3r8GecTdVvjYcrE/getUpdates "HTTP/1.1 200 OK"
2025-04-28 02:15:30,203 - httpx - INFO - HTTP Request: POST https://api.telegram.org/bot8084223356:AAH0f9ib-iOJlt4xZWPH3r8GecTdVvjYcrE/answerCallbackQuery "HTTP/1.1 200 OK"
2025-04-28 02:15:30,247 - httpx - INFO - HTTP Request: POST https://api.telegram.org/bot8084223356:AAH0f9ib-iOJlt4xZWPH3r8GecTdVvjYcrE/answerCallbackQuery "HTTP/1.1 200 OK"
2025-04-28 02:15:30,300 - httpx - INFO - HTTP Request: POST https://api.telegram.org/bot8084223356:AAH0f9ib-iOJlt4xZWPH3r8GecTdVvjYcrE/editMessageText "HTTP/1.1 200 OK"
2025-04-28 02:15:32,365 - httpx - INFO - HTTP Request: POST https://api.telegram.org/bot8084223356:AAH0f9ib-iOJlt4xZWPH3r8GecTdVvjYcrE/getUpdates "HTTP/1.1 200 OK"
2025-04-28 02:15:32,405 - httpx - INFO - HTTP Request: POST https://api.telegram.org/bot8084223356:AAH0f9ib-iOJlt4xZWPH3r8GecTdVvjYcrE/answerCallbackQuery "HTTP/1.1 200 OK"
2025-04-28 02:15:32,462 - httpx - INFO - HTTP Request: POST https://api.telegram.org/bot8084223356:AAH0f9ib-iOJlt4xZWPH3r8GecTdVvjYcrE/editMessageText "HTTP/1.1 200 OK"
2025-04-28 02:15:41,865 - httpx - INFO - HTTP Request: POST https://api.telegram.org/bot8084223356:AAH0f9ib-iOJlt4xZWPH3r8GecTdVvjYcrE/getUpdates "HTTP/1.1 200 OK"
2025-04-28 02:15:41,999 - httpx - INFO - HTTP Request: POST https://api.telegram.org/bot8084223356:AAH0f9ib-iOJlt4xZWPH3r8GecTdVvjYcrE/answerCallbackQuery "HTTP/1.1 200 OK"
2025-04-28 02:15:42,048 - httpx - INFO - HTTP Request: POST https://api.telegram.org/bot8084223356:AAH0f9ib-iOJlt4xZWPH3r8GecTdVvjYcrE/answerCallbackQuery "HTTP/1.1 200 OK"
2025-04-28 02:15:42,119 - httpx - INFO - HTTP Request: POST https://api.telegram.org/bot8084223356:AAH0f9ib-iOJlt4xZWPH3r8GecTdVvjYcrE/editMessageText "HTTP/1.1 200 OK"
2025-04-28 02:15:43,512 - httpx - INFO - HTTP Request: POST https://api.telegram.org/bot8084223356:AAH0f9ib-iOJlt4xZWPH3r8GecTdVvjYcrE/getUpdates "HTTP/1.1 200 OK"
2025-04-28 02:15:43,562 - httpx - INFO - HTTP Request: POST https://api.telegram.org/bot8084223356:AAH0f9ib-iOJlt4xZWPH3r8GecTdVvjYcrE/answerCallbackQuery "HTTP/1.1 200 OK"
2025-04-28 02:15:43,619 - httpx - INFO - HTTP Request: POST https://api.telegram.org/bot8084223356:AAH0f9ib-iOJlt4xZWPH3r8GecTdVvjYcrE/editMessageText "HTTP/1.1 200 OK"
2025-04-28 02:15:43,749 - httpx - INFO - HTTP Request: POST https://api.telegram.org/bot8084223356:AAH0f9ib-iOJlt4xZWPH3r8GecTdVvjYcrE/editMessageText "HTTP/1.1 200 OK"
2025-04-28 02:15:46,182 - httpx - INFO - HTTP Request: POST https://api.telegram.org/bot8084223356:AAH0f9ib-iOJlt4xZWPH3r8GecTdVvjYcrE/getUpdates "HTTP/1.1 200 OK"
2025-04-28 02:15:46,230 - httpx - INFO - HTTP Request: POST https://api.telegram.org/bot8084223356:AAH0f9ib-iOJlt4xZWPH3r8GecTdVvjYcrE/answerCallbackQuery "HTTP/1.1 200 OK"
2025-04-28 02:15:46,275 - httpx - INFO - HTTP Request: POST https://api.telegram.org/bot8084223356:AAH0f9ib-iOJlt4xZWPH3r8GecTdVvjYcrE/answerCallbackQuery "HTTP/1.1 200 OK"
2025-04-28 02:15:46,334 - httpx - INFO - HTTP Request: POST https://api.telegram.org/bot8084223356:AAH0f9ib-iOJlt4xZWPH3r8GecTdVvjYcrE/editMessageText "HTTP/1.1 200 OK"
2025-04-28 02:15:47,377 - httpx - INFO - HTTP Request: POST https://api.telegram.org/bot8084223356:AAH0f9ib-iOJlt4xZWPH3r8GecTdVvjYcrE/getUpdates "HTTP/1.1 200 OK"
2025-04-28 02:15:47,423 - httpx - INFO - HTTP Request: POST https://api.telegram.org/bot8084223356:AAH0f9ib-iOJlt4xZWPH3r8GecTdVvjYcrE/answerCallbackQuery "HTTP/1.1 200 OK"
2025-04-28 02:15:47,479 - httpx - INFO - HTTP Request: POST https://api.telegram.org/bot8084223356:AAH0f9ib-iOJlt4xZWPH3r8GecTdVvjYcrE/editMessageText "HTTP/1.1 200 OK"
2025-04-28 02:15:47,597 - httpx - INFO - HTTP Request: POST https://api.telegram.org/bot8084223356:AAH0f9ib-iOJlt4xZWPH3r8GecTdVvjYcrE/editMessageText "HTTP/1.1 200 OK"
2025-04-28 02:15:49,753 - httpx - INFO - HTTP Request: POST https://api.telegram.org/bot8084223356:AAH0f9ib-iOJlt4xZWPH3r8GecTdVvjYcrE/getUpdates "HTTP/1.1 200 OK"
2025-04-28 02:15:49,806 - httpx - INFO - HTTP Request: POST https://api.telegram.org/bot8084223356:AAH0f9ib-iOJlt4xZWPH3r8GecTdVvjYcrE/answerCallbackQuery "HTTP/1.1 200 OK"
2025-04-28 02:15:49,856 - httpx - INFO - HTTP Request: POST https://api.telegram.org/bot8084223356:AAH0f9ib-iOJlt4xZWPH3r8GecTdVvjYcrE/answerCallbackQuery "HTTP/1.1 200 OK"
2025-04-28 02:15:49,916 - httpx - INFO - HTTP Request: POST https://api.telegram.org/bot8084223356:AAH0f9ib-iOJlt4xZWPH3r8GecTdVvjYcrE/editMessageText "HTTP/1.1 200 OK"
2025-04-28 02:15:59,792 - httpx - INFO - HTTP Request: POST https://api.telegram.org/bot8084223356:AAH0f9ib-iOJlt4xZWPH3r8GecTdVvjYcrE/getUpdates "HTTP/1.1 200 OK"
2025-04-28 02:16:09,827 - httpx - INFO - HTTP Request: POST https://api.telegram.org/bot8084223356:AAH0f9ib-iOJlt4xZWPH3r8GecTdVvjYcrE/getUpdates "HTTP/1.1 200 OK"
2025-04-28 02:16:19,864 - httpx - INFO - HTTP Request: POST https://api.telegram.org/bot8084223356:AAH0f9ib-iOJlt4xZWPH3r8GecTdVvjYcrE/getUpdates "HTTP/1.1 200 OK"
2025-04-28 02:16:29,923 - httpx - INFO - HTTP Request: POST https://api.telegram.org/bot8084223356:AAH0f9ib-iOJlt4xZWPH3r8GecTdVvjYcrE/getUpdates "HTTP/1.1 200 OK"
2025-04-28 02:16:39,960 - httpx - INFO - HTTP Request: POST https://api.telegram.org/bot8084223356:AAH0f9ib-iOJlt4xZWPH3r8GecTdVvjYcrE/getUpdates "HTTP/1.1 200 OK"
2025-04-28 02:16:49,998 - httpx - INFO - HTTP Request: POST https://api.telegram.org/bot8084223356:AAH0f9ib-iOJlt4xZWPH3r8GecTdVvjYcrE/getUpdates "HTTP/1.1 200 OK"
2025-04-28 02:17:00,043 - httpx - INFO - HTTP Request: POST https://api.telegram.org/bot8084223356:AAH0f9ib-iOJlt4xZWPH3r8GecTdVvjYcrE/getUpdates "HTTP/1.1 200 OK"
2025-04-28 02:17:03,442 - httpx - INFO - HTTP Request: POST https://api.telegram.org/bot8084223356:AAH0f9ib-iOJlt4xZWPH3r8GecTdVvjYcrE/getUpdates "HTTP/1.1 200 OK"
2025-04-28 02:17:03,572 - httpx - INFO - HTTP Request: POST https://api.telegram.org/bot8084223356:AAH0f9ib-iOJlt4xZWPH3r8GecTdVvjYcrE/answerCallbackQuery "HTTP/1.1 200 OK"
2025-04-28 02:17:03,663 - httpx - INFO - HTTP Request: POST https://api.telegram.org/bot8084223356:AAH0f9ib-iOJlt4xZWPH3r8GecTdVvjYcrE/editMessageText "HTTP/1.1 200 OK"
2025-04-28 02:17:13,482 - httpx - INFO - HTTP Request: POST https://api.telegram.org/bot8084223356:AAH0f9ib-iOJlt4xZWPH3r8GecTdVvjYcrE/getUpdates "HTTP/1.1 200 OK"
2025-04-28 02:17:13,744 - httpx - INFO - HTTP Request: POST https://api.telegram.org/bot8084223356:AAH0f9ib-iOJlt4xZWPH3r8GecTdVvjYcrE/getUpdates "HTTP/1.1 200 OK"
2025-04-28 02:17:13,884 - httpx - INFO - HTTP Request: POST https://api.telegram.org/bot8084223356:AAH0f9ib-iOJlt4xZWPH3r8GecTdVvjYcrE/answerCallbackQuery "HTTP/1.1 200 OK"
2025-04-28 02:17:13,927 - httpx - INFO - HTTP Request: POST https://api.telegram.org/bot8084223356:AAH0f9ib-iOJlt4xZWPH3r8GecTdVvjYcrE/answerCallbackQuery "HTTP/1.1 200 OK"
2025-04-28 02:17:13,980 - httpx - INFO - HTTP Request: POST https://api.telegram.org/bot8084223356:AAH0f9ib-iOJlt4xZWPH3r8GecTdVvjYcrE/editMessageText "HTTP/1.1 200 OK"
2025-04-28 02:17:23,791 - httpx - INFO - HTTP Request: POST https://api.telegram.org/bot8084223356:AAH0f9ib-iOJlt4xZWPH3r8GecTdVvjYcrE/getUpdates "HTTP/1.1 200 OK"
2025-04-28 02:17:33,832 - httpx - INFO - HTTP Request: POST https://api.telegram.org/bot8084223356:AAH0f9ib-iOJlt4xZWPH3r8GecTdVvjYcrE/getUpdates "HTTP/1.1 200 OK"
2025-04-28 02:17:43,872 - httpx - INFO - HTTP Request: POST https://api.telegram.org/bot8084223356:AAH0f9ib-iOJlt4xZWPH3r8GecTdVvjYcrE/getUpdates "HTTP/1.1 200 OK"
2025-04-28 02:17:53,916 - httpx - INFO - HTTP Request: POST https://api.telegram.org/bot8084223356:AAH0f9ib-iOJlt4xZWPH3r8GecTdVvjYcrE/getUpdates "HTTP/1.1 200 OK"
2025-04-28 02:18:03,954 - httpx - INFO - HTTP Request: POST https://api.telegram.org/bot8084223356:AAH0f9ib-iOJlt4xZWPH3r8GecTdVvjYcrE/getUpdates "HTTP/1.1 200 OK"
2025-04-28 02:18:14,016 - httpx - INFO - HTTP Request: POST https://api.telegram.org/bot8084223356:AAH0f9ib-iOJlt4xZWPH3r8GecTdVvjYcrE/getUpdates "HTTP/1.1 200 OK"
2025-04-28 02:18:24,053 - httpx - INFO - HTTP Request: POST https://api.telegram.org/bot8084223356:AAH0f9ib-iOJlt4xZWPH3r8GecTdVvjYcrE/getUpdates "HTTP/1.1 200 OK"
2025-04-28 02:18:34,089 - httpx - INFO - HTTP Request: POST https://api.telegram.org/bot8084223356:AAH0f9ib-iOJlt4xZWPH3r8GecTdVvjYcrE/getUpdates "HTTP/1.1 200 OK"
2025-04-28 02:18:39,072 - httpx - INFO - HTTP Request: POST https://api.telegram.org/bot8084223356:AAH0f9ib-iOJlt4xZWPH3r8GecTdVvjYcrE/getUpdates "HTTP/1.1 200 OK"
2025-04-28 02:18:39,221 - httpx - INFO - HTTP Request: POST https://api.telegram.org/bot8084223356:AAH0f9ib-iOJlt4xZWPH3r8GecTdVvjYcrE/answerCallbackQuery "HTTP/1.1 200 OK"
2025-04-28 02:18:39,276 - httpx - INFO - HTTP Request: POST https://api.telegram.org/bot8084223356:AAH0f9ib-iOJlt4xZWPH3r8GecTdVvjYcrE/editMessageText "HTTP/1.1 200 OK"
2025-04-28 02:18:39,547 - httpx - INFO - HTTP Request: POST https://api.telegram.org/bot8084223356:AAH0f9ib-iOJlt4xZWPH3r8GecTdVvjYcrE/editMessageText "HTTP/1.1 200 OK"
2025-04-28 02:18:49,109 - httpx - INFO - HTTP Request: POST https://api.telegram.org/bot8084223356:AAH0f9ib-iOJlt4xZWPH3r8GecTdVvjYcrE/getUpdates "HTTP/1.1 200 OK"
2025-04-28 02:18:52,178 - httpx - INFO - HTTP Request: POST https://api.telegram.org/bot8084223356:AAH0f9ib-iOJlt4xZWPH3r8GecTdVvjYcrE/getUpdates "HTTP/1.1 200 OK"
2025-04-28 02:18:52,395 - httpx - INFO - HTTP Request: POST https://api.telegram.org/bot8084223356:AAH0f9ib-iOJlt4xZWPH3r8GecTdVvjYcrE/sendMessage "HTTP/1.1 200 OK"
2025-04-28 02:18:53,326 - httpx - INFO - HTTP Request: POST https://api.telegram.org/bot8084223356:AAH0f9ib-iOJlt4xZWPH3r8GecTdVvjYcrE/getUpdates "HTTP/1.1 200 OK"
2025-04-28 02:18:53,374 - httpx - INFO - HTTP Request: POST https://api.telegram.org/bot8084223356:AAH0f9ib-iOJlt4xZWPH3r8GecTdVvjYcrE/answerCallbackQuery "HTTP/1.1 200 OK"
2025-04-28 02:18:53,444 - httpx - INFO - HTTP Request: POST https://api.telegram.org/bot8084223356:AAH0f9ib-iOJlt4xZWPH3r8GecTdVvjYcrE/editMessageText "HTTP/1.1 200 OK"
2025-04-28 02:18:53,592 - httpx - INFO - HTTP Request: POST https://api.telegram.org/bot8084223356:AAH0f9ib-iOJlt4xZWPH3r8GecTdVvjYcrE/editMessageText "HTTP/1.1 200 OK"
2025-04-28 02:19:03,365 - httpx - INFO - HTTP Request: POST https://api.telegram.org/bot8084223356:AAH0f9ib-iOJlt4xZWPH3r8GecTdVvjYcrE/getUpdates "HTTP/1.1 200 OK"
2025-04-28 02:19:13,407 - httpx - INFO - HTTP Request: POST https://api.telegram.org/bot8084223356:AAH0f9ib-iOJlt4xZWPH3r8GecTdVvjYcrE/getUpdates "HTTP/1.1 200 OK"
2025-04-28 02:19:23,445 - httpx - INFO - HTTP Request: POST https://api.telegram.org/bot8084223356:AAH0f9ib-iOJlt4xZWPH3r8GecTdVvjYcrE/getUpdates "HTTP/1.1 200 OK"
2025-04-28 02:19:33,482 - httpx - INFO - HTTP Request: POST https://api.telegram.org/bot8084223356:AAH0f9ib-iOJlt4xZWPH3r8GecTdVvjYcrE/getUpdates "HTTP/1.1 200 OK"
2025-04-28 02:19:43,523 - httpx - INFO - HTTP Request: POST https://api.telegram.org/bot8084223356:AAH0f9ib-iOJlt4xZWPH3r8GecTdVvjYcrE/getUpdates "HTTP/1.1 200 OK"
2025-04-28 02:19:53,673 - httpx - INFO - HTTP Request: POST https://api.telegram.org/bot8084223356:AAH0f9ib-iOJlt4xZWPH3r8GecTdVvjYcrE/getUpdates "HTTP/1.1 200 OK"
2025-04-28 02:20:03,724 - httpx - INFO - HTTP Request: POST https://api.telegram.org/bot8084223356:AAH0f9ib-iOJlt4xZWPH3r8GecTdVvjYcrE/getUpdates "HTTP/1.1 200 OK"
2025-04-28 02:20:13,763 - httpx - INFO - HTTP Request: POST https://api.telegram.org/bot8084223356:AAH0f9ib-iOJlt4xZWPH3r8GecTdVvjYcrE/getUpdates "HTTP/1.1 200 OK"
2025-04-28 02:20:23,803 - httpx - INFO - HTTP Request: POST https://api.telegram.org/bot8084223356:AAH0f9ib-iOJlt4xZWPH3r8GecTdVvjYcrE/getUpdates "HTTP/1.1 200 OK"
2025-04-28 02:20:33,843 - httpx - INFO - HTTP Request: POST https://api.telegram.org/bot8084223356:AAH0f9ib-iOJlt4xZWPH3r8GecTdVvjYcrE/getUpdates "HTTP/1.1 200 OK"
2025-04-28 02:20:43,884 - httpx - INFO - HTTP Request: POST https://api.telegram.org/bot8084223356:AAH0f9ib-iOJlt4xZWPH3r8GecTdVvjYcrE/getUpdates "HTTP/1.1 200 OK"
2025-04-28 02:20:53,973 - httpx - INFO - HTTP Request: POST https://api.telegram.org/bot8084223356:AAH0f9ib-iOJlt4xZWPH3r8GecTdVvjYcrE/getUpdates "HTTP/1.1 200 OK"
2025-04-28 02:21:04,015 - httpx - INFO - HTTP Request: POST https://api.telegram.org/bot8084223356:AAH0f9ib-iOJlt4xZWPH3r8GecTdVvjYcrE/getUpdates "HTTP/1.1 200 OK"
2025-04-28 02:21:14,056 - httpx - INFO - HTTP Request: POST https://api.telegram.org/bot8084223356:AAH0f9ib-iOJlt4xZWPH3r8GecTdVvjYcrE/getUpdates "HTTP/1.1 200 OK"
2025-04-28 02:21:24,098 - httpx - INFO - HTTP Request: POST https://api.telegram.org/bot8084223356:AAH0f9ib-iOJlt4xZWPH3r8GecTdVvjYcrE/getUpdates "HTTP/1.1 200 OK"
2025-04-28 02:21:34,140 - httpx - INFO - HTTP Request: POST https://api.telegram.org/bot8084223356:AAH0f9ib-iOJlt4xZWPH3r8GecTdVvjYcrE/getUpdates "HTTP/1.1 200 OK"
2025-04-28 02:21:44,177 - httpx - INFO - HTTP Request: POST https://api.telegram.org/bot8084223356:AAH0f9ib-iOJlt4xZWPH3r8GecTdVvjYcrE/getUpdates "HTTP/1.1 200 OK"
2025-04-28 02:21:54,214 - httpx - INFO - HTTP Request: POST https://api.telegram.org/bot8084223356:AAH0f9ib-iOJlt4xZWPH3r8GecTdVvjYcrE/getUpdates "HTTP/1.1 200 OK"
2025-04-28 02:22:04,257 - httpx - INFO - HTTP Request: POST https://api.telegram.org/bot8084223356:AAH0f9ib-iOJlt4xZWPH3r8GecTdVvjYcrE/getUpdates "HTTP/1.1 200 OK"
2025-04-28 02:22:14,296 - httpx - INFO - HTTP Request: POST https://api.telegram.org/bot8084223356:AAH0f9ib-iOJlt4xZWPH3r8GecTdVvjYcrE/getUpdates "HTTP/1.1 200 OK"
2025-04-28 02:22:24,338 - httpx - INFO - HTTP Request: POST https://api.telegram.org/bot8084223356:AAH0f9ib-iOJlt4xZWPH3r8GecTdVvjYcrE/getUpdates "HTTP/1.1 200 OK"
2025-04-28 02:22:34,375 - httpx - INFO - HTTP Request: POST https://api.telegram.org/bot8084223356:AAH0f9ib-iOJlt4xZWPH3r8GecTdVvjYcrE/getUpdates "HTTP/1.1 200 OK"
2025-04-28 02:22:44,414 - httpx - INFO - HTTP Request: POST https://api.telegram.org/bot8084223356:AAH0f9ib-iOJlt4xZWPH3r8GecTdVvjYcrE/getUpdates "HTTP/1.1 200 OK"
2025-04-28 02:22:54,455 - httpx - INFO - HTTP Request: POST https://api.telegram.org/bot8084223356:AAH0f9ib-iOJlt4xZWPH3r8GecTdVvjYcrE/getUpdates "HTTP/1.1 200 OK"
2025-04-28 02:23:04,492 - httpx - INFO - HTTP Request: POST https://api.telegram.org/bot8084223356:AAH0f9ib-iOJlt4xZWPH3r8GecTdVvjYcrE/getUpdates "HTTP/1.1 200 OK"
2025-04-28 02:23:14,529 - httpx - INFO - HTTP Request: POST https://api.telegram.org/bot8084223356:AAH0f9ib-iOJlt4xZWPH3r8GecTdVvjYcrE/getUpdates "HTTP/1.1 200 OK"
2025-04-28 02:23:24,568 - httpx - INFO - HTTP Request: POST https://api.telegram.org/bot8084223356:AAH0f9ib-iOJlt4xZWPH3r8GecTdVvjYcrE/getUpdates "HTTP/1.1 200 OK"
2025-04-28 02:23:34,605 - httpx - INFO - HTTP Request: POST https://api.telegram.org/bot8084223356:AAH0f9ib-iOJlt4xZWPH3r8GecTdVvjYcrE/getUpdates "HTTP/1.1 200 OK"
2025-04-28 02:23:44,644 - httpx - INFO - HTTP Request: POST https://api.telegram.org/bot8084223356:AAH0f9ib-iOJlt4xZWPH3r8GecTdVvjYcrE/getUpdates "HTTP/1.1 200 OK"
2025-04-28 02:23:54,694 - httpx - INFO - HTTP Request: POST https://api.telegram.org/bot8084223356:AAH0f9ib-iOJlt4xZWPH3r8GecTdVvjYcrE/getUpdates "HTTP/1.1 200 OK"
2025-04-28 02:24:04,742 - httpx - INFO - HTTP Request: POST https://api.telegram.org/bot8084223356:AAH0f9ib-iOJlt4xZWPH3r8GecTdVvjYcrE/getUpdates "HTTP/1.1 200 OK"
2025-04-28 02:24:14,794 - httpx - INFO - HTTP Request: POST https://api.telegram.org/bot8084223356:AAH0f9ib-iOJlt4xZWPH3r8GecTdVvjYcrE/getUpdates "HTTP/1.1 200 OK"
2025-04-28 02:24:24,830 - httpx - INFO - HTTP Request: POST https://api.telegram.org/bot8084223356:AAH0f9ib-iOJlt4xZWPH3r8GecTdVvjYcrE/getUpdates "HTTP/1.1 200 OK"
2025-04-28 02:24:34,866 - httpx - INFO - HTTP Request: POST https://api.telegram.org/bot8084223356:AAH0f9ib-iOJlt4xZWPH3r8GecTdVvjYcrE/getUpdates "HTTP/1.1 200 OK"
2025-04-28 02:24:44,904 - httpx - INFO - HTTP Request: POST https://api.telegram.org/bot8084223356:AAH0f9ib-iOJlt4xZWPH3r8GecTdVvjYcrE/getUpdates "HTTP/1.1 200 OK"
2025-04-28 02:24:54,940 - httpx - INFO - HTTP Request: POST https://api.telegram.org/bot8084223356:AAH0f9ib-iOJlt4xZWPH3r8GecTdVvjYcrE/getUpdates "HTTP/1.1 200 OK"
2025-04-28 02:25:04,976 - httpx - INFO - HTTP Request: POST https://api.telegram.org/bot8084223356:AAH0f9ib-iOJlt4xZWPH3r8GecTdVvjYcrE/getUpdates "HTTP/1.1 200 OK"
2025-04-28 02:25:15,016 - httpx - INFO - HTTP Request: POST https://api.telegram.org/bot8084223356:AAH0f9ib-iOJlt4xZWPH3r8GecTdVvjYcrE/getUpdates "HTTP/1.1 200 OK"
2025-04-28 02:25:25,056 - httpx - INFO - HTTP Request: POST https://api.telegram.org/bot8084223356:AAH0f9ib-iOJlt4xZWPH3r8GecTdVvjYcrE/getUpdates "HTTP/1.1 200 OK"
2025-04-28 02:25:35,203 - httpx - INFO - HTTP Request: POST https://api.telegram.org/bot8084223356:AAH0f9ib-iOJlt4xZWPH3r8GecTdVvjYcrE/getUpdates "HTTP/1.1 200 OK"
2025-04-28 02:25:45,242 - httpx - INFO - HTTP Request: POST https://api.telegram.org/bot8084223356:AAH0f9ib-iOJlt4xZWPH3r8GecTdVvjYcrE/getUpdates "HTTP/1.1 200 OK"
2025-04-28 02:28:43,222 - apscheduler.scheduler - INFO - Adding job tentatively -- it will be properly scheduled when the scheduler starts
2025-04-28 02:28:43,223 - __main__ - INFO - Bot iniciado
2025-04-28 02:28:43,358 - httpx - INFO - HTTP Request: POST https://api.telegram.org/bot8084223356:AAH0f9ib-iOJlt4xZWPH3r8GecTdVvjYcrE/getMe "HTTP/1.1 200 OK"
2025-04-28 02:28:43,397 - httpx - INFO - HTTP Request: POST https://api.telegram.org/bot8084223356:AAH0f9ib-iOJlt4xZWPH3r8GecTdVvjYcrE/deleteWebhook "HTTP/1.1 200 OK"
2025-04-28 02:28:43,399 - apscheduler.scheduler - INFO - Added job "horoscopo_diario" to job store "default"
2025-04-28 02:28:43,399 - apscheduler.scheduler - INFO - Scheduler started
2025-04-28 02:28:43,399 - telegram.ext.Application - INFO - Application started
2025-04-28 02:28:53,524 - httpx - INFO - HTTP Request: POST https://api.telegram.org/bot8084223356:AAH0f9ib-iOJlt4xZWPH3r8GecTdVvjYcrE/getUpdates "HTTP/1.1 200 OK"
2025-04-28 02:29:03,567 - httpx - INFO - HTTP Request: POST https://api.telegram.org/bot8084223356:AAH0f9ib-iOJlt4xZWPH3r8GecTdVvjYcrE/getUpdates "HTTP/1.1 200 OK"
2025-04-28 02:29:07,697 - httpx - INFO - HTTP Request: POST https://api.telegram.org/bot8084223356:AAH0f9ib-iOJlt4xZWPH3r8GecTdVvjYcrE/getUpdates "HTTP/1.1 200 OK"
2025-04-28 02:29:07,927 - httpx - INFO - HTTP Request: POST https://api.telegram.org/bot8084223356:AAH0f9ib-iOJlt4xZWPH3r8GecTdVvjYcrE/sendMessage "HTTP/1.1 200 OK"
2025-04-28 02:29:13,653 - httpx - INFO - HTTP Request: POST https://api.telegram.org/bot8084223356:AAH0f9ib-iOJlt4xZWPH3r8GecTdVvjYcrE/getUpdates "HTTP/1.1 200 OK"
2025-04-28 02:29:13,786 - httpx - INFO - HTTP Request: POST https://api.telegram.org/bot8084223356:AAH0f9ib-iOJlt4xZWPH3r8GecTdVvjYcrE/answerCallbackQuery "HTTP/1.1 200 OK"
2025-04-28 02:29:13,835 - httpx - INFO - HTTP Request: POST https://api.telegram.org/bot8084223356:AAH0f9ib-iOJlt4xZWPH3r8GecTdVvjYcrE/editMessageText "HTTP/1.1 200 OK"
2025-04-28 02:29:14,032 - httpx - INFO - HTTP Request: POST https://api.telegram.org/bot8084223356:AAH0f9ib-iOJlt4xZWPH3r8GecTdVvjYcrE/editMessageText "HTTP/1.1 200 OK"
2025-04-28 02:29:23,693 - httpx - INFO - HTTP Request: POST https://api.telegram.org/bot8084223356:AAH0f9ib-iOJlt4xZWPH3r8GecTdVvjYcrE/getUpdates "HTTP/1.1 200 OK"
2025-04-28 02:29:33,788 - httpx - INFO - HTTP Request: POST https://api.telegram.org/bot8084223356:AAH0f9ib-iOJlt4xZWPH3r8GecTdVvjYcrE/getUpdates "HTTP/1.1 200 OK"
2025-04-28 02:29:43,888 - httpx - INFO - HTTP Request: POST https://api.telegram.org/bot8084223356:AAH0f9ib-iOJlt4xZWPH3r8GecTdVvjYcrE/getUpdates "HTTP/1.1 200 OK"
2025-04-28 02:29:53,930 - httpx - INFO - HTTP Request: POST https://api.telegram.org/bot8084223356:AAH0f9ib-iOJlt4xZWPH3r8GecTdVvjYcrE/getUpdates "HTTP/1.1 200 OK"
2025-04-28 02:30:03,973 - httpx - INFO - HTTP Request: POST https://api.telegram.org/bot8084223356:AAH0f9ib-iOJlt4xZWPH3r8GecTdVvjYcrE/getUpdates "HTTP/1.1 200 OK"
2025-04-28 02:30:14,018 - httpx - INFO - HTTP Request: POST https://api.telegram.org/bot8084223356:AAH0f9ib-iOJlt4xZWPH3r8GecTdVvjYcrE/getUpdates "HTTP/1.1 200 OK"
2025-04-28 02:30:24,060 - httpx - INFO - HTTP Request: POST https://api.telegram.org/bot8084223356:AAH0f9ib-iOJlt4xZWPH3r8GecTdVvjYcrE/getUpdates "HTTP/1.1 200 OK"
2025-04-28 02:30:34,107 - httpx - INFO - HTTP Request: POST https://api.telegram.org/bot8084223356:AAH0f9ib-iOJlt4xZWPH3r8GecTdVvjYcrE/getUpdates "HTTP/1.1 200 OK"
2025-04-28 02:30:44,149 - httpx - INFO - HTTP Request: POST https://api.telegram.org/bot8084223356:AAH0f9ib-iOJlt4xZWPH3r8GecTdVvjYcrE/getUpdates "HTTP/1.1 200 OK"
2025-04-28 02:30:54,193 - httpx - INFO - HTTP Request: POST https://api.telegram.org/bot8084223356:AAH0f9ib-iOJlt4xZWPH3r8GecTdVvjYcrE/getUpdates "HTTP/1.1 200 OK"
2025-04-28 02:31:04,235 - httpx - INFO - HTTP Request: POST https://api.telegram.org/bot8084223356:AAH0f9ib-iOJlt4xZWPH3r8GecTdVvjYcrE/getUpdates "HTTP/1.1 200 OK"
2025-04-28 02:31:14,275 - httpx - INFO - HTTP Request: POST https://api.telegram.org/bot8084223356:AAH0f9ib-iOJlt4xZWPH3r8GecTdVvjYcrE/getUpdates "HTTP/1.1 200 OK"
2025-04-28 02:31:24,315 - httpx - INFO - HTTP Request: POST https://api.telegram.org/bot8084223356:AAH0f9ib-iOJlt4xZWPH3r8GecTdVvjYcrE/getUpdates "HTTP/1.1 200 OK"
2025-04-28 02:31:34,355 - httpx - INFO - HTTP Request: POST https://api.telegram.org/bot8084223356:AAH0f9ib-iOJlt4xZWPH3r8GecTdVvjYcrE/getUpdates "HTTP/1.1 200 OK"
2025-04-28 02:31:44,393 - httpx - INFO - HTTP Request: POST https://api.telegram.org/bot8084223356:AAH0f9ib-iOJlt4xZWPH3r8GecTdVvjYcrE/getUpdates "HTTP/1.1 200 OK"
2025-04-28 02:31:54,433 - httpx - INFO - HTTP Request: POST https://api.telegram.org/bot8084223356:AAH0f9ib-iOJlt4xZWPH3r8GecTdVvjYcrE/getUpdates "HTTP/1.1 200 OK"
2025-04-28 02:32:04,478 - httpx - INFO - HTTP Request: POST https://api.telegram.org/bot8084223356:AAH0f9ib-iOJlt4xZWPH3r8GecTdVvjYcrE/getUpdates "HTTP/1.1 200 OK"
2025-04-28 02:32:14,518 - httpx - INFO - HTTP Request: POST https://api.telegram.org/bot8084223356:AAH0f9ib-iOJlt4xZWPH3r8GecTdVvjYcrE/getUpdates "HTTP/1.1 200 OK"
2025-04-28 02:32:24,561 - httpx - INFO - HTTP Request: POST https://api.telegram.org/bot8084223356:AAH0f9ib-iOJlt4xZWPH3r8GecTdVvjYcrE/getUpdates "HTTP/1.1 200 OK"
2025-04-28 02:32:34,605 - httpx - INFO - HTTP Request: POST https://api.telegram.org/bot8084223356:AAH0f9ib-iOJlt4xZWPH3r8GecTdVvjYcrE/getUpdates "HTTP/1.1 200 OK"
2025-04-28 02:32:44,647 - httpx - INFO - HTTP Request: POST https://api.telegram.org/bot8084223356:AAH0f9ib-iOJlt4xZWPH3r8GecTdVvjYcrE/getUpdates "HTTP/1.1 200 OK"
2025-04-28 02:32:54,690 - httpx - INFO - HTTP Request: POST https://api.telegram.org/bot8084223356:AAH0f9ib-iOJlt4xZWPH3r8GecTdVvjYcrE/getUpdates "HTTP/1.1 200 OK"
2025-04-28 02:33:04,836 - httpx - INFO - HTTP Request: POST https://api.telegram.org/bot8084223356:AAH0f9ib-iOJlt4xZWPH3r8GecTdVvjYcrE/getUpdates "HTTP/1.1 200 OK"
2025-04-28 02:33:14,880 - httpx - INFO - HTTP Request: POST https://api.telegram.org/bot8084223356:AAH0f9ib-iOJlt4xZWPH3r8GecTdVvjYcrE/getUpdates "HTTP/1.1 200 OK"
2025-04-28 02:33:24,922 - httpx - INFO - HTTP Request: POST https://api.telegram.org/bot8084223356:AAH0f9ib-iOJlt4xZWPH3r8GecTdVvjYcrE/getUpdates "HTTP/1.1 200 OK"
2025-04-28 02:33:34,960 - httpx - INFO - HTTP Request: POST https://api.telegram.org/bot8084223356:AAH0f9ib-iOJlt4xZWPH3r8GecTdVvjYcrE/getUpdates "HTTP/1.1 200 OK"
2025-04-28 02:33:45,001 - httpx - INFO - HTTP Request: POST https://api.telegram.org/bot8084223356:AAH0f9ib-iOJlt4xZWPH3r8GecTdVvjYcrE/getUpdates "HTTP/1.1 200 OK"
2025-04-28 02:33:55,044 - httpx - INFO - HTTP Request: POST https://api.telegram.org/bot8084223356:AAH0f9ib-iOJlt4xZWPH3r8GecTdVvjYcrE/getUpdates "HTTP/1.1 200 OK"
2025-04-28 02:34:05,082 - httpx - INFO - HTTP Request: POST https://api.telegram.org/bot8084223356:AAH0f9ib-iOJlt4xZWPH3r8GecTdVvjYcrE/getUpdates "HTTP/1.1 200 OK"
2025-04-28 02:34:15,125 - httpx - INFO - HTTP Request: POST https://api.telegram.org/bot8084223356:AAH0f9ib-iOJlt4xZWPH3r8GecTdVvjYcrE/getUpdates "HTTP/1.1 200 OK"
2025-04-28 02:34:25,172 - httpx - INFO - HTTP Request: POST https://api.telegram.org/bot8084223356:AAH0f9ib-iOJlt4xZWPH3r8GecTdVvjYcrE/getUpdates "HTTP/1.1 200 OK"
2025-04-28 02:34:35,210 - httpx - INFO - HTTP Request: POST https://api.telegram.org/bot8084223356:AAH0f9ib-iOJlt4xZWPH3r8GecTdVvjYcrE/getUpdates "HTTP/1.1 200 OK"
2025-04-28 02:34:45,247 - httpx - INFO - HTTP Request: POST https://api.telegram.org/bot8084223356:AAH0f9ib-iOJlt4xZWPH3r8GecTdVvjYcrE/getUpdates "HTTP/1.1 200 OK"
2025-04-28 02:34:55,292 - httpx - INFO - HTTP Request: POST https://api.telegram.org/bot8084223356:AAH0f9ib-iOJlt4xZWPH3r8GecTdVvjYcrE/getUpdates "HTTP/1.1 200 OK"
2025-04-28 02:35:05,330 - httpx - INFO - HTTP Request: POST https://api.telegram.org/bot8084223356:AAH0f9ib-iOJlt4xZWPH3r8GecTdVvjYcrE/getUpdates "HTTP/1.1 200 OK"
2025-04-28 02:35:15,370 - httpx - INFO - HTTP Request: POST https://api.telegram.org/bot8084223356:AAH0f9ib-iOJlt4xZWPH3r8GecTdVvjYcrE/getUpdates "HTTP/1.1 200 OK"
2025-04-28 02:35:25,409 - httpx - INFO - HTTP Request: POST https://api.telegram.org/bot8084223356:AAH0f9ib-iOJlt4xZWPH3r8GecTdVvjYcrE/getUpdates "HTTP/1.1 200 OK"
2025-04-28 02:35:35,447 - httpx - INFO - HTTP Request: POST https://api.telegram.org/bot8084223356:AAH0f9ib-iOJlt4xZWPH3r8GecTdVvjYcrE/getUpdates "HTTP/1.1 200 OK"
2025-04-28 02:35:45,488 - httpx - INFO - HTTP Request: POST https://api.telegram.org/bot8084223356:AAH0f9ib-iOJlt4xZWPH3r8GecTdVvjYcrE/getUpdates "HTTP/1.1 200 OK"
2025-04-28 02:35:55,526 - httpx - INFO - HTTP Request: POST https://api.telegram.org/bot8084223356:AAH0f9ib-iOJlt4xZWPH3r8GecTdVvjYcrE/getUpdates "HTTP/1.1 200 OK"
2025-04-28 02:36:05,566 - httpx - INFO - HTTP Request: POST https://api.telegram.org/bot8084223356:AAH0f9ib-iOJlt4xZWPH3r8GecTdVvjYcrE/getUpdates "HTTP/1.1 200 OK"
2025-04-28 02:36:15,606 - httpx - INFO - HTTP Request: POST https://api.telegram.org/bot8084223356:AAH0f9ib-iOJlt4xZWPH3r8GecTdVvjYcrE/getUpdates "HTTP/1.1 200 OK"
2025-04-28 02:36:25,646 - httpx - INFO - HTTP Request: POST https://api.telegram.org/bot8084223356:AAH0f9ib-iOJlt4xZWPH3r8GecTdVvjYcrE/getUpdates "HTTP/1.1 200 OK"
2025-04-28 02:36:35,689 - httpx - INFO - HTTP Request: POST https://api.telegram.org/bot8084223356:AAH0f9ib-iOJlt4xZWPH3r8GecTdVvjYcrE/getUpdates "HTTP/1.1 200 OK"
2025-04-28 02:36:45,748 - httpx - INFO - HTTP Request: POST https://api.telegram.org/bot8084223356:AAH0f9ib-iOJlt4xZWPH3r8GecTdVvjYcrE/getUpdates "HTTP/1.1 200 OK"
2025-04-28 02:36:55,787 - httpx - INFO - HTTP Request: POST https://api.telegram.org/bot8084223356:AAH0f9ib-iOJlt4xZWPH3r8GecTdVvjYcrE/getUpdates "HTTP/1.1 200 OK"
2025-04-28 02:37:05,842 - httpx - INFO - HTTP Request: POST https://api.telegram.org/bot8084223356:AAH0f9ib-iOJlt4xZWPH3r8GecTdVvjYcrE/getUpdates "HTTP/1.1 200 OK"
2025-04-28 02:37:15,882 - httpx - INFO - HTTP Request: POST https://api.telegram.org/bot8084223356:AAH0f9ib-iOJlt4xZWPH3r8GecTdVvjYcrE/getUpdates "HTTP/1.1 200 OK"
2025-04-28 02:37:25,930 - httpx - INFO - HTTP Request: POST https://api.telegram.org/bot8084223356:AAH0f9ib-iOJlt4xZWPH3r8GecTdVvjYcrE/getUpdates "HTTP/1.1 200 OK"
2025-04-28 02:37:35,975 - httpx - INFO - HTTP Request: POST https://api.telegram.org/bot8084223356:AAH0f9ib-iOJlt4xZWPH3r8GecTdVvjYcrE/getUpdates "HTTP/1.1 200 OK"
2025-04-28 02:37:46,016 - httpx - INFO - HTTP Request: POST https://api.telegram.org/bot8084223356:AAH0f9ib-iOJlt4xZWPH3r8GecTdVvjYcrE/getUpdates "HTTP/1.1 200 OK"
2025-04-28 02:37:56,058 - httpx - INFO - HTTP Request: POST https://api.telegram.org/bot8084223356:AAH0f9ib-iOJlt4xZWPH3r8GecTdVvjYcrE/getUpdates "HTTP/1.1 200 OK"
2025-04-28 02:38:06,099 - httpx - INFO - HTTP Request: POST https://api.telegram.org/bot8084223356:AAH0f9ib-iOJlt4xZWPH3r8GecTdVvjYcrE/getUpdates "HTTP/1.1 200 OK"
2025-04-28 02:38:11,828 - httpx - INFO - HTTP Request: POST https://api.telegram.org/bot8084223356:AAH0f9ib-iOJlt4xZWPH3r8GecTdVvjYcrE/getUpdates "HTTP/1.1 200 OK"
2025-04-28 02:38:11,966 - httpx - INFO - HTTP Request: POST https://api.telegram.org/bot8084223356:AAH0f9ib-iOJlt4xZWPH3r8GecTdVvjYcrE/answerCallbackQuery "HTTP/1.1 200 OK"
2025-04-28 02:38:12,016 - httpx - INFO - HTTP Request: POST https://api.telegram.org/bot8084223356:AAH0f9ib-iOJlt4xZWPH3r8GecTdVvjYcrE/answerCallbackQuery "HTTP/1.1 200 OK"
2025-04-28 02:38:12,092 - httpx - INFO - HTTP Request: POST https://api.telegram.org/bot8084223356:AAH0f9ib-iOJlt4xZWPH3r8GecTdVvjYcrE/editMessageText "HTTP/1.1 200 OK"
2025-04-28 02:38:18,135 - httpx - INFO - HTTP Request: POST https://api.telegram.org/bot8084223356:AAH0f9ib-iOJlt4xZWPH3r8GecTdVvjYcrE/getUpdates "HTTP/1.1 200 OK"
2025-04-28 02:38:18,278 - httpx - INFO - HTTP Request: POST https://api.telegram.org/bot8084223356:AAH0f9ib-iOJlt4xZWPH3r8GecTdVvjYcrE/answerCallbackQuery "HTTP/1.1 200 OK"
2025-04-28 02:38:18,341 - httpx - INFO - HTTP Request: POST https://api.telegram.org/bot8084223356:AAH0f9ib-iOJlt4xZWPH3r8GecTdVvjYcrE/editMessageText "HTTP/1.1 200 OK"
2025-04-28 02:38:20,894 - httpx - INFO - HTTP Request: POST https://api.telegram.org/bot8084223356:AAH0f9ib-iOJlt4xZWPH3r8GecTdVvjYcrE/getUpdates "HTTP/1.1 200 OK"
2025-04-28 02:38:20,940 - httpx - INFO - HTTP Request: POST https://api.telegram.org/bot8084223356:AAH0f9ib-iOJlt4xZWPH3r8GecTdVvjYcrE/answerCallbackQuery "HTTP/1.1 200 OK"
2025-04-28 02:38:20,985 - httpx - INFO - HTTP Request: POST https://api.telegram.org/bot8084223356:AAH0f9ib-iOJlt4xZWPH3r8GecTdVvjYcrE/answerCallbackQuery "HTTP/1.1 200 OK"
2025-04-28 02:38:21,146 - httpx - INFO - HTTP Request: POST https://api.telegram.org/bot8084223356:AAH0f9ib-iOJlt4xZWPH3r8GecTdVvjYcrE/editMessageText "HTTP/1.1 200 OK"
2025-04-28 02:38:22,717 - httpx - INFO - HTTP Request: POST https://api.telegram.org/bot8084223356:AAH0f9ib-iOJlt4xZWPH3r8GecTdVvjYcrE/getUpdates "HTTP/1.1 200 OK"
2025-04-28 02:38:22,823 - httpx - INFO - HTTP Request: POST https://api.telegram.org/bot8084223356:AAH0f9ib-iOJlt4xZWPH3r8GecTdVvjYcrE/answerCallbackQuery "HTTP/1.1 200 OK"
2025-04-28 02:38:22,899 - httpx - INFO - HTTP Request: POST https://api.telegram.org/bot8084223356:AAH0f9ib-iOJlt4xZWPH3r8GecTdVvjYcrE/editMessageText "HTTP/1.1 200 OK"
2025-04-28 02:38:31,678 - httpx - INFO - HTTP Request: POST https://api.telegram.org/bot8084223356:AAH0f9ib-iOJlt4xZWPH3r8GecTdVvjYcrE/getUpdates "HTTP/1.1 200 OK"
2025-04-28 02:38:31,815 - httpx - INFO - HTTP Request: POST https://api.telegram.org/bot8084223356:AAH0f9ib-iOJlt4xZWPH3r8GecTdVvjYcrE/answerCallbackQuery "HTTP/1.1 200 OK"
2025-04-28 02:38:31,867 - httpx - INFO - HTTP Request: POST https://api.telegram.org/bot8084223356:AAH0f9ib-iOJlt4xZWPH3r8GecTdVvjYcrE/answerCallbackQuery "HTTP/1.1 200 OK"
2025-04-28 02:38:31,959 - httpx - INFO - HTTP Request: POST https://api.telegram.org/bot8084223356:AAH0f9ib-iOJlt4xZWPH3r8GecTdVvjYcrE/editMessageText "HTTP/1.1 200 OK"
2025-04-28 02:38:33,325 - httpx - INFO - HTTP Request: POST https://api.telegram.org/bot8084223356:AAH0f9ib-iOJlt4xZWPH3r8GecTdVvjYcrE/getUpdates "HTTP/1.1 200 OK"
2025-04-28 02:38:33,386 - httpx - INFO - HTTP Request: POST https://api.telegram.org/bot8084223356:AAH0f9ib-iOJlt4xZWPH3r8GecTdVvjYcrE/answerCallbackQuery "HTTP/1.1 200 OK"
2025-04-28 02:38:33,443 - httpx - INFO - HTTP Request: POST https://api.telegram.org/bot8084223356:AAH0f9ib-iOJlt4xZWPH3r8GecTdVvjYcrE/editMessageText "HTTP/1.1 200 OK"
2025-04-28 02:38:33,677 - httpx - INFO - HTTP Request: POST https://api.telegram.org/bot8084223356:AAH0f9ib-iOJlt4xZWPH3r8GecTdVvjYcrE/editMessageText "HTTP/1.1 200 OK"
2025-04-28 02:38:41,932 - httpx - INFO - HTTP Request: POST https://api.telegram.org/bot8084223356:AAH0f9ib-iOJlt4xZWPH3r8GecTdVvjYcrE/getUpdates "HTTP/1.1 200 OK"
2025-04-28 02:38:42,062 - httpx - INFO - HTTP Request: POST https://api.telegram.org/bot8084223356:AAH0f9ib-iOJlt4xZWPH3r8GecTdVvjYcrE/sendMessage "HTTP/1.1 200 OK"
2025-04-28 02:38:43,866 - httpx - INFO - HTTP Request: POST https://api.telegram.org/bot8084223356:AAH0f9ib-iOJlt4xZWPH3r8GecTdVvjYcrE/getUpdates "HTTP/1.1 200 OK"
2025-04-28 02:38:43,908 - httpx - INFO - HTTP Request: POST https://api.telegram.org/bot8084223356:AAH0f9ib-iOJlt4xZWPH3r8GecTdVvjYcrE/answerCallbackQuery "HTTP/1.1 200 OK"
2025-04-28 02:38:43,956 - httpx - INFO - HTTP Request: POST https://api.telegram.org/bot8084223356:AAH0f9ib-iOJlt4xZWPH3r8GecTdVvjYcrE/editMessageText "HTTP/1.1 200 OK"
2025-04-28 02:38:44,091 - httpx - INFO - HTTP Request: POST https://api.telegram.org/bot8084223356:AAH0f9ib-iOJlt4xZWPH3r8GecTdVvjYcrE/editMessageText "HTTP/1.1 200 OK"
2025-04-28 02:38:53,908 - httpx - INFO - HTTP Request: POST https://api.telegram.org/bot8084223356:AAH0f9ib-iOJlt4xZWPH3r8GecTdVvjYcrE/getUpdates "HTTP/1.1 200 OK"
2025-04-28 02:39:03,950 - httpx - INFO - HTTP Request: POST https://api.telegram.org/bot8084223356:AAH0f9ib-iOJlt4xZWPH3r8GecTdVvjYcrE/getUpdates "HTTP/1.1 200 OK"
2025-04-28 02:39:13,991 - httpx - INFO - HTTP Request: POST https://api.telegram.org/bot8084223356:AAH0f9ib-iOJlt4xZWPH3r8GecTdVvjYcrE/getUpdates "HTTP/1.1 200 OK"
2025-04-28 02:39:24,042 - httpx - INFO - HTTP Request: POST https://api.telegram.org/bot8084223356:AAH0f9ib-iOJlt4xZWPH3r8GecTdVvjYcrE/getUpdates "HTTP/1.1 200 OK"
2025-04-28 02:39:34,087 - httpx - INFO - HTTP Request: POST https://api.telegram.org/bot8084223356:AAH0f9ib-iOJlt4xZWPH3r8GecTdVvjYcrE/getUpdates "HTTP/1.1 200 OK"
2025-04-28 02:39:44,244 - httpx - INFO - HTTP Request: POST https://api.telegram.org/bot8084223356:AAH0f9ib-iOJlt4xZWPH3r8GecTdVvjYcrE/getUpdates "HTTP/1.1 200 OK"
2025-04-28 02:39:54,319 - httpx - INFO - HTTP Request: POST https://api.telegram.org/bot8084223356:AAH0f9ib-iOJlt4xZWPH3r8GecTdVvjYcrE/getUpdates "HTTP/1.1 200 OK"
2025-04-28 02:40:04,359 - httpx - INFO - HTTP Request: POST https://api.telegram.org/bot8084223356:AAH0f9ib-iOJlt4xZWPH3r8GecTdVvjYcrE/getUpdates "HTTP/1.1 200 OK"
2025-04-28 02:40:14,452 - httpx - INFO - HTTP Request: POST https://api.telegram.org/bot8084223356:AAH0f9ib-iOJlt4xZWPH3r8GecTdVvjYcrE/getUpdates "HTTP/1.1 200 OK"
2025-04-28 02:40:24,493 - httpx - INFO - HTTP Request: POST https://api.telegram.org/bot8084223356:AAH0f9ib-iOJlt4xZWPH3r8GecTdVvjYcrE/getUpdates "HTTP/1.1 200 OK"
2025-04-28 02:40:34,536 - httpx - INFO - HTTP Request: POST https://api.telegram.org/bot8084223356:AAH0f9ib-iOJlt4xZWPH3r8GecTdVvjYcrE/getUpdates "HTTP/1.1 200 OK"
2025-04-28 02:40:44,578 - httpx - INFO - HTTP Request: POST https://api.telegram.org/bot8084223356:AAH0f9ib-iOJlt4xZWPH3r8GecTdVvjYcrE/getUpdates "HTTP/1.1 200 OK"
2025-04-28 02:40:54,623 - httpx - INFO - HTTP Request: POST https://api.telegram.org/bot8084223356:AAH0f9ib-iOJlt4xZWPH3r8GecTdVvjYcrE/getUpdates "HTTP/1.1 200 OK"
2025-04-28 02:41:04,667 - httpx - INFO - HTTP Request: POST https://api.telegram.org/bot8084223356:AAH0f9ib-iOJlt4xZWPH3r8GecTdVvjYcrE/getUpdates "HTTP/1.1 200 OK"
2025-04-28 02:41:14,711 - httpx - INFO - HTTP Request: POST https://api.telegram.org/bot8084223356:AAH0f9ib-iOJlt4xZWPH3r8GecTdVvjYcrE/getUpdates "HTTP/1.1 200 OK"
2025-04-28 02:41:24,753 - httpx - INFO - HTTP Request: POST https://api.telegram.org/bot8084223356:AAH0f9ib-iOJlt4xZWPH3r8GecTdVvjYcrE/getUpdates "HTTP/1.1 200 OK"
2025-04-28 02:41:34,801 - httpx - INFO - HTTP Request: POST https://api.telegram.org/bot8084223356:AAH0f9ib-iOJlt4xZWPH3r8GecTdVvjYcrE/getUpdates "HTTP/1.1 200 OK"
2025-04-28 02:41:44,846 - httpx - INFO - HTTP Request: POST https://api.telegram.org/bot8084223356:AAH0f9ib-iOJlt4xZWPH3r8GecTdVvjYcrE/getUpdates "HTTP/1.1 200 OK"
2025-04-28 02:41:54,889 - httpx - INFO - HTTP Request: POST https://api.telegram.org/bot8084223356:AAH0f9ib-iOJlt4xZWPH3r8GecTdVvjYcrE/getUpdates "HTTP/1.1 200 OK"
2025-04-28 02:42:04,940 - httpx - INFO - HTTP Request: POST https://api.telegram.org/bot8084223356:AAH0f9ib-iOJlt4xZWPH3r8GecTdVvjYcrE/getUpdates "HTTP/1.1 200 OK"
2025-04-28 02:42:14,983 - httpx - INFO - HTTP Request: POST https://api.telegram.org/bot8084223356:AAH0f9ib-iOJlt4xZWPH3r8GecTdVvjYcrE/getUpdates "HTTP/1.1 200 OK"
2025-04-28 02:42:25,029 - httpx - INFO - HTTP Request: POST https://api.telegram.org/bot8084223356:AAH0f9ib-iOJlt4xZWPH3r8GecTdVvjYcrE/getUpdates "HTTP/1.1 200 OK"
2025-04-28 02:42:35,075 - httpx - INFO - HTTP Request: POST https://api.telegram.org/bot8084223356:AAH0f9ib-iOJlt4xZWPH3r8GecTdVvjYcrE/getUpdates "HTTP/1.1 200 OK"
2025-04-28 02:42:45,121 - httpx - INFO - HTTP Request: POST https://api.telegram.org/bot8084223356:AAH0f9ib-iOJlt4xZWPH3r8GecTdVvjYcrE/getUpdates "HTTP/1.1 200 OK"
2025-04-28 02:42:55,164 - httpx - INFO - HTTP Request: POST https://api.telegram.org/bot8084223356:AAH0f9ib-iOJlt4xZWPH3r8GecTdVvjYcrE/getUpdates "HTTP/1.1 200 OK"
2025-04-28 02:43:05,206 - httpx - INFO - HTTP Request: POST https://api.telegram.org/bot8084223356:AAH0f9ib-iOJlt4xZWPH3r8GecTdVvjYcrE/getUpdates "HTTP/1.1 200 OK"
2025-04-28 02:43:15,247 - httpx - INFO - HTTP Request: POST https://api.telegram.org/bot8084223356:AAH0f9ib-iOJlt4xZWPH3r8GecTdVvjYcrE/getUpdates "HTTP/1.1 200 OK"
2025-04-28 02:43:25,289 - httpx - INFO - HTTP Request: POST https://api.telegram.org/bot8084223356:AAH0f9ib-iOJlt4xZWPH3r8GecTdVvjYcrE/getUpdates "HTTP/1.1 200 OK"
2025-04-28 02:43:35,332 - httpx - INFO - HTTP Request: POST https://api.telegram.org/bot8084223356:AAH0f9ib-iOJlt4xZWPH3r8GecTdVvjYcrE/getUpdates "HTTP/1.1 200 OK"
2025-04-28 02:43:45,374 - httpx - INFO - HTTP Request: POST https://api.telegram.org/bot8084223356:AAH0f9ib-iOJlt4xZWPH3r8GecTdVvjYcrE/getUpdates "HTTP/1.1 200 OK"
2025-04-28 02:43:55,427 - httpx - INFO - HTTP Request: POST https://api.telegram.org/bot8084223356:AAH0f9ib-iOJlt4xZWPH3r8GecTdVvjYcrE/getUpdates "HTTP/1.1 200 OK"
2025-04-28 02:44:05,473 - httpx - INFO - HTTP Request: POST https://api.telegram.org/bot8084223356:AAH0f9ib-iOJlt4xZWPH3r8GecTdVvjYcrE/getUpdates "HTTP/1.1 200 OK"
2025-04-28 02:44:15,519 - httpx - INFO - HTTP Request: POST https://api.telegram.org/bot8084223356:AAH0f9ib-iOJlt4xZWPH3r8GecTdVvjYcrE/getUpdates "HTTP/1.1 200 OK"
2025-04-28 02:44:25,560 - httpx - INFO - HTTP Request: POST https://api.telegram.org/bot8084223356:AAH0f9ib-iOJlt4xZWPH3r8GecTdVvjYcrE/getUpdates "HTTP/1.1 200 OK"
2025-04-28 02:44:35,598 - httpx - INFO - HTTP Request: POST https://api.telegram.org/bot8084223356:AAH0f9ib-iOJlt4xZWPH3r8GecTdVvjYcrE/getUpdates "HTTP/1.1 200 OK"
2025-04-28 02:44:45,767 - httpx - INFO - HTTP Request: POST https://api.telegram.org/bot8084223356:AAH0f9ib-iOJlt4xZWPH3r8GecTdVvjYcrE/getUpdates "HTTP/1.1 200 OK"
2025-04-28 02:44:55,814 - httpx - INFO - HTTP Request: POST https://api.telegram.org/bot8084223356:AAH0f9ib-iOJlt4xZWPH3r8GecTdVvjYcrE/getUpdates "HTTP/1.1 200 OK"
2025-04-28 02:45:05,857 - httpx - INFO - HTTP Request: POST https://api.telegram.org/bot8084223356:AAH0f9ib-iOJlt4xZWPH3r8GecTdVvjYcrE/getUpdates "HTTP/1.1 200 OK"
2025-04-28 02:45:15,901 - httpx - INFO - HTTP Request: POST https://api.telegram.org/bot8084223356:AAH0f9ib-iOJlt4xZWPH3r8GecTdVvjYcrE/getUpdates "HTTP/1.1 200 OK"
2025-04-28 02:45:25,945 - httpx - INFO - HTTP Request: POST https://api.telegram.org/bot8084223356:AAH0f9ib-iOJlt4xZWPH3r8GecTdVvjYcrE/getUpdates "HTTP/1.1 200 OK"
2025-04-28 02:45:35,987 - httpx - INFO - HTTP Request: POST https://api.telegram.org/bot8084223356:AAH0f9ib-iOJlt4xZWPH3r8GecTdVvjYcrE/getUpdates "HTTP/1.1 200 OK"
2025-04-28 02:45:46,046 - httpx - INFO - HTTP Request: POST https://api.telegram.org/bot8084223356:AAH0f9ib-iOJlt4xZWPH3r8GecTdVvjYcrE/getUpdates "HTTP/1.1 200 OK"
2025-04-28 02:45:56,154 - httpx - INFO - HTTP Request: POST https://api.telegram.org/bot8084223356:AAH0f9ib-iOJlt4xZWPH3r8GecTdVvjYcrE/getUpdates "HTTP/1.1 200 OK"
2025-04-28 02:46:06,203 - httpx - INFO - HTTP Request: POST https://api.telegram.org/bot8084223356:AAH0f9ib-iOJlt4xZWPH3r8GecTdVvjYcrE/getUpdates "HTTP/1.1 200 OK"
2025-04-28 02:46:16,249 - httpx - INFO - HTTP Request: POST https://api.telegram.org/bot8084223356:AAH0f9ib-iOJlt4xZWPH3r8GecTdVvjYcrE/getUpdates "HTTP/1.1 200 OK"
2025-04-28 02:46:26,292 - httpx - INFO - HTTP Request: POST https://api.telegram.org/bot8084223356:AAH0f9ib-iOJlt4xZWPH3r8GecTdVvjYcrE/getUpdates "HTTP/1.1 200 OK"
2025-04-28 02:46:36,336 - httpx - INFO - HTTP Request: POST https://api.telegram.org/bot8084223356:AAH0f9ib-iOJlt4xZWPH3r8GecTdVvjYcrE/getUpdates "HTTP/1.1 200 OK"
2025-04-28 02:46:46,410 - httpx - INFO - HTTP Request: POST https://api.telegram.org/bot8084223356:AAH0f9ib-iOJlt4xZWPH3r8GecTdVvjYcrE/getUpdates "HTTP/1.1 200 OK"
2025-04-28 02:46:56,506 - httpx - INFO - HTTP Request: POST https://api.telegram.org/bot8084223356:AAH0f9ib-iOJlt4xZWPH3r8GecTdVvjYcrE/getUpdates "HTTP/1.1 200 OK"
2025-04-28 02:47:06,569 - httpx - INFO - HTTP Request: POST https://api.telegram.org/bot8084223356:AAH0f9ib-iOJlt4xZWPH3r8GecTdVvjYcrE/getUpdates "HTTP/1.1 200 OK"
2025-04-28 02:47:16,613 - httpx - INFO - HTTP Request: POST https://api.telegram.org/bot8084223356:AAH0f9ib-iOJlt4xZWPH3r8GecTdVvjYcrE/getUpdates "HTTP/1.1 200 OK"
2025-04-28 02:47:26,672 - httpx - INFO - HTTP Request: POST https://api.telegram.org/bot8084223356:AAH0f9ib-iOJlt4xZWPH3r8GecTdVvjYcrE/getUpdates "HTTP/1.1 200 OK"
2025-04-28 02:47:36,720 - httpx - INFO - HTTP Request: POST https://api.telegram.org/bot8084223356:AAH0f9ib-iOJlt4xZWPH3r8GecTdVvjYcrE/getUpdates "HTTP/1.1 200 OK"
2025-04-28 02:47:46,817 - httpx - INFO - HTTP Request: POST https://api.telegram.org/bot8084223356:AAH0f9ib-iOJlt4xZWPH3r8GecTdVvjYcrE/getUpdates "HTTP/1.1 200 OK"
2025-04-28 02:47:56,861 - httpx - INFO - HTTP Request: POST https://api.telegram.org/bot8084223356:AAH0f9ib-iOJlt4xZWPH3r8GecTdVvjYcrE/getUpdates "HTTP/1.1 200 OK"
2025-04-28 02:48:06,907 - httpx - INFO - HTTP Request: POST https://api.telegram.org/bot8084223356:AAH0f9ib-iOJlt4xZWPH3r8GecTdVvjYcrE/getUpdates "HTTP/1.1 200 OK"
2025-04-28 02:48:16,955 - httpx - INFO - HTTP Request: POST https://api.telegram.org/bot8084223356:AAH0f9ib-iOJlt4xZWPH3r8GecTdVvjYcrE/getUpdates "HTTP/1.1 200 OK"
2025-04-28 02:48:27,032 - httpx - INFO - HTTP Request: POST https://api.telegram.org/bot8084223356:AAH0f9ib-iOJlt4xZWPH3r8GecTdVvjYcrE/getUpdates "HTTP/1.1 200 OK"
2025-04-28 02:48:37,075 - httpx - INFO - HTTP Request: POST https://api.telegram.org/bot8084223356:AAH0f9ib-iOJlt4xZWPH3r8GecTdVvjYcrE/getUpdates "HTTP/1.1 200 OK"
2025-04-28 02:48:47,122 - httpx - INFO - HTTP Request: POST https://api.telegram.org/bot8084223356:AAH0f9ib-iOJlt4xZWPH3r8GecTdVvjYcrE/getUpdates "HTTP/1.1 200 OK"
2025-04-28 02:48:57,166 - httpx - INFO - HTTP Request: POST https://api.telegram.org/bot8084223356:AAH0f9ib-iOJlt4xZWPH3r8GecTdVvjYcrE/getUpdates "HTTP/1.1 200 OK"
2025-04-28 02:49:07,211 - httpx - INFO - HTTP Request: POST https://api.telegram.org/bot8084223356:AAH0f9ib-iOJlt4xZWPH3r8GecTdVvjYcrE/getUpdates "HTTP/1.1 200 OK"
2025-04-28 02:49:17,254 - httpx - INFO - HTTP Request: POST https://api.telegram.org/bot8084223356:AAH0f9ib-iOJlt4xZWPH3r8GecTdVvjYcrE/getUpdates "HTTP/1.1 200 OK"
2025-04-28 02:49:27,304 - httpx - INFO - HTTP Request: POST https://api.telegram.org/bot8084223356:AAH0f9ib-iOJlt4xZWPH3r8GecTdVvjYcrE/getUpdates "HTTP/1.1 200 OK"
2025-04-28 02:49:37,350 - httpx - INFO - HTTP Request: POST https://api.telegram.org/bot8084223356:AAH0f9ib-iOJlt4xZWPH3r8GecTdVvjYcrE/getUpdates "HTTP/1.1 200 OK"
2025-04-28 02:49:47,403 - httpx - INFO - HTTP Request: POST https://api.telegram.org/bot8084223356:AAH0f9ib-iOJlt4xZWPH3r8GecTdVvjYcrE/getUpdates "HTTP/1.1 200 OK"
2025-04-28 02:49:48,803 - httpx - INFO - HTTP Request: POST https://api.telegram.org/bot8084223356:AAH0f9ib-iOJlt4xZWPH3r8GecTdVvjYcrE/getUpdates "HTTP/1.1 200 OK"
2025-04-28 02:49:48,969 - httpx - INFO - HTTP Request: POST https://api.telegram.org/bot8084223356:AAH0f9ib-iOJlt4xZWPH3r8GecTdVvjYcrE/answerCallbackQuery "HTTP/1.1 200 OK"
2025-04-28 02:49:49,022 - httpx - INFO - HTTP Request: POST https://api.telegram.org/bot8084223356:AAH0f9ib-iOJlt4xZWPH3r8GecTdVvjYcrE/answerCallbackQuery "HTTP/1.1 200 OK"
2025-04-28 02:49:49,131 - httpx - INFO - HTTP Request: POST https://api.telegram.org/bot8084223356:AAH0f9ib-iOJlt4xZWPH3r8GecTdVvjYcrE/editMessageText "HTTP/1.1 200 OK"
2025-04-28 02:49:52,686 - httpx - INFO - HTTP Request: POST https://api.telegram.org/bot8084223356:AAH0f9ib-iOJlt4xZWPH3r8GecTdVvjYcrE/getUpdates "HTTP/1.1 200 OK"
2025-04-28 02:49:52,725 - httpx - INFO - HTTP Request: POST https://api.telegram.org/bot8084223356:AAH0f9ib-iOJlt4xZWPH3r8GecTdVvjYcrE/answerCallbackQuery "HTTP/1.1 200 OK"
2025-04-28 02:49:52,767 - httpx - INFO - HTTP Request: POST https://api.telegram.org/bot8084223356:AAH0f9ib-iOJlt4xZWPH3r8GecTdVvjYcrE/answerCallbackQuery "HTTP/1.1 200 OK"
2025-04-28 02:49:52,818 - httpx - INFO - HTTP Request: POST https://api.telegram.org/bot8084223356:AAH0f9ib-iOJlt4xZWPH3r8GecTdVvjYcrE/editMessageText "HTTP/1.1 200 OK"
2025-04-28 02:49:57,748 - httpx - INFO - HTTP Request: POST https://api.telegram.org/bot8084223356:AAH0f9ib-iOJlt4xZWPH3r8GecTdVvjYcrE/getUpdates "HTTP/1.1 200 OK"
2025-04-28 02:49:57,833 - httpx - INFO - HTTP Request: POST https://api.telegram.org/bot8084223356:AAH0f9ib-iOJlt4xZWPH3r8GecTdVvjYcrE/sendMessage "HTTP/1.1 200 OK"
2025-04-28 02:50:05,989 - httpx - INFO - HTTP Request: POST https://api.telegram.org/bot8084223356:AAH0f9ib-iOJlt4xZWPH3r8GecTdVvjYcrE/getUpdates "HTTP/1.1 200 OK"
2025-04-28 02:50:06,124 - httpx - INFO - HTTP Request: POST https://api.telegram.org/bot8084223356:AAH0f9ib-iOJlt4xZWPH3r8GecTdVvjYcrE/answerCallbackQuery "HTTP/1.1 200 OK"
2025-04-28 02:50:06,185 - httpx - INFO - HTTP Request: POST https://api.telegram.org/bot8084223356:AAH0f9ib-iOJlt4xZWPH3r8GecTdVvjYcrE/editMessageText "HTTP/1.1 200 OK"
2025-04-28 02:50:06,378 - httpx - INFO - HTTP Request: POST https://api.telegram.org/bot8084223356:AAH0f9ib-iOJlt4xZWPH3r8GecTdVvjYcrE/editMessageText "HTTP/1.1 200 OK"
2025-04-28 02:50:16,033 - httpx - INFO - HTTP Request: POST https://api.telegram.org/bot8084223356:AAH0f9ib-iOJlt4xZWPH3r8GecTdVvjYcrE/getUpdates "HTTP/1.1 200 OK"
2025-04-28 02:50:25,348 - httpx - INFO - HTTP Request: POST https://api.telegram.org/bot8084223356:AAH0f9ib-iOJlt4xZWPH3r8GecTdVvjYcrE/getUpdates "HTTP/1.1 200 OK"
2025-04-28 02:50:25,603 - httpx - INFO - HTTP Request: POST https://api.telegram.org/bot8084223356:AAH0f9ib-iOJlt4xZWPH3r8GecTdVvjYcrE/sendMessage "HTTP/1.1 200 OK"
2025-04-28 02:50:27,123 - httpx - INFO - HTTP Request: POST https://api.telegram.org/bot8084223356:AAH0f9ib-iOJlt4xZWPH3r8GecTdVvjYcrE/getUpdates "HTTP/1.1 200 OK"
2025-04-28 02:50:27,168 - httpx - INFO - HTTP Request: POST https://api.telegram.org/bot8084223356:AAH0f9ib-iOJlt4xZWPH3r8GecTdVvjYcrE/answerCallbackQuery "HTTP/1.1 200 OK"
2025-04-28 02:50:27,224 - httpx - INFO - HTTP Request: POST https://api.telegram.org/bot8084223356:AAH0f9ib-iOJlt4xZWPH3r8GecTdVvjYcrE/editMessageText "HTTP/1.1 200 OK"
2025-04-28 02:50:27,347 - httpx - INFO - HTTP Request: POST https://api.telegram.org/bot8084223356:AAH0f9ib-iOJlt4xZWPH3r8GecTdVvjYcrE/editMessageText "HTTP/1.1 200 OK"
2025-04-28 02:50:37,168 - httpx - INFO - HTTP Request: POST https://api.telegram.org/bot8084223356:AAH0f9ib-iOJlt4xZWPH3r8GecTdVvjYcrE/getUpdates "HTTP/1.1 200 OK"
2025-04-28 02:50:47,222 - httpx - INFO - HTTP Request: POST https://api.telegram.org/bot8084223356:AAH0f9ib-iOJlt4xZWPH3r8GecTdVvjYcrE/getUpdates "HTTP/1.1 200 OK"
2025-04-28 02:50:57,266 - httpx - INFO - HTTP Request: POST https://api.telegram.org/bot8084223356:AAH0f9ib-iOJlt4xZWPH3r8GecTdVvjYcrE/getUpdates "HTTP/1.1 200 OK"
2025-04-28 02:51:07,312 - httpx - INFO - HTTP Request: POST https://api.telegram.org/bot8084223356:AAH0f9ib-iOJlt4xZWPH3r8GecTdVvjYcrE/getUpdates "HTTP/1.1 200 OK"
2025-04-28 02:51:17,422 - httpx - INFO - HTTP Request: POST https://api.telegram.org/bot8084223356:AAH0f9ib-iOJlt4xZWPH3r8GecTdVvjYcrE/getUpdates "HTTP/1.1 200 OK"
2025-04-28 02:51:27,561 - httpx - INFO - HTTP Request: POST https://api.telegram.org/bot8084223356:AAH0f9ib-iOJlt4xZWPH3r8GecTdVvjYcrE/getUpdates "HTTP/1.1 200 OK"
2025-04-28 02:51:37,605 - httpx - INFO - HTTP Request: POST https://api.telegram.org/bot8084223356:AAH0f9ib-iOJlt4xZWPH3r8GecTdVvjYcrE/getUpdates "HTTP/1.1 200 OK"
2025-04-28 02:51:47,648 - httpx - INFO - HTTP Request: POST https://api.telegram.org/bot8084223356:AAH0f9ib-iOJlt4xZWPH3r8GecTdVvjYcrE/getUpdates "HTTP/1.1 200 OK"
2025-04-28 02:51:57,694 - httpx - INFO - HTTP Request: POST https://api.telegram.org/bot8084223356:AAH0f9ib-iOJlt4xZWPH3r8GecTdVvjYcrE/getUpdates "HTTP/1.1 200 OK"
2025-04-28 02:52:07,740 - httpx - INFO - HTTP Request: POST https://api.telegram.org/bot8084223356:AAH0f9ib-iOJlt4xZWPH3r8GecTdVvjYcrE/getUpdates "HTTP/1.1 200 OK"
2025-04-28 02:52:17,787 - httpx - INFO - HTTP Request: POST https://api.telegram.org/bot8084223356:AAH0f9ib-iOJlt4xZWPH3r8GecTdVvjYcrE/getUpdates "HTTP/1.1 200 OK"
2025-04-28 02:52:27,840 - httpx - INFO - HTTP Request: POST https://api.telegram.org/bot8084223356:AAH0f9ib-iOJlt4xZWPH3r8GecTdVvjYcrE/getUpdates "HTTP/1.1 200 OK"
2025-04-28 02:52:37,885 - httpx - INFO - HTTP Request: POST https://api.telegram.org/bot8084223356:AAH0f9ib-iOJlt4xZWPH3r8GecTdVvjYcrE/getUpdates "HTTP/1.1 200 OK"
2025-04-28 02:52:47,931 - httpx - INFO - HTTP Request: POST https://api.telegram.org/bot8084223356:AAH0f9ib-iOJlt4xZWPH3r8GecTdVvjYcrE/getUpdates "HTTP/1.1 200 OK"
2025-04-28 02:52:57,978 - httpx - INFO - HTTP Request: POST https://api.telegram.org/bot8084223356:AAH0f9ib-iOJlt4xZWPH3r8GecTdVvjYcrE/getUpdates "HTTP/1.1 200 OK"
2025-04-28 02:53:08,023 - httpx - INFO - HTTP Request: POST https://api.telegram.org/bot8084223356:AAH0f9ib-iOJlt4xZWPH3r8GecTdVvjYcrE/getUpdates "HTTP/1.1 200 OK"
2025-04-28 02:53:18,111 - httpx - INFO - HTTP Request: POST https://api.telegram.org/bot8084223356:AAH0f9ib-iOJlt4xZWPH3r8GecTdVvjYcrE/getUpdates "HTTP/1.1 200 OK"
2025-04-28 02:53:28,156 - httpx - INFO - HTTP Request: POST https://api.telegram.org/bot8084223356:AAH0f9ib-iOJlt4xZWPH3r8GecTdVvjYcrE/getUpdates "HTTP/1.1 200 OK"
2025-04-28 02:53:38,198 - httpx - INFO - HTTP Request: POST https://api.telegram.org/bot8084223356:AAH0f9ib-iOJlt4xZWPH3r8GecTdVvjYcrE/getUpdates "HTTP/1.1 200 OK"
2025-04-28 02:53:48,239 - httpx - INFO - HTTP Request: POST https://api.telegram.org/bot8084223356:AAH0f9ib-iOJlt4xZWPH3r8GecTdVvjYcrE/getUpdates "HTTP/1.1 200 OK"
2025-04-28 02:53:58,287 - httpx - INFO - HTTP Request: POST https://api.telegram.org/bot8084223356:AAH0f9ib-iOJlt4xZWPH3r8GecTdVvjYcrE/getUpdates "HTTP/1.1 200 OK"
2025-04-28 02:54:08,329 - httpx - INFO - HTTP Request: POST https://api.telegram.org/bot8084223356:AAH0f9ib-iOJlt4xZWPH3r8GecTdVvjYcrE/getUpdates "HTTP/1.1 200 OK"
2025-04-28 02:54:18,371 - httpx - INFO - HTTP Request: POST https://api.telegram.org/bot8084223356:AAH0f9ib-iOJlt4xZWPH3r8GecTdVvjYcrE/getUpdates "HTTP/1.1 200 OK"
2025-04-28 02:54:28,416 - httpx - INFO - HTTP Request: POST https://api.telegram.org/bot8084223356:AAH0f9ib-iOJlt4xZWPH3r8GecTdVvjYcrE/getUpdates "HTTP/1.1 200 OK"
2025-04-28 02:54:38,459 - httpx - INFO - HTTP Request: POST https://api.telegram.org/bot8084223356:AAH0f9ib-iOJlt4xZWPH3r8GecTdVvjYcrE/getUpdates "HTTP/1.1 200 OK"
2025-04-28 02:54:48,502 - httpx - INFO - HTTP Request: POST https://api.telegram.org/bot8084223356:AAH0f9ib-iOJlt4xZWPH3r8GecTdVvjYcrE/getUpdates "HTTP/1.1 200 OK"
2025-04-28 02:54:58,545 - httpx - INFO - HTTP Request: POST https://api.telegram.org/bot8084223356:AAH0f9ib-iOJlt4xZWPH3r8GecTdVvjYcrE/getUpdates "HTTP/1.1 200 OK"
2025-04-28 02:55:08,636 - httpx - INFO - HTTP Request: POST https://api.telegram.org/bot8084223356:AAH0f9ib-iOJlt4xZWPH3r8GecTdVvjYcrE/getUpdates "HTTP/1.1 200 OK"
2025-04-28 02:55:18,690 - httpx - INFO - HTTP Request: POST https://api.telegram.org/bot8084223356:AAH0f9ib-iOJlt4xZWPH3r8GecTdVvjYcrE/getUpdates "HTTP/1.1 200 OK"
2025-04-28 02:55:28,737 - httpx - INFO - HTTP Request: POST https://api.telegram.org/bot8084223356:AAH0f9ib-iOJlt4xZWPH3r8GecTdVvjYcrE/getUpdates "HTTP/1.1 200 OK"
2025-04-28 02:55:38,790 - httpx - INFO - HTTP Request: POST https://api.telegram.org/bot8084223356:AAH0f9ib-iOJlt4xZWPH3r8GecTdVvjYcrE/getUpdates "HTTP/1.1 200 OK"
2025-04-28 02:55:48,835 - httpx - INFO - HTTP Request: POST https://api.telegram.org/bot8084223356:AAH0f9ib-iOJlt4xZWPH3r8GecTdVvjYcrE/getUpdates "HTTP/1.1 200 OK"
2025-04-28 02:55:58,883 - httpx - INFO - HTTP Request: POST https://api.telegram.org/bot8084223356:AAH0f9ib-iOJlt4xZWPH3r8GecTdVvjYcrE/getUpdates "HTTP/1.1 200 OK"
2025-04-28 02:56:08,931 - httpx - INFO - HTTP Request: POST https://api.telegram.org/bot8084223356:AAH0f9ib-iOJlt4xZWPH3r8GecTdVvjYcrE/getUpdates "HTTP/1.1 200 OK"
2025-04-28 02:56:18,976 - httpx - INFO - HTTP Request: POST https://api.telegram.org/bot8084223356:AAH0f9ib-iOJlt4xZWPH3r8GecTdVvjYcrE/getUpdates "HTTP/1.1 200 OK"
2025-04-28 02:56:29,022 - httpx - INFO - HTTP Request: POST https://api.telegram.org/bot8084223356:AAH0f9ib-iOJlt4xZWPH3r8GecTdVvjYcrE/getUpdates "HTTP/1.1 200 OK"
2025-04-28 02:56:37,787 - httpx - INFO - HTTP Request: POST https://api.telegram.org/bot8084223356:AAH0f9ib-iOJlt4xZWPH3r8GecTdVvjYcrE/getUpdates "HTTP/1.1 200 OK"
2025-04-28 02:56:37,946 - httpx - INFO - HTTP Request: POST https://api.telegram.org/bot8084223356:AAH0f9ib-iOJlt4xZWPH3r8GecTdVvjYcrE/sendMessage "HTTP/1.1 200 OK"
2025-04-28 02:56:44,309 - httpx - INFO - HTTP Request: POST https://api.telegram.org/bot8084223356:AAH0f9ib-iOJlt4xZWPH3r8GecTdVvjYcrE/getUpdates "HTTP/1.1 200 OK"
2025-04-28 02:56:44,462 - httpx - INFO - HTTP Request: POST https://api.telegram.org/bot8084223356:AAH0f9ib-iOJlt4xZWPH3r8GecTdVvjYcrE/answerCallbackQuery "HTTP/1.1 200 OK"
2025-04-28 02:56:44,516 - httpx - INFO - HTTP Request: POST https://api.telegram.org/bot8084223356:AAH0f9ib-iOJlt4xZWPH3r8GecTdVvjYcrE/editMessageText "HTTP/1.1 200 OK"
2025-04-28 02:56:47,022 - httpx - INFO - HTTP Request: POST https://api.telegram.org/bot8084223356:AAH0f9ib-iOJlt4xZWPH3r8GecTdVvjYcrE/getUpdates "HTTP/1.1 200 OK"
2025-04-28 02:56:47,168 - httpx - INFO - HTTP Request: POST https://api.telegram.org/bot8084223356:AAH0f9ib-iOJlt4xZWPH3r8GecTdVvjYcrE/answerCallbackQuery "HTTP/1.1 200 OK"
2025-04-28 02:56:47,347 - httpx - INFO - HTTP Request: POST https://api.telegram.org/bot8084223356:AAH0f9ib-iOJlt4xZWPH3r8GecTdVvjYcrE/answerCallbackQuery "HTTP/1.1 200 OK"
2025-04-28 02:56:47,473 - httpx - INFO - HTTP Request: POST https://api.telegram.org/bot8084223356:AAH0f9ib-iOJlt4xZWPH3r8GecTdVvjYcrE/editMessageText "HTTP/1.1 200 OK"
2025-04-28 02:56:48,379 - httpx - INFO - HTTP Request: POST https://api.telegram.org/bot8084223356:AAH0f9ib-iOJlt4xZWPH3r8GecTdVvjYcrE/getUpdates "HTTP/1.1 200 OK"
2025-04-28 02:56:48,428 - httpx - INFO - HTTP Request: POST https://api.telegram.org/bot8084223356:AAH0f9ib-iOJlt4xZWPH3r8GecTdVvjYcrE/answerCallbackQuery "HTTP/1.1 200 OK"
2025-04-28 02:56:48,497 - httpx - INFO - HTTP Request: POST https://api.telegram.org/bot8084223356:AAH0f9ib-iOJlt4xZWPH3r8GecTdVvjYcrE/editMessageText "HTTP/1.1 200 OK"
2025-04-28 02:56:54,059 - httpx - INFO - HTTP Request: POST https://api.telegram.org/bot8084223356:AAH0f9ib-iOJlt4xZWPH3r8GecTdVvjYcrE/getUpdates "HTTP/1.1 200 OK"
2025-04-28 02:56:54,183 - httpx - INFO - HTTP Request: POST https://api.telegram.org/bot8084223356:AAH0f9ib-iOJlt4xZWPH3r8GecTdVvjYcrE/answerCallbackQuery "HTTP/1.1 200 OK"
2025-04-28 02:56:54,230 - httpx - INFO - HTTP Request: POST https://api.telegram.org/bot8084223356:AAH0f9ib-iOJlt4xZWPH3r8GecTdVvjYcrE/answerCallbackQuery "HTTP/1.1 200 OK"
2025-04-28 02:56:54,286 - httpx - INFO - HTTP Request: POST https://api.telegram.org/bot8084223356:AAH0f9ib-iOJlt4xZWPH3r8GecTdVvjYcrE/editMessageText "HTTP/1.1 200 OK"
2025-04-28 02:56:55,704 - httpx - INFO - HTTP Request: POST https://api.telegram.org/bot8084223356:AAH0f9ib-iOJlt4xZWPH3r8GecTdVvjYcrE/getUpdates "HTTP/1.1 200 OK"
2025-04-28 02:56:55,748 - httpx - INFO - HTTP Request: POST https://api.telegram.org/bot8084223356:AAH0f9ib-iOJlt4xZWPH3r8GecTdVvjYcrE/answerCallbackQuery "HTTP/1.1 200 OK"
2025-04-28 02:56:55,802 - httpx - INFO - HTTP Request: POST https://api.telegram.org/bot8084223356:AAH0f9ib-iOJlt4xZWPH3r8GecTdVvjYcrE/editMessageText "HTTP/1.1 200 OK"
2025-04-28 02:56:56,039 - httpx - INFO - HTTP Request: POST https://api.telegram.org/bot8084223356:AAH0f9ib-iOJlt4xZWPH3r8GecTdVvjYcrE/editMessageText "HTTP/1.1 200 OK"
2025-04-28 02:57:05,750 - httpx - INFO - HTTP Request: POST https://api.telegram.org/bot8084223356:AAH0f9ib-iOJlt4xZWPH3r8GecTdVvjYcrE/getUpdates "HTTP/1.1 200 OK"
2025-04-29 00:44:32,155 - apscheduler.scheduler - INFO - Adding job tentatively -- it will be properly scheduled when the scheduler starts
2025-04-29 00:44:32,166 - __main__ - INFO - Iniciando bot...
2025-04-29 00:44:32,362 - httpx - INFO - HTTP Request: POST https://api.telegram.org/bot8084223356:AAH0f9ib-iOJlt4xZWPH3r8GecTdVvjYcrE/getMe "HTTP/1.1 200 OK"
2025-04-29 00:44:32,406 - httpx - INFO - HTTP Request: POST https://api.telegram.org/bot8084223356:AAH0f9ib-iOJlt4xZWPH3r8GecTdVvjYcrE/deleteWebhook "HTTP/1.1 200 OK"
2025-04-29 00:44:32,409 - apscheduler.scheduler - INFO - Added job "envio_diario_horoscopos" to job store "default"
2025-04-29 00:44:32,410 - apscheduler.scheduler - INFO - Scheduler started
2025-04-29 00:44:32,411 - telegram.ext.Application - INFO - Application started
2025-04-29 00:44:42,550 - httpx - INFO - HTTP Request: POST https://api.telegram.org/bot8084223356:AAH0f9ib-iOJlt4xZWPH3r8GecTdVvjYcrE/getUpdates "HTTP/1.1 200 OK"
2025-04-29 00:44:49,527 - httpx - INFO - HTTP Request: POST https://api.telegram.org/bot8084223356:AAH0f9ib-iOJlt4xZWPH3r8GecTdVvjYcrE/getUpdates "HTTP/1.1 200 OK"
2025-04-29 00:44:49,669 - httpx - INFO - HTTP Request: POST https://api.telegram.org/bot8084223356:AAH0f9ib-iOJlt4xZWPH3r8GecTdVvjYcrE/sendMessage "HTTP/1.1 200 OK"
2025-04-29 00:44:49,670 - __main__ - ERROR - Error al guardar consulta: table usuarios has no column named chat_id
2025-04-29 00:44:59,576 - httpx - INFO - HTTP Request: POST https://api.telegram.org/bot8084223356:AAH0f9ib-iOJlt4xZWPH3r8GecTdVvjYcrE/getUpdates "HTTP/1.1 200 OK"
2025-04-29 00:45:08,344 - httpx - INFO - HTTP Request: POST https://api.telegram.org/bot8084223356:AAH0f9ib-iOJlt4xZWPH3r8GecTdVvjYcrE/getUpdates "HTTP/1.1 200 OK"
2025-04-29 00:45:08,471 - httpx - INFO - HTTP Request: POST https://api.telegram.org/bot8084223356:AAH0f9ib-iOJlt4xZWPH3r8GecTdVvjYcrE/answerCallbackQuery "HTTP/1.1 200 OK"
2025-04-29 00:45:08,539 - httpx - INFO - HTTP Request: POST https://api.telegram.org/bot8084223356:AAH0f9ib-iOJlt4xZWPH3r8GecTdVvjYcrE/sendMessage "HTTP/1.1 200 OK"
2025-04-29 00:45:09,938 - httpx - INFO - HTTP Request: POST https://api.telegram.org/bot8084223356:AAH0f9ib-iOJlt4xZWPH3r8GecTdVvjYcrE/editMessageText "HTTP/1.1 200 OK"
2025-04-29 00:45:09,939 - __main__ - ERROR - Error al guardar consulta: table usuarios has no column named chat_id
2025-04-29 00:45:18,389 - httpx - INFO - HTTP Request: POST https://api.telegram.org/bot8084223356:AAH0f9ib-iOJlt4xZWPH3r8GecTdVvjYcrE/getUpdates "HTTP/1.1 200 OK"
2025-04-29 00:45:28,186 - httpx - INFO - HTTP Request: POST https://api.telegram.org/bot8084223356:AAH0f9ib-iOJlt4xZWPH3r8GecTdVvjYcrE/getUpdates "HTTP/1.1 200 OK"
2025-04-29 00:45:28,347 - httpx - INFO - HTTP Request: POST https://api.telegram.org/bot8084223356:AAH0f9ib-iOJlt4xZWPH3r8GecTdVvjYcrE/answerCallbackQuery "HTTP/1.1 200 OK"
2025-04-29 00:45:28,409 - httpx - INFO - HTTP Request: POST https://api.telegram.org/bot8084223356:AAH0f9ib-iOJlt4xZWPH3r8GecTdVvjYcrE/sendMessage "HTTP/1.1 200 OK"
2025-04-29 00:45:29,660 - httpx - INFO - HTTP Request: POST https://api.telegram.org/bot8084223356:AAH0f9ib-iOJlt4xZWPH3r8GecTdVvjYcrE/editMessageText "HTTP/1.1 200 OK"
2025-04-29 00:45:29,661 - __main__ - ERROR - Error al guardar consulta: table usuarios has no column named chat_id
2025-04-29 00:45:38,229 - httpx - INFO - HTTP Request: POST https://api.telegram.org/bot8084223356:AAH0f9ib-iOJlt4xZWPH3r8GecTdVvjYcrE/getUpdates "HTTP/1.1 200 OK"
2025-04-29 00:45:48,273 - httpx - INFO - HTTP Request: POST https://api.telegram.org/bot8084223356:AAH0f9ib-iOJlt4xZWPH3r8GecTdVvjYcrE/getUpdates "HTTP/1.1 200 OK"
2025-04-29 00:45:58,324 - httpx - INFO - HTTP Request: POST https://api.telegram.org/bot8084223356:AAH0f9ib-iOJlt4xZWPH3r8GecTdVvjYcrE/getUpdates "HTTP/1.1 200 OK"
2025-04-29 00:46:08,476 - httpx - INFO - HTTP Request: POST https://api.telegram.org/bot8084223356:AAH0f9ib-iOJlt4xZWPH3r8GecTdVvjYcrE/getUpdates "HTTP/1.1 200 OK"
2025-04-29 00:46:08,632 - httpx - INFO - HTTP Request: POST https://api.telegram.org/bot8084223356:AAH0f9ib-iOJlt4xZWPH3r8GecTdVvjYcrE/getUpdates "HTTP/1.1 200 OK"
2025-04-29 00:46:08,786 - httpx - INFO - HTTP Request: POST https://api.telegram.org/bot8084223356:AAH0f9ib-iOJlt4xZWPH3r8GecTdVvjYcrE/answerCallbackQuery "HTTP/1.1 200 OK"
2025-04-29 00:46:08,856 - httpx - INFO - HTTP Request: POST https://api.telegram.org/bot8084223356:AAH0f9ib-iOJlt4xZWPH3r8GecTdVvjYcrE/editMessageText "HTTP/1.1 200 OK"
2025-04-29 00:46:08,857 - __main__ - ERROR - Error al guardar consulta: table usuarios has no column named chat_id
2025-04-29 00:46:12,292 - httpx - INFO - HTTP Request: POST https://api.telegram.org/bot8084223356:AAH0f9ib-iOJlt4xZWPH3r8GecTdVvjYcrE/getUpdates "HTTP/1.1 200 OK"
2025-04-29 00:46:12,431 - httpx - INFO - HTTP Request: POST https://api.telegram.org/bot8084223356:AAH0f9ib-iOJlt4xZWPH3r8GecTdVvjYcrE/answerCallbackQuery "HTTP/1.1 200 OK"
2025-04-29 00:46:12,432 - telegram.ext.Application - ERROR - No error handlers are registered, logging exception.
Traceback (most recent call last):
  File "C:\Users\PC\AppData\Local\Programs\Python\Python313\Lib\site-packages\telegram\ext\_application.py", line 1298, in process_update
    await coroutine
  File "C:\Users\PC\AppData\Local\Programs\Python\Python313\Lib\site-packages\telegram\ext\_handlers\basehandler.py", line 158, in handle_update
    return await self.callback(update, context)
           ^^^^^^^^^^^^^^^^^^^^^^^^^^^^^^^^^^^^
  File "C:\mi-bot-horoscopo\bot.py", line 396, in manejar_botones
    await mostrar_configuracion(update, context)
          ^^^^^^^^^^^^^^^^^^^^^
NameError: name 'mostrar_configuracion' is not defined
2025-04-29 00:46:18,729 - httpx - INFO - HTTP Request: POST https://api.telegram.org/bot8084223356:AAH0f9ib-iOJlt4xZWPH3r8GecTdVvjYcrE/getUpdates "HTTP/1.1 200 OK"
2025-04-29 00:46:18,894 - httpx - INFO - HTTP Request: POST https://api.telegram.org/bot8084223356:AAH0f9ib-iOJlt4xZWPH3r8GecTdVvjYcrE/answerCallbackQuery "HTTP/1.1 200 OK"
2025-04-29 00:46:18,895 - telegram.ext.Application - ERROR - No error handlers are registered, logging exception.
Traceback (most recent call last):
  File "C:\Users\PC\AppData\Local\Programs\Python\Python313\Lib\site-packages\telegram\ext\_application.py", line 1298, in process_update
    await coroutine
  File "C:\Users\PC\AppData\Local\Programs\Python\Python313\Lib\site-packages\telegram\ext\_handlers\basehandler.py", line 158, in handle_update
    return await self.callback(update, context)
           ^^^^^^^^^^^^^^^^^^^^^^^^^^^^^^^^^^^^
  File "C:\mi-bot-horoscopo\bot.py", line 396, in manejar_botones
    await mostrar_configuracion(update, context)
          ^^^^^^^^^^^^^^^^^^^^^
NameError: name 'mostrar_configuracion' is not defined
2025-04-29 00:46:28,772 - httpx - INFO - HTTP Request: POST https://api.telegram.org/bot8084223356:AAH0f9ib-iOJlt4xZWPH3r8GecTdVvjYcrE/getUpdates "HTTP/1.1 200 OK"
2025-04-29 00:46:38,814 - httpx - INFO - HTTP Request: POST https://api.telegram.org/bot8084223356:AAH0f9ib-iOJlt4xZWPH3r8GecTdVvjYcrE/getUpdates "HTTP/1.1 200 OK"
2025-04-29 00:46:44,312 - httpx - INFO - HTTP Request: POST https://api.telegram.org/bot8084223356:AAH0f9ib-iOJlt4xZWPH3r8GecTdVvjYcrE/getUpdates "HTTP/1.1 200 OK"
2025-04-29 00:46:44,485 - httpx - INFO - HTTP Request: POST https://api.telegram.org/bot8084223356:AAH0f9ib-iOJlt4xZWPH3r8GecTdVvjYcrE/answerCallbackQuery "HTTP/1.1 200 OK"
2025-04-29 00:46:44,486 - __main__ - ERROR - Error al obtener estadísticas: no such column: fecha
2025-04-29 00:46:44,546 - httpx - INFO - HTTP Request: POST https://api.telegram.org/bot8084223356:AAH0f9ib-iOJlt4xZWPH3r8GecTdVvjYcrE/editMessageText "HTTP/1.1 200 OK"
2025-04-29 00:46:49,818 - httpx - INFO - HTTP Request: POST https://api.telegram.org/bot8084223356:AAH0f9ib-iOJlt4xZWPH3r8GecTdVvjYcrE/getUpdates "HTTP/1.1 200 OK"
2025-04-29 00:46:49,944 - httpx - INFO - HTTP Request: POST https://api.telegram.org/bot8084223356:AAH0f9ib-iOJlt4xZWPH3r8GecTdVvjYcrE/answerCallbackQuery "HTTP/1.1 200 OK"
2025-04-29 00:46:50,001 - httpx - INFO - HTTP Request: POST https://api.telegram.org/bot8084223356:AAH0f9ib-iOJlt4xZWPH3r8GecTdVvjYcrE/editMessageText "HTTP/1.1 200 OK"
2025-04-29 00:46:50,002 - __main__ - ERROR - Error al guardar consulta: table usuarios has no column named chat_id
2025-04-29 00:46:52,635 - httpx - INFO - HTTP Request: POST https://api.telegram.org/bot8084223356:AAH0f9ib-iOJlt4xZWPH3r8GecTdVvjYcrE/getUpdates "HTTP/1.1 200 OK"
2025-04-29 00:46:52,774 - httpx - INFO - HTTP Request: POST https://api.telegram.org/bot8084223356:AAH0f9ib-iOJlt4xZWPH3r8GecTdVvjYcrE/answerCallbackQuery "HTTP/1.1 200 OK"
2025-04-29 00:46:52,775 - telegram.ext.Application - ERROR - No error handlers are registered, logging exception.
Traceback (most recent call last):
  File "C:\Users\PC\AppData\Local\Programs\Python\Python313\Lib\site-packages\telegram\ext\_application.py", line 1298, in process_update
    await coroutine
  File "C:\Users\PC\AppData\Local\Programs\Python\Python313\Lib\site-packages\telegram\ext\_handlers\basehandler.py", line 158, in handle_update
    return await self.callback(update, context)
           ^^^^^^^^^^^^^^^^^^^^^^^^^^^^^^^^^^^^
  File "C:\mi-bot-horoscopo\bot.py", line 394, in manejar_botones
    await mostrar_ayuda(update, context)
          ^^^^^^^^^^^^^
NameError: name 'mostrar_ayuda' is not defined
2025-04-29 00:46:56,080 - httpx - INFO - HTTP Request: POST https://api.telegram.org/bot8084223356:AAH0f9ib-iOJlt4xZWPH3r8GecTdVvjYcrE/getUpdates "HTTP/1.1 200 OK"
2025-04-29 00:46:56,152 - httpx - INFO - HTTP Request: POST https://api.telegram.org/bot8084223356:AAH0f9ib-iOJlt4xZWPH3r8GecTdVvjYcrE/answerCallbackQuery "HTTP/1.1 200 OK"
2025-04-29 00:46:56,152 - telegram.ext.Application - ERROR - No error handlers are registered, logging exception.
Traceback (most recent call last):
  File "C:\Users\PC\AppData\Local\Programs\Python\Python313\Lib\site-packages\telegram\ext\_application.py", line 1298, in process_update
    await coroutine
  File "C:\Users\PC\AppData\Local\Programs\Python\Python313\Lib\site-packages\telegram\ext\_handlers\basehandler.py", line 158, in handle_update
    return await self.callback(update, context)
           ^^^^^^^^^^^^^^^^^^^^^^^^^^^^^^^^^^^^
  File "C:\mi-bot-horoscopo\bot.py", line 394, in manejar_botones
    await mostrar_ayuda(update, context)
          ^^^^^^^^^^^^^
NameError: name 'mostrar_ayuda' is not defined
2025-04-29 00:46:57,733 - httpx - INFO - HTTP Request: POST https://api.telegram.org/bot8084223356:AAH0f9ib-iOJlt4xZWPH3r8GecTdVvjYcrE/getUpdates "HTTP/1.1 200 OK"
2025-04-29 00:46:57,776 - httpx - INFO - HTTP Request: POST https://api.telegram.org/bot8084223356:AAH0f9ib-iOJlt4xZWPH3r8GecTdVvjYcrE/answerCallbackQuery "HTTP/1.1 200 OK"
2025-04-29 00:46:57,777 - telegram.ext.Application - ERROR - No error handlers are registered, logging exception.
Traceback (most recent call last):
  File "C:\Users\PC\AppData\Local\Programs\Python\Python313\Lib\site-packages\telegram\ext\_application.py", line 1298, in process_update
    await coroutine
  File "C:\Users\PC\AppData\Local\Programs\Python\Python313\Lib\site-packages\telegram\ext\_handlers\basehandler.py", line 158, in handle_update
    return await self.callback(update, context)
           ^^^^^^^^^^^^^^^^^^^^^^^^^^^^^^^^^^^^
  File "C:\mi-bot-horoscopo\bot.py", line 396, in manejar_botones
    await mostrar_configuracion(update, context)
          ^^^^^^^^^^^^^^^^^^^^^
NameError: name 'mostrar_configuracion' is not defined
2025-04-29 00:46:59,721 - httpx - INFO - HTTP Request: POST https://api.telegram.org/bot8084223356:AAH0f9ib-iOJlt4xZWPH3r8GecTdVvjYcrE/getUpdates "HTTP/1.1 200 OK"
2025-04-29 00:47:09,769 - httpx - INFO - HTTP Request: POST https://api.telegram.org/bot8084223356:AAH0f9ib-iOJlt4xZWPH3r8GecTdVvjYcrE/getUpdates "HTTP/1.1 200 OK"
2025-04-29 00:47:11,439 - httpx - INFO - HTTP Request: POST https://api.telegram.org/bot8084223356:AAH0f9ib-iOJlt4xZWPH3r8GecTdVvjYcrE/getUpdates "HTTP/1.1 200 OK"
2025-04-29 00:47:11,643 - httpx - INFO - HTTP Request: POST https://api.telegram.org/bot8084223356:AAH0f9ib-iOJlt4xZWPH3r8GecTdVvjYcrE/answerCallbackQuery "HTTP/1.1 200 OK"
2025-04-29 00:47:11,759 - httpx - INFO - HTTP Request: POST https://api.telegram.org/bot8084223356:AAH0f9ib-iOJlt4xZWPH3r8GecTdVvjYcrE/sendMessage "HTTP/1.1 200 OK"
2025-04-29 00:47:13,146 - httpx - INFO - HTTP Request: POST https://api.telegram.org/bot8084223356:AAH0f9ib-iOJlt4xZWPH3r8GecTdVvjYcrE/editMessageText "HTTP/1.1 200 OK"
2025-04-29 00:47:13,148 - __main__ - ERROR - Error al guardar consulta: table usuarios has no column named chat_id
2025-04-29 00:47:21,489 - httpx - INFO - HTTP Request: POST https://api.telegram.org/bot8084223356:AAH0f9ib-iOJlt4xZWPH3r8GecTdVvjYcrE/getUpdates "HTTP/1.1 200 OK"
2025-04-29 00:47:31,535 - httpx - INFO - HTTP Request: POST https://api.telegram.org/bot8084223356:AAH0f9ib-iOJlt4xZWPH3r8GecTdVvjYcrE/getUpdates "HTTP/1.1 200 OK"
2025-04-29 00:47:41,581 - httpx - INFO - HTTP Request: POST https://api.telegram.org/bot8084223356:AAH0f9ib-iOJlt4xZWPH3r8GecTdVvjYcrE/getUpdates "HTTP/1.1 200 OK"
2025-04-29 00:47:51,624 - httpx - INFO - HTTP Request: POST https://api.telegram.org/bot8084223356:AAH0f9ib-iOJlt4xZWPH3r8GecTdVvjYcrE/getUpdates "HTTP/1.1 200 OK"
2025-04-29 00:48:01,669 - httpx - INFO - HTTP Request: POST https://api.telegram.org/bot8084223356:AAH0f9ib-iOJlt4xZWPH3r8GecTdVvjYcrE/getUpdates "HTTP/1.1 200 OK"
2025-04-29 00:48:11,711 - httpx - INFO - HTTP Request: POST https://api.telegram.org/bot8084223356:AAH0f9ib-iOJlt4xZWPH3r8GecTdVvjYcrE/getUpdates "HTTP/1.1 200 OK"
2025-04-29 00:48:21,755 - httpx - INFO - HTTP Request: POST https://api.telegram.org/bot8084223356:AAH0f9ib-iOJlt4xZWPH3r8GecTdVvjYcrE/getUpdates "HTTP/1.1 200 OK"
2025-04-29 00:48:31,880 - httpx - INFO - HTTP Request: POST https://api.telegram.org/bot8084223356:AAH0f9ib-iOJlt4xZWPH3r8GecTdVvjYcrE/getUpdates "HTTP/1.1 200 OK"
2025-04-29 00:48:41,926 - httpx - INFO - HTTP Request: POST https://api.telegram.org/bot8084223356:AAH0f9ib-iOJlt4xZWPH3r8GecTdVvjYcrE/getUpdates "HTTP/1.1 200 OK"
2025-04-29 00:48:51,975 - httpx - INFO - HTTP Request: POST https://api.telegram.org/bot8084223356:AAH0f9ib-iOJlt4xZWPH3r8GecTdVvjYcrE/getUpdates "HTTP/1.1 200 OK"
2025-04-29 00:49:02,025 - httpx - INFO - HTTP Request: POST https://api.telegram.org/bot8084223356:AAH0f9ib-iOJlt4xZWPH3r8GecTdVvjYcrE/getUpdates "HTTP/1.1 200 OK"
2025-04-29 00:49:12,070 - httpx - INFO - HTTP Request: POST https://api.telegram.org/bot8084223356:AAH0f9ib-iOJlt4xZWPH3r8GecTdVvjYcrE/getUpdates "HTTP/1.1 200 OK"
2025-04-29 00:49:22,172 - httpx - INFO - HTTP Request: POST https://api.telegram.org/bot8084223356:AAH0f9ib-iOJlt4xZWPH3r8GecTdVvjYcrE/getUpdates "HTTP/1.1 200 OK"
2025-04-29 00:49:32,217 - httpx - INFO - HTTP Request: POST https://api.telegram.org/bot8084223356:AAH0f9ib-iOJlt4xZWPH3r8GecTdVvjYcrE/getUpdates "HTTP/1.1 200 OK"
2025-04-29 00:49:42,265 - httpx - INFO - HTTP Request: POST https://api.telegram.org/bot8084223356:AAH0f9ib-iOJlt4xZWPH3r8GecTdVvjYcrE/getUpdates "HTTP/1.1 200 OK"
2025-04-29 00:49:52,316 - httpx - INFO - HTTP Request: POST https://api.telegram.org/bot8084223356:AAH0f9ib-iOJlt4xZWPH3r8GecTdVvjYcrE/getUpdates "HTTP/1.1 200 OK"
2025-04-29 00:50:02,362 - httpx - INFO - HTTP Request: POST https://api.telegram.org/bot8084223356:AAH0f9ib-iOJlt4xZWPH3r8GecTdVvjYcrE/getUpdates "HTTP/1.1 200 OK"
2025-04-29 00:50:12,408 - httpx - INFO - HTTP Request: POST https://api.telegram.org/bot8084223356:AAH0f9ib-iOJlt4xZWPH3r8GecTdVvjYcrE/getUpdates "HTTP/1.1 200 OK"
2025-04-29 00:50:22,452 - httpx - INFO - HTTP Request: POST https://api.telegram.org/bot8084223356:AAH0f9ib-iOJlt4xZWPH3r8GecTdVvjYcrE/getUpdates "HTTP/1.1 200 OK"
2025-04-29 00:50:32,499 - httpx - INFO - HTTP Request: POST https://api.telegram.org/bot8084223356:AAH0f9ib-iOJlt4xZWPH3r8GecTdVvjYcrE/getUpdates "HTTP/1.1 200 OK"
2025-04-29 00:50:42,544 - httpx - INFO - HTTP Request: POST https://api.telegram.org/bot8084223356:AAH0f9ib-iOJlt4xZWPH3r8GecTdVvjYcrE/getUpdates "HTTP/1.1 200 OK"
2025-04-29 00:50:52,643 - httpx - INFO - HTTP Request: POST https://api.telegram.org/bot8084223356:AAH0f9ib-iOJlt4xZWPH3r8GecTdVvjYcrE/getUpdates "HTTP/1.1 200 OK"
2025-04-29 00:51:02,761 - httpx - INFO - HTTP Request: POST https://api.telegram.org/bot8084223356:AAH0f9ib-iOJlt4xZWPH3r8GecTdVvjYcrE/getUpdates "HTTP/1.1 200 OK"
2025-04-29 00:51:12,805 - httpx - INFO - HTTP Request: POST https://api.telegram.org/bot8084223356:AAH0f9ib-iOJlt4xZWPH3r8GecTdVvjYcrE/getUpdates "HTTP/1.1 200 OK"
2025-04-29 00:51:22,850 - httpx - INFO - HTTP Request: POST https://api.telegram.org/bot8084223356:AAH0f9ib-iOJlt4xZWPH3r8GecTdVvjYcrE/getUpdates "HTTP/1.1 200 OK"
2025-04-29 00:51:32,892 - httpx - INFO - HTTP Request: POST https://api.telegram.org/bot8084223356:AAH0f9ib-iOJlt4xZWPH3r8GecTdVvjYcrE/getUpdates "HTTP/1.1 200 OK"
2025-04-29 00:51:42,935 - httpx - INFO - HTTP Request: POST https://api.telegram.org/bot8084223356:AAH0f9ib-iOJlt4xZWPH3r8GecTdVvjYcrE/getUpdates "HTTP/1.1 200 OK"
2025-04-29 00:51:52,979 - httpx - INFO - HTTP Request: POST https://api.telegram.org/bot8084223356:AAH0f9ib-iOJlt4xZWPH3r8GecTdVvjYcrE/getUpdates "HTTP/1.1 200 OK"
2025-04-29 00:52:03,023 - httpx - INFO - HTTP Request: POST https://api.telegram.org/bot8084223356:AAH0f9ib-iOJlt4xZWPH3r8GecTdVvjYcrE/getUpdates "HTTP/1.1 200 OK"
2025-04-29 00:52:13,067 - httpx - INFO - HTTP Request: POST https://api.telegram.org/bot8084223356:AAH0f9ib-iOJlt4xZWPH3r8GecTdVvjYcrE/getUpdates "HTTP/1.1 200 OK"
2025-04-29 00:52:23,112 - httpx - INFO - HTTP Request: POST https://api.telegram.org/bot8084223356:AAH0f9ib-iOJlt4xZWPH3r8GecTdVvjYcrE/getUpdates "HTTP/1.1 200 OK"
2025-04-29 00:52:33,159 - httpx - INFO - HTTP Request: POST https://api.telegram.org/bot8084223356:AAH0f9ib-iOJlt4xZWPH3r8GecTdVvjYcrE/getUpdates "HTTP/1.1 200 OK"
2025-04-29 00:52:43,205 - httpx - INFO - HTTP Request: POST https://api.telegram.org/bot8084223356:AAH0f9ib-iOJlt4xZWPH3r8GecTdVvjYcrE/getUpdates "HTTP/1.1 200 OK"
2025-04-29 00:52:53,251 - httpx - INFO - HTTP Request: POST https://api.telegram.org/bot8084223356:AAH0f9ib-iOJlt4xZWPH3r8GecTdVvjYcrE/getUpdates "HTTP/1.1 200 OK"
2025-04-29 00:53:03,298 - httpx - INFO - HTTP Request: POST https://api.telegram.org/bot8084223356:AAH0f9ib-iOJlt4xZWPH3r8GecTdVvjYcrE/getUpdates "HTTP/1.1 200 OK"
2025-04-29 00:53:13,350 - httpx - INFO - HTTP Request: POST https://api.telegram.org/bot8084223356:AAH0f9ib-iOJlt4xZWPH3r8GecTdVvjYcrE/getUpdates "HTTP/1.1 200 OK"
2025-04-29 00:53:23,396 - httpx - INFO - HTTP Request: POST https://api.telegram.org/bot8084223356:AAH0f9ib-iOJlt4xZWPH3r8GecTdVvjYcrE/getUpdates "HTTP/1.1 200 OK"
2025-04-29 00:53:30,312 - httpx - INFO - HTTP Request: POST https://api.telegram.org/bot8084223356:AAH0f9ib-iOJlt4xZWPH3r8GecTdVvjYcrE/getUpdates "HTTP/1.1 200 OK"
2025-04-29 00:53:30,658 - httpx - INFO - HTTP Request: POST https://api.telegram.org/bot8084223356:AAH0f9ib-iOJlt4xZWPH3r8GecTdVvjYcrE/sendMessage "HTTP/1.1 200 OK"
2025-04-29 00:53:30,659 - __main__ - ERROR - Error al guardar consulta: table usuarios has no column named chat_id
2025-04-29 00:53:40,359 - httpx - INFO - HTTP Request: POST https://api.telegram.org/bot8084223356:AAH0f9ib-iOJlt4xZWPH3r8GecTdVvjYcrE/getUpdates "HTTP/1.1 200 OK"
2025-04-29 00:53:50,403 - httpx - INFO - HTTP Request: POST https://api.telegram.org/bot8084223356:AAH0f9ib-iOJlt4xZWPH3r8GecTdVvjYcrE/getUpdates "HTTP/1.1 200 OK"
2025-04-29 00:53:58,178 - httpx - INFO - HTTP Request: POST https://api.telegram.org/bot8084223356:AAH0f9ib-iOJlt4xZWPH3r8GecTdVvjYcrE/getUpdates "HTTP/1.1 200 OK"
2025-04-29 00:53:58,472 - httpx - INFO - HTTP Request: POST https://api.telegram.org/bot8084223356:AAH0f9ib-iOJlt4xZWPH3r8GecTdVvjYcrE/answerCallbackQuery "HTTP/1.1 200 OK"
2025-04-29 00:53:58,643 - httpx - INFO - HTTP Request: POST https://api.telegram.org/bot8084223356:AAH0f9ib-iOJlt4xZWPH3r8GecTdVvjYcrE/sendMessage "HTTP/1.1 200 OK"
2025-04-29 00:53:59,992 - httpx - INFO - HTTP Request: POST https://api.telegram.org/bot8084223356:AAH0f9ib-iOJlt4xZWPH3r8GecTdVvjYcrE/editMessageText "HTTP/1.1 200 OK"
2025-04-29 00:53:59,993 - __main__ - ERROR - Error al guardar consulta: table usuarios has no column named chat_id
2025-04-29 00:54:08,226 - httpx - INFO - HTTP Request: POST https://api.telegram.org/bot8084223356:AAH0f9ib-iOJlt4xZWPH3r8GecTdVvjYcrE/getUpdates "HTTP/1.1 200 OK"
2025-04-29 00:54:18,270 - httpx - INFO - HTTP Request: POST https://api.telegram.org/bot8084223356:AAH0f9ib-iOJlt4xZWPH3r8GecTdVvjYcrE/getUpdates "HTTP/1.1 200 OK"
2025-04-29 00:54:28,315 - httpx - INFO - HTTP Request: POST https://api.telegram.org/bot8084223356:AAH0f9ib-iOJlt4xZWPH3r8GecTdVvjYcrE/getUpdates "HTTP/1.1 200 OK"
2025-04-29 00:54:38,361 - httpx - INFO - HTTP Request: POST https://api.telegram.org/bot8084223356:AAH0f9ib-iOJlt4xZWPH3r8GecTdVvjYcrE/getUpdates "HTTP/1.1 200 OK"
2025-04-29 00:54:48,404 - httpx - INFO - HTTP Request: POST https://api.telegram.org/bot8084223356:AAH0f9ib-iOJlt4xZWPH3r8GecTdVvjYcrE/getUpdates "HTTP/1.1 200 OK"
2025-04-29 00:54:58,446 - httpx - INFO - HTTP Request: POST https://api.telegram.org/bot8084223356:AAH0f9ib-iOJlt4xZWPH3r8GecTdVvjYcrE/getUpdates "HTTP/1.1 200 OK"
2025-04-29 00:55:08,009 - httpx - INFO - HTTP Request: POST https://api.telegram.org/bot8084223356:AAH0f9ib-iOJlt4xZWPH3r8GecTdVvjYcrE/getUpdates "HTTP/1.1 200 OK"
2025-04-29 00:55:08,198 - httpx - INFO - HTTP Request: POST https://api.telegram.org/bot8084223356:AAH0f9ib-iOJlt4xZWPH3r8GecTdVvjYcrE/answerCallbackQuery "HTTP/1.1 200 OK"
2025-04-29 00:55:08,254 - httpx - INFO - HTTP Request: POST https://api.telegram.org/bot8084223356:AAH0f9ib-iOJlt4xZWPH3r8GecTdVvjYcrE/editMessageText "HTTP/1.1 200 OK"
2025-04-29 00:55:08,255 - __main__ - ERROR - Error al guardar consulta: table usuarios has no column named chat_id
2025-04-29 00:55:11,117 - httpx - INFO - HTTP Request: POST https://api.telegram.org/bot8084223356:AAH0f9ib-iOJlt4xZWPH3r8GecTdVvjYcrE/getUpdates "HTTP/1.1 200 OK"
2025-04-29 00:55:11,171 - httpx - INFO - HTTP Request: POST https://api.telegram.org/bot8084223356:AAH0f9ib-iOJlt4xZWPH3r8GecTdVvjYcrE/answerCallbackQuery "HTTP/1.1 200 OK"
2025-04-29 00:55:11,172 - telegram.ext.Application - ERROR - No error handlers are registered, logging exception.
Traceback (most recent call last):
  File "C:\Users\PC\AppData\Local\Programs\Python\Python313\Lib\site-packages\telegram\ext\_application.py", line 1298, in process_update
    await coroutine
  File "C:\Users\PC\AppData\Local\Programs\Python\Python313\Lib\site-packages\telegram\ext\_handlers\basehandler.py", line 158, in handle_update
    return await self.callback(update, context)
           ^^^^^^^^^^^^^^^^^^^^^^^^^^^^^^^^^^^^
  File "C:\mi-bot-horoscopo\bot.py", line 394, in manejar_botones
    await mostrar_ayuda(update, context)
          ^^^^^^^^^^^^^
NameError: name 'mostrar_ayuda' is not defined
2025-04-29 00:55:13,918 - httpx - INFO - HTTP Request: POST https://api.telegram.org/bot8084223356:AAH0f9ib-iOJlt4xZWPH3r8GecTdVvjYcrE/getUpdates "HTTP/1.1 200 OK"
2025-04-29 00:55:13,996 - httpx - INFO - HTTP Request: POST https://api.telegram.org/bot8084223356:AAH0f9ib-iOJlt4xZWPH3r8GecTdVvjYcrE/answerCallbackQuery "HTTP/1.1 200 OK"
2025-04-29 00:55:13,997 - telegram.ext.Application - ERROR - No error handlers are registered, logging exception.
Traceback (most recent call last):
  File "C:\Users\PC\AppData\Local\Programs\Python\Python313\Lib\site-packages\telegram\ext\_application.py", line 1298, in process_update
    await coroutine
  File "C:\Users\PC\AppData\Local\Programs\Python\Python313\Lib\site-packages\telegram\ext\_handlers\basehandler.py", line 158, in handle_update
    return await self.callback(update, context)
           ^^^^^^^^^^^^^^^^^^^^^^^^^^^^^^^^^^^^
  File "C:\mi-bot-horoscopo\bot.py", line 396, in manejar_botones
    await mostrar_configuracion(update, context)
          ^^^^^^^^^^^^^^^^^^^^^
NameError: name 'mostrar_configuracion' is not defined
2025-04-29 00:55:15,288 - httpx - INFO - HTTP Request: POST https://api.telegram.org/bot8084223356:AAH0f9ib-iOJlt4xZWPH3r8GecTdVvjYcrE/getUpdates "HTTP/1.1 200 OK"
2025-04-29 00:55:15,336 - httpx - INFO - HTTP Request: POST https://api.telegram.org/bot8084223356:AAH0f9ib-iOJlt4xZWPH3r8GecTdVvjYcrE/answerCallbackQuery "HTTP/1.1 200 OK"
2025-04-29 00:55:15,337 - __main__ - ERROR - Error al obtener estadísticas: no such column: fecha
2025-04-29 00:55:15,394 - httpx - INFO - HTTP Request: POST https://api.telegram.org/bot8084223356:AAH0f9ib-iOJlt4xZWPH3r8GecTdVvjYcrE/editMessageText "HTTP/1.1 200 OK"
2025-04-29 00:55:17,522 - httpx - INFO - HTTP Request: POST https://api.telegram.org/bot8084223356:AAH0f9ib-iOJlt4xZWPH3r8GecTdVvjYcrE/getUpdates "HTTP/1.1 200 OK"
2025-04-29 00:55:17,587 - httpx - INFO - HTTP Request: POST https://api.telegram.org/bot8084223356:AAH0f9ib-iOJlt4xZWPH3r8GecTdVvjYcrE/answerCallbackQuery "HTTP/1.1 200 OK"
2025-04-29 00:55:17,665 - httpx - INFO - HTTP Request: POST https://api.telegram.org/bot8084223356:AAH0f9ib-iOJlt4xZWPH3r8GecTdVvjYcrE/sendMessage "HTTP/1.1 200 OK"
2025-04-29 00:55:18,968 - httpx - INFO - HTTP Request: POST https://api.telegram.org/bot8084223356:AAH0f9ib-iOJlt4xZWPH3r8GecTdVvjYcrE/editMessageText "HTTP/1.1 200 OK"
2025-04-29 00:55:18,971 - __main__ - ERROR - Error al guardar consulta: table usuarios has no column named chat_id
2025-04-29 00:55:21,565 - httpx - INFO - HTTP Request: POST https://api.telegram.org/bot8084223356:AAH0f9ib-iOJlt4xZWPH3r8GecTdVvjYcrE/getUpdates "HTTP/1.1 200 OK"
2025-04-29 00:55:21,611 - httpx - INFO - HTTP Request: POST https://api.telegram.org/bot8084223356:AAH0f9ib-iOJlt4xZWPH3r8GecTdVvjYcrE/answerCallbackQuery "HTTP/1.1 200 OK"
2025-04-29 00:55:21,694 - httpx - INFO - HTTP Request: POST https://api.telegram.org/bot8084223356:AAH0f9ib-iOJlt4xZWPH3r8GecTdVvjYcrE/sendMessage "HTTP/1.1 200 OK"
2025-04-29 00:55:22,889 - httpx - INFO - HTTP Request: POST https://api.telegram.org/bot8084223356:AAH0f9ib-iOJlt4xZWPH3r8GecTdVvjYcrE/editMessageText "HTTP/1.1 200 OK"
2025-04-29 00:55:22,890 - __main__ - ERROR - Error al guardar consulta: table usuarios has no column named chat_id
2025-04-29 00:55:27,779 - httpx - INFO - HTTP Request: POST https://api.telegram.org/bot8084223356:AAH0f9ib-iOJlt4xZWPH3r8GecTdVvjYcrE/getUpdates "HTTP/1.1 200 OK"
2025-04-29 00:55:27,889 - httpx - INFO - HTTP Request: POST https://api.telegram.org/bot8084223356:AAH0f9ib-iOJlt4xZWPH3r8GecTdVvjYcrE/sendMessage "HTTP/1.1 200 OK"
2025-04-29 00:55:27,890 - __main__ - ERROR - Error al guardar consulta: table usuarios has no column named chat_id
2025-04-29 00:55:37,827 - httpx - INFO - HTTP Request: POST https://api.telegram.org/bot8084223356:AAH0f9ib-iOJlt4xZWPH3r8GecTdVvjYcrE/getUpdates "HTTP/1.1 200 OK"
2025-04-29 00:55:47,869 - httpx - INFO - HTTP Request: POST https://api.telegram.org/bot8084223356:AAH0f9ib-iOJlt4xZWPH3r8GecTdVvjYcrE/getUpdates "HTTP/1.1 200 OK"
2025-04-29 00:55:57,917 - httpx - INFO - HTTP Request: POST https://api.telegram.org/bot8084223356:AAH0f9ib-iOJlt4xZWPH3r8GecTdVvjYcrE/getUpdates "HTTP/1.1 200 OK"
2025-04-29 00:56:07,966 - httpx - INFO - HTTP Request: POST https://api.telegram.org/bot8084223356:AAH0f9ib-iOJlt4xZWPH3r8GecTdVvjYcrE/getUpdates "HTTP/1.1 200 OK"
2025-04-29 00:56:18,008 - httpx - INFO - HTTP Request: POST https://api.telegram.org/bot8084223356:AAH0f9ib-iOJlt4xZWPH3r8GecTdVvjYcrE/getUpdates "HTTP/1.1 200 OK"
2025-04-29 00:56:24,417 - httpx - INFO - HTTP Request: POST https://api.telegram.org/bot8084223356:AAH0f9ib-iOJlt4xZWPH3r8GecTdVvjYcrE/getUpdates "HTTP/1.1 200 OK"
2025-04-29 00:56:34,462 - httpx - INFO - HTTP Request: POST https://api.telegram.org/bot8084223356:AAH0f9ib-iOJlt4xZWPH3r8GecTdVvjYcrE/getUpdates "HTTP/1.1 200 OK"
2025-04-29 00:56:44,507 - httpx - INFO - HTTP Request: POST https://api.telegram.org/bot8084223356:AAH0f9ib-iOJlt4xZWPH3r8GecTdVvjYcrE/getUpdates "HTTP/1.1 200 OK"
2025-04-29 00:56:54,552 - httpx - INFO - HTTP Request: POST https://api.telegram.org/bot8084223356:AAH0f9ib-iOJlt4xZWPH3r8GecTdVvjYcrE/getUpdates "HTTP/1.1 200 OK"
2025-04-29 00:57:04,604 - httpx - INFO - HTTP Request: POST https://api.telegram.org/bot8084223356:AAH0f9ib-iOJlt4xZWPH3r8GecTdVvjYcrE/getUpdates "HTTP/1.1 200 OK"
2025-04-29 00:57:14,646 - httpx - INFO - HTTP Request: POST https://api.telegram.org/bot8084223356:AAH0f9ib-iOJlt4xZWPH3r8GecTdVvjYcrE/getUpdates "HTTP/1.1 200 OK"
2025-04-29 00:57:24,691 - httpx - INFO - HTTP Request: POST https://api.telegram.org/bot8084223356:AAH0f9ib-iOJlt4xZWPH3r8GecTdVvjYcrE/getUpdates "HTTP/1.1 200 OK"
2025-04-29 00:57:34,734 - httpx - INFO - HTTP Request: POST https://api.telegram.org/bot8084223356:AAH0f9ib-iOJlt4xZWPH3r8GecTdVvjYcrE/getUpdates "HTTP/1.1 200 OK"
2025-04-29 00:57:44,833 - httpx - INFO - HTTP Request: POST https://api.telegram.org/bot8084223356:AAH0f9ib-iOJlt4xZWPH3r8GecTdVvjYcrE/getUpdates "HTTP/1.1 200 OK"
2025-04-29 00:57:54,876 - httpx - INFO - HTTP Request: POST https://api.telegram.org/bot8084223356:AAH0f9ib-iOJlt4xZWPH3r8GecTdVvjYcrE/getUpdates "HTTP/1.1 200 OK"
2025-04-29 00:58:04,941 - httpx - INFO - HTTP Request: POST https://api.telegram.org/bot8084223356:AAH0f9ib-iOJlt4xZWPH3r8GecTdVvjYcrE/getUpdates "HTTP/1.1 200 OK"
2025-04-29 00:58:14,988 - httpx - INFO - HTTP Request: POST https://api.telegram.org/bot8084223356:AAH0f9ib-iOJlt4xZWPH3r8GecTdVvjYcrE/getUpdates "HTTP/1.1 200 OK"
2025-04-29 00:58:25,033 - httpx - INFO - HTTP Request: POST https://api.telegram.org/bot8084223356:AAH0f9ib-iOJlt4xZWPH3r8GecTdVvjYcrE/getUpdates "HTTP/1.1 200 OK"
2025-04-29 00:58:35,186 - httpx - INFO - HTTP Request: POST https://api.telegram.org/bot8084223356:AAH0f9ib-iOJlt4xZWPH3r8GecTdVvjYcrE/getUpdates "HTTP/1.1 200 OK"
2025-04-29 00:58:45,232 - httpx - INFO - HTTP Request: POST https://api.telegram.org/bot8084223356:AAH0f9ib-iOJlt4xZWPH3r8GecTdVvjYcrE/getUpdates "HTTP/1.1 200 OK"
2025-04-29 00:58:55,299 - httpx - INFO - HTTP Request: POST https://api.telegram.org/bot8084223356:AAH0f9ib-iOJlt4xZWPH3r8GecTdVvjYcrE/getUpdates "HTTP/1.1 200 OK"
2025-04-29 00:59:05,345 - httpx - INFO - HTTP Request: POST https://api.telegram.org/bot8084223356:AAH0f9ib-iOJlt4xZWPH3r8GecTdVvjYcrE/getUpdates "HTTP/1.1 200 OK"
2025-04-29 00:59:15,404 - httpx - INFO - HTTP Request: POST https://api.telegram.org/bot8084223356:AAH0f9ib-iOJlt4xZWPH3r8GecTdVvjYcrE/getUpdates "HTTP/1.1 200 OK"
2025-04-29 00:59:25,559 - httpx - INFO - HTTP Request: POST https://api.telegram.org/bot8084223356:AAH0f9ib-iOJlt4xZWPH3r8GecTdVvjYcrE/getUpdates "HTTP/1.1 200 OK"
2025-04-29 00:59:35,602 - httpx - INFO - HTTP Request: POST https://api.telegram.org/bot8084223356:AAH0f9ib-iOJlt4xZWPH3r8GecTdVvjYcrE/getUpdates "HTTP/1.1 200 OK"
2025-04-29 00:59:45,643 - httpx - INFO - HTTP Request: POST https://api.telegram.org/bot8084223356:AAH0f9ib-iOJlt4xZWPH3r8GecTdVvjYcrE/getUpdates "HTTP/1.1 200 OK"
2025-04-29 00:59:55,689 - httpx - INFO - HTTP Request: POST https://api.telegram.org/bot8084223356:AAH0f9ib-iOJlt4xZWPH3r8GecTdVvjYcrE/getUpdates "HTTP/1.1 200 OK"
2025-04-29 01:00:05,733 - httpx - INFO - HTTP Request: POST https://api.telegram.org/bot8084223356:AAH0f9ib-iOJlt4xZWPH3r8GecTdVvjYcrE/getUpdates "HTTP/1.1 200 OK"
2025-04-29 01:00:15,776 - httpx - INFO - HTTP Request: POST https://api.telegram.org/bot8084223356:AAH0f9ib-iOJlt4xZWPH3r8GecTdVvjYcrE/getUpdates "HTTP/1.1 200 OK"
2025-04-29 01:00:25,881 - httpx - INFO - HTTP Request: POST https://api.telegram.org/bot8084223356:AAH0f9ib-iOJlt4xZWPH3r8GecTdVvjYcrE/getUpdates "HTTP/1.1 200 OK"
2025-04-29 01:00:35,925 - httpx - INFO - HTTP Request: POST https://api.telegram.org/bot8084223356:AAH0f9ib-iOJlt4xZWPH3r8GecTdVvjYcrE/getUpdates "HTTP/1.1 200 OK"
2025-04-29 01:00:45,970 - httpx - INFO - HTTP Request: POST https://api.telegram.org/bot8084223356:AAH0f9ib-iOJlt4xZWPH3r8GecTdVvjYcrE/getUpdates "HTTP/1.1 200 OK"
2025-04-29 01:00:56,128 - httpx - INFO - HTTP Request: POST https://api.telegram.org/bot8084223356:AAH0f9ib-iOJlt4xZWPH3r8GecTdVvjYcrE/getUpdates "HTTP/1.1 200 OK"
2025-04-29 01:01:06,170 - httpx - INFO - HTTP Request: POST https://api.telegram.org/bot8084223356:AAH0f9ib-iOJlt4xZWPH3r8GecTdVvjYcrE/getUpdates "HTTP/1.1 200 OK"
2025-04-29 01:01:16,211 - httpx - INFO - HTTP Request: POST https://api.telegram.org/bot8084223356:AAH0f9ib-iOJlt4xZWPH3r8GecTdVvjYcrE/getUpdates "HTTP/1.1 200 OK"
2025-04-29 01:01:26,255 - httpx - INFO - HTTP Request: POST https://api.telegram.org/bot8084223356:AAH0f9ib-iOJlt4xZWPH3r8GecTdVvjYcrE/getUpdates "HTTP/1.1 200 OK"
2025-04-29 01:01:52,123 - apscheduler.scheduler - INFO - Adding job tentatively -- it will be properly scheduled when the scheduler starts
2025-04-29 01:01:52,124 - __main__ - INFO - Iniciando bot...
2025-04-29 01:01:52,289 - httpx - INFO - HTTP Request: POST https://api.telegram.org/bot8084223356:AAH0f9ib-iOJlt4xZWPH3r8GecTdVvjYcrE/getMe "HTTP/1.1 200 OK"
2025-04-29 01:01:52,333 - httpx - INFO - HTTP Request: POST https://api.telegram.org/bot8084223356:AAH0f9ib-iOJlt4xZWPH3r8GecTdVvjYcrE/deleteWebhook "HTTP/1.1 200 OK"
2025-04-29 01:01:52,336 - apscheduler.scheduler - INFO - Added job "envio_diario_horoscopos" to job store "default"
2025-04-29 01:01:52,337 - apscheduler.scheduler - INFO - Scheduler started
2025-04-29 01:01:52,337 - telegram.ext.Application - INFO - Application started
2025-04-29 01:02:02,500 - httpx - INFO - HTTP Request: POST https://api.telegram.org/bot8084223356:AAH0f9ib-iOJlt4xZWPH3r8GecTdVvjYcrE/getUpdates "HTTP/1.1 200 OK"
2025-04-29 01:02:12,656 - httpx - INFO - HTTP Request: POST https://api.telegram.org/bot8084223356:AAH0f9ib-iOJlt4xZWPH3r8GecTdVvjYcrE/getUpdates "HTTP/1.1 200 OK"
2025-04-29 01:02:22,699 - httpx - INFO - HTTP Request: POST https://api.telegram.org/bot8084223356:AAH0f9ib-iOJlt4xZWPH3r8GecTdVvjYcrE/getUpdates "HTTP/1.1 200 OK"
2025-04-29 01:02:28,555 - httpx - INFO - HTTP Request: POST https://api.telegram.org/bot8084223356:AAH0f9ib-iOJlt4xZWPH3r8GecTdVvjYcrE/getUpdates "HTTP/1.1 200 OK"
2025-04-29 01:02:38,602 - httpx - INFO - HTTP Request: POST https://api.telegram.org/bot8084223356:AAH0f9ib-iOJlt4xZWPH3r8GecTdVvjYcrE/getUpdates "HTTP/1.1 200 OK"
2025-04-29 01:02:48,649 - httpx - INFO - HTTP Request: POST https://api.telegram.org/bot8084223356:AAH0f9ib-iOJlt4xZWPH3r8GecTdVvjYcrE/getUpdates "HTTP/1.1 200 OK"
2025-04-29 01:02:58,693 - httpx - INFO - HTTP Request: POST https://api.telegram.org/bot8084223356:AAH0f9ib-iOJlt4xZWPH3r8GecTdVvjYcrE/getUpdates "HTTP/1.1 200 OK"
2025-04-29 01:03:08,740 - httpx - INFO - HTTP Request: POST https://api.telegram.org/bot8084223356:AAH0f9ib-iOJlt4xZWPH3r8GecTdVvjYcrE/getUpdates "HTTP/1.1 200 OK"
2025-04-29 01:03:18,898 - httpx - INFO - HTTP Request: POST https://api.telegram.org/bot8084223356:AAH0f9ib-iOJlt4xZWPH3r8GecTdVvjYcrE/getUpdates "HTTP/1.1 200 OK"
2025-04-29 01:03:28,943 - httpx - INFO - HTTP Request: POST https://api.telegram.org/bot8084223356:AAH0f9ib-iOJlt4xZWPH3r8GecTdVvjYcrE/getUpdates "HTTP/1.1 200 OK"
2025-04-29 01:03:38,989 - httpx - INFO - HTTP Request: POST https://api.telegram.org/bot8084223356:AAH0f9ib-iOJlt4xZWPH3r8GecTdVvjYcrE/getUpdates "HTTP/1.1 200 OK"
2025-04-29 01:03:49,035 - httpx - INFO - HTTP Request: POST https://api.telegram.org/bot8084223356:AAH0f9ib-iOJlt4xZWPH3r8GecTdVvjYcrE/getUpdates "HTTP/1.1 200 OK"
2025-04-29 01:03:59,079 - httpx - INFO - HTTP Request: POST https://api.telegram.org/bot8084223356:AAH0f9ib-iOJlt4xZWPH3r8GecTdVvjYcrE/getUpdates "HTTP/1.1 200 OK"
2025-04-29 01:04:09,127 - httpx - INFO - HTTP Request: POST https://api.telegram.org/bot8084223356:AAH0f9ib-iOJlt4xZWPH3r8GecTdVvjYcrE/getUpdates "HTTP/1.1 200 OK"
2025-04-29 01:04:19,171 - httpx - INFO - HTTP Request: POST https://api.telegram.org/bot8084223356:AAH0f9ib-iOJlt4xZWPH3r8GecTdVvjYcrE/getUpdates "HTTP/1.1 200 OK"
2025-04-29 01:04:29,214 - httpx - INFO - HTTP Request: POST https://api.telegram.org/bot8084223356:AAH0f9ib-iOJlt4xZWPH3r8GecTdVvjYcrE/getUpdates "HTTP/1.1 200 OK"
2025-04-29 01:04:39,258 - httpx - INFO - HTTP Request: POST https://api.telegram.org/bot8084223356:AAH0f9ib-iOJlt4xZWPH3r8GecTdVvjYcrE/getUpdates "HTTP/1.1 200 OK"
2025-04-29 01:04:49,303 - httpx - INFO - HTTP Request: POST https://api.telegram.org/bot8084223356:AAH0f9ib-iOJlt4xZWPH3r8GecTdVvjYcrE/getUpdates "HTTP/1.1 200 OK"
2025-04-29 01:04:59,355 - httpx - INFO - HTTP Request: POST https://api.telegram.org/bot8084223356:AAH0f9ib-iOJlt4xZWPH3r8GecTdVvjYcrE/getUpdates "HTTP/1.1 200 OK"
2025-04-29 01:05:09,399 - httpx - INFO - HTTP Request: POST https://api.telegram.org/bot8084223356:AAH0f9ib-iOJlt4xZWPH3r8GecTdVvjYcrE/getUpdates "HTTP/1.1 200 OK"
2025-04-29 01:05:19,442 - httpx - INFO - HTTP Request: POST https://api.telegram.org/bot8084223356:AAH0f9ib-iOJlt4xZWPH3r8GecTdVvjYcrE/getUpdates "HTTP/1.1 200 OK"
2025-04-29 01:05:29,491 - httpx - INFO - HTTP Request: POST https://api.telegram.org/bot8084223356:AAH0f9ib-iOJlt4xZWPH3r8GecTdVvjYcrE/getUpdates "HTTP/1.1 200 OK"
2025-04-29 01:05:31,688 - httpx - INFO - HTTP Request: POST https://api.telegram.org/bot8084223356:AAH0f9ib-iOJlt4xZWPH3r8GecTdVvjYcrE/getUpdates "HTTP/1.1 200 OK"
2025-04-29 01:05:31,689 - __main__ - ERROR - Error al guardar usuario: table usuarios has no column named chat_id
2025-04-29 01:05:31,952 - httpx - INFO - HTTP Request: POST https://api.telegram.org/bot8084223356:AAH0f9ib-iOJlt4xZWPH3r8GecTdVvjYcrE/sendMessage "HTTP/1.1 200 OK"
2025-04-29 01:05:35,082 - httpx - INFO - HTTP Request: POST https://api.telegram.org/bot8084223356:AAH0f9ib-iOJlt4xZWPH3r8GecTdVvjYcrE/getUpdates "HTTP/1.1 200 OK"
2025-04-29 01:05:35,131 - httpx - INFO - HTTP Request: POST https://api.telegram.org/bot8084223356:AAH0f9ib-iOJlt4xZWPH3r8GecTdVvjYcrE/answerCallbackQuery "HTTP/1.1 200 OK"
2025-04-29 01:05:35,191 - httpx - INFO - HTTP Request: POST https://api.telegram.org/bot8084223356:AAH0f9ib-iOJlt4xZWPH3r8GecTdVvjYcrE/editMessageText "HTTP/1.1 200 OK"
2025-04-29 01:05:45,127 - httpx - INFO - HTTP Request: POST https://api.telegram.org/bot8084223356:AAH0f9ib-iOJlt4xZWPH3r8GecTdVvjYcrE/getUpdates "HTTP/1.1 200 OK"
2025-04-29 01:05:53,823 - httpx - INFO - HTTP Request: POST https://api.telegram.org/bot8084223356:AAH0f9ib-iOJlt4xZWPH3r8GecTdVvjYcrE/getUpdates "HTTP/1.1 200 OK"
2025-04-29 01:05:54,013 - httpx - INFO - HTTP Request: POST https://api.telegram.org/bot8084223356:AAH0f9ib-iOJlt4xZWPH3r8GecTdVvjYcrE/answerCallbackQuery "HTTP/1.1 200 OK"
2025-04-29 01:05:54,013 - __main__ - ERROR - Error al guardar usuario: table usuarios has no column named chat_id
2025-04-29 01:05:54,097 - httpx - INFO - HTTP Request: POST https://api.telegram.org/bot8084223356:AAH0f9ib-iOJlt4xZWPH3r8GecTdVvjYcrE/sendMessage "HTTP/1.1 200 OK"
2025-04-29 01:05:55,631 - httpx - INFO - HTTP Request: POST https://api.telegram.org/bot8084223356:AAH0f9ib-iOJlt4xZWPH3r8GecTdVvjYcrE/getUpdates "HTTP/1.1 200 OK"
2025-04-29 01:05:55,686 - httpx - INFO - HTTP Request: POST https://api.telegram.org/bot8084223356:AAH0f9ib-iOJlt4xZWPH3r8GecTdVvjYcrE/answerCallbackQuery "HTTP/1.1 200 OK"
2025-04-29 01:05:55,687 - __main__ - ERROR - Error mostrando configuración: 'recibir_diario'
2025-04-29 01:05:55,750 - httpx - INFO - HTTP Request: POST https://api.telegram.org/bot8084223356:AAH0f9ib-iOJlt4xZWPH3r8GecTdVvjYcrE/editMessageText "HTTP/1.1 200 OK"
2025-04-29 01:05:59,976 - httpx - INFO - HTTP Request: POST https://api.telegram.org/bot8084223356:AAH0f9ib-iOJlt4xZWPH3r8GecTdVvjYcrE/getUpdates "HTTP/1.1 200 OK"
2025-04-29 01:06:00,038 - httpx - INFO - HTTP Request: POST https://api.telegram.org/bot8084223356:AAH0f9ib-iOJlt4xZWPH3r8GecTdVvjYcrE/answerCallbackQuery "HTTP/1.1 200 OK"
2025-04-29 01:06:00,039 - __main__ - ERROR - Error al guardar usuario: table usuarios has no column named chat_id
2025-04-29 01:06:00,113 - httpx - INFO - HTTP Request: POST https://api.telegram.org/bot8084223356:AAH0f9ib-iOJlt4xZWPH3r8GecTdVvjYcrE/sendMessage "HTTP/1.1 200 OK"
2025-04-29 01:06:01,478 - httpx - INFO - HTTP Request: POST https://api.telegram.org/bot8084223356:AAH0f9ib-iOJlt4xZWPH3r8GecTdVvjYcrE/getUpdates "HTTP/1.1 200 OK"
2025-04-29 01:06:01,532 - httpx - INFO - HTTP Request: POST https://api.telegram.org/bot8084223356:AAH0f9ib-iOJlt4xZWPH3r8GecTdVvjYcrE/answerCallbackQuery "HTTP/1.1 200 OK"
2025-04-29 01:06:01,533 - __main__ - ERROR - Error al obtener estadísticas: no such column: fecha
2025-04-29 01:06:01,601 - httpx - INFO - HTTP Request: POST https://api.telegram.org/bot8084223356:AAH0f9ib-iOJlt4xZWPH3r8GecTdVvjYcrE/editMessageText "HTTP/1.1 200 OK"
2025-04-29 01:06:03,748 - httpx - INFO - HTTP Request: POST https://api.telegram.org/bot8084223356:AAH0f9ib-iOJlt4xZWPH3r8GecTdVvjYcrE/getUpdates "HTTP/1.1 200 OK"
2025-04-29 01:06:03,804 - httpx - INFO - HTTP Request: POST https://api.telegram.org/bot8084223356:AAH0f9ib-iOJlt4xZWPH3r8GecTdVvjYcrE/answerCallbackQuery "HTTP/1.1 200 OK"
2025-04-29 01:06:03,805 - __main__ - ERROR - Error al obtener estadísticas: no such column: fecha
2025-04-29 01:06:03,861 - httpx - INFO - HTTP Request: POST https://api.telegram.org/bot8084223356:AAH0f9ib-iOJlt4xZWPH3r8GecTdVvjYcrE/editMessageText "HTTP/1.1 400 Bad Request"
2025-04-29 01:06:03,862 - __main__ - ERROR - Error mostrando estadísticas: Message is not modified: specified new message content and reply markup are exactly the same as a current content and reply markup of the message
2025-04-29 01:06:03,944 - httpx - INFO - HTTP Request: POST https://api.telegram.org/bot8084223356:AAH0f9ib-iOJlt4xZWPH3r8GecTdVvjYcrE/editMessageText "HTTP/1.1 200 OK"
2025-04-29 01:06:07,693 - httpx - INFO - HTTP Request: POST https://api.telegram.org/bot8084223356:AAH0f9ib-iOJlt4xZWPH3r8GecTdVvjYcrE/getUpdates "HTTP/1.1 200 OK"
2025-04-29 01:06:07,769 - httpx - INFO - HTTP Request: POST https://api.telegram.org/bot8084223356:AAH0f9ib-iOJlt4xZWPH3r8GecTdVvjYcrE/answerCallbackQuery "HTTP/1.1 200 OK"
2025-04-29 01:06:07,769 - __main__ - ERROR - Error al guardar usuario: table usuarios has no column named chat_id
2025-04-29 01:06:07,837 - httpx - INFO - HTTP Request: POST https://api.telegram.org/bot8084223356:AAH0f9ib-iOJlt4xZWPH3r8GecTdVvjYcrE/sendMessage "HTTP/1.1 200 OK"
2025-04-29 01:06:15,943 - httpx - INFO - HTTP Request: POST https://api.telegram.org/bot8084223356:AAH0f9ib-iOJlt4xZWPH3r8GecTdVvjYcrE/getUpdates "HTTP/1.1 200 OK"
2025-04-29 01:06:16,099 - httpx - INFO - HTTP Request: POST https://api.telegram.org/bot8084223356:AAH0f9ib-iOJlt4xZWPH3r8GecTdVvjYcrE/answerCallbackQuery "HTTP/1.1 200 OK"
2025-04-29 01:06:16,167 - httpx - INFO - HTTP Request: POST https://api.telegram.org/bot8084223356:AAH0f9ib-iOJlt4xZWPH3r8GecTdVvjYcrE/sendMessage "HTTP/1.1 200 OK"
2025-04-29 01:06:17,653 - httpx - INFO - HTTP Request: POST https://api.telegram.org/bot8084223356:AAH0f9ib-iOJlt4xZWPH3r8GecTdVvjYcrE/editMessageText "HTTP/1.1 200 OK"
2025-04-29 01:06:17,658 - __main__ - ERROR - Error al guardar consulta: no such column: ultima_consulta
2025-04-29 01:06:25,986 - httpx - INFO - HTTP Request: POST https://api.telegram.org/bot8084223356:AAH0f9ib-iOJlt4xZWPH3r8GecTdVvjYcrE/getUpdates "HTTP/1.1 200 OK"
2025-04-29 01:06:34,338 - httpx - INFO - HTTP Request: POST https://api.telegram.org/bot8084223356:AAH0f9ib-iOJlt4xZWPH3r8GecTdVvjYcrE/getUpdates "HTTP/1.1 200 OK"
2025-04-29 01:06:34,479 - httpx - INFO - HTTP Request: POST https://api.telegram.org/bot8084223356:AAH0f9ib-iOJlt4xZWPH3r8GecTdVvjYcrE/answerCallbackQuery "HTTP/1.1 200 OK"
2025-04-29 01:06:34,538 - httpx - INFO - HTTP Request: POST https://api.telegram.org/bot8084223356:AAH0f9ib-iOJlt4xZWPH3r8GecTdVvjYcrE/sendMessage "HTTP/1.1 200 OK"
2025-04-29 01:06:35,851 - httpx - INFO - HTTP Request: POST https://api.telegram.org/bot8084223356:AAH0f9ib-iOJlt4xZWPH3r8GecTdVvjYcrE/editMessageText "HTTP/1.1 200 OK"
2025-04-29 01:06:35,854 - __main__ - ERROR - Error al guardar consulta: no such column: ultima_consulta
2025-04-29 01:06:44,382 - httpx - INFO - HTTP Request: POST https://api.telegram.org/bot8084223356:AAH0f9ib-iOJlt4xZWPH3r8GecTdVvjYcrE/getUpdates "HTTP/1.1 200 OK"
2025-04-29 01:06:54,488 - httpx - INFO - HTTP Request: POST https://api.telegram.org/bot8084223356:AAH0f9ib-iOJlt4xZWPH3r8GecTdVvjYcrE/getUpdates "HTTP/1.1 200 OK"
2025-04-29 01:07:04,533 - httpx - INFO - HTTP Request: POST https://api.telegram.org/bot8084223356:AAH0f9ib-iOJlt4xZWPH3r8GecTdVvjYcrE/getUpdates "HTTP/1.1 200 OK"
2025-04-29 01:07:14,580 - httpx - INFO - HTTP Request: POST https://api.telegram.org/bot8084223356:AAH0f9ib-iOJlt4xZWPH3r8GecTdVvjYcrE/getUpdates "HTTP/1.1 200 OK"
2025-04-29 01:07:24,624 - httpx - INFO - HTTP Request: POST https://api.telegram.org/bot8084223356:AAH0f9ib-iOJlt4xZWPH3r8GecTdVvjYcrE/getUpdates "HTTP/1.1 200 OK"
2025-04-29 01:07:34,669 - httpx - INFO - HTTP Request: POST https://api.telegram.org/bot8084223356:AAH0f9ib-iOJlt4xZWPH3r8GecTdVvjYcrE/getUpdates "HTTP/1.1 200 OK"
2025-04-29 01:07:44,715 - httpx - INFO - HTTP Request: POST https://api.telegram.org/bot8084223356:AAH0f9ib-iOJlt4xZWPH3r8GecTdVvjYcrE/getUpdates "HTTP/1.1 200 OK"
2025-04-29 01:07:54,761 - httpx - INFO - HTTP Request: POST https://api.telegram.org/bot8084223356:AAH0f9ib-iOJlt4xZWPH3r8GecTdVvjYcrE/getUpdates "HTTP/1.1 200 OK"
2025-04-29 01:08:04,812 - httpx - INFO - HTTP Request: POST https://api.telegram.org/bot8084223356:AAH0f9ib-iOJlt4xZWPH3r8GecTdVvjYcrE/getUpdates "HTTP/1.1 200 OK"
2025-04-29 01:08:14,856 - httpx - INFO - HTTP Request: POST https://api.telegram.org/bot8084223356:AAH0f9ib-iOJlt4xZWPH3r8GecTdVvjYcrE/getUpdates "HTTP/1.1 200 OK"
2025-04-29 01:08:24,907 - httpx - INFO - HTTP Request: POST https://api.telegram.org/bot8084223356:AAH0f9ib-iOJlt4xZWPH3r8GecTdVvjYcrE/getUpdates "HTTP/1.1 200 OK"
2025-04-29 01:08:34,953 - httpx - INFO - HTTP Request: POST https://api.telegram.org/bot8084223356:AAH0f9ib-iOJlt4xZWPH3r8GecTdVvjYcrE/getUpdates "HTTP/1.1 200 OK"
2025-04-29 01:08:44,998 - httpx - INFO - HTTP Request: POST https://api.telegram.org/bot8084223356:AAH0f9ib-iOJlt4xZWPH3r8GecTdVvjYcrE/getUpdates "HTTP/1.1 200 OK"
2025-04-29 01:08:55,044 - httpx - INFO - HTTP Request: POST https://api.telegram.org/bot8084223356:AAH0f9ib-iOJlt4xZWPH3r8GecTdVvjYcrE/getUpdates "HTTP/1.1 200 OK"
2025-04-29 01:09:05,090 - httpx - INFO - HTTP Request: POST https://api.telegram.org/bot8084223356:AAH0f9ib-iOJlt4xZWPH3r8GecTdVvjYcrE/getUpdates "HTTP/1.1 200 OK"
2025-04-29 01:09:15,137 - httpx - INFO - HTTP Request: POST https://api.telegram.org/bot8084223356:AAH0f9ib-iOJlt4xZWPH3r8GecTdVvjYcrE/getUpdates "HTTP/1.1 200 OK"
2025-04-29 01:09:25,179 - httpx - INFO - HTTP Request: POST https://api.telegram.org/bot8084223356:AAH0f9ib-iOJlt4xZWPH3r8GecTdVvjYcrE/getUpdates "HTTP/1.1 200 OK"
2025-04-29 01:09:35,223 - httpx - INFO - HTTP Request: POST https://api.telegram.org/bot8084223356:AAH0f9ib-iOJlt4xZWPH3r8GecTdVvjYcrE/getUpdates "HTTP/1.1 200 OK"
2025-04-29 01:09:45,272 - httpx - INFO - HTTP Request: POST https://api.telegram.org/bot8084223356:AAH0f9ib-iOJlt4xZWPH3r8GecTdVvjYcrE/getUpdates "HTTP/1.1 200 OK"
2025-04-29 01:09:55,334 - httpx - INFO - HTTP Request: POST https://api.telegram.org/bot8084223356:AAH0f9ib-iOJlt4xZWPH3r8GecTdVvjYcrE/getUpdates "HTTP/1.1 200 OK"
2025-04-29 01:10:05,376 - httpx - INFO - HTTP Request: POST https://api.telegram.org/bot8084223356:AAH0f9ib-iOJlt4xZWPH3r8GecTdVvjYcrE/getUpdates "HTTP/1.1 200 OK"
2025-04-29 01:10:15,420 - httpx - INFO - HTTP Request: POST https://api.telegram.org/bot8084223356:AAH0f9ib-iOJlt4xZWPH3r8GecTdVvjYcrE/getUpdates "HTTP/1.1 200 OK"
2025-04-29 01:10:25,462 - httpx - INFO - HTTP Request: POST https://api.telegram.org/bot8084223356:AAH0f9ib-iOJlt4xZWPH3r8GecTdVvjYcrE/getUpdates "HTTP/1.1 200 OK"
2025-04-29 01:10:35,504 - httpx - INFO - HTTP Request: POST https://api.telegram.org/bot8084223356:AAH0f9ib-iOJlt4xZWPH3r8GecTdVvjYcrE/getUpdates "HTTP/1.1 200 OK"
2025-04-29 01:10:45,549 - httpx - INFO - HTTP Request: POST https://api.telegram.org/bot8084223356:AAH0f9ib-iOJlt4xZWPH3r8GecTdVvjYcrE/getUpdates "HTTP/1.1 200 OK"
2025-04-29 01:10:55,595 - httpx - INFO - HTTP Request: POST https://api.telegram.org/bot8084223356:AAH0f9ib-iOJlt4xZWPH3r8GecTdVvjYcrE/getUpdates "HTTP/1.1 200 OK"
2025-04-29 01:11:05,637 - httpx - INFO - HTTP Request: POST https://api.telegram.org/bot8084223356:AAH0f9ib-iOJlt4xZWPH3r8GecTdVvjYcrE/getUpdates "HTTP/1.1 200 OK"
2025-04-29 01:11:15,680 - httpx - INFO - HTTP Request: POST https://api.telegram.org/bot8084223356:AAH0f9ib-iOJlt4xZWPH3r8GecTdVvjYcrE/getUpdates "HTTP/1.1 200 OK"
2025-04-29 01:11:25,726 - httpx - INFO - HTTP Request: POST https://api.telegram.org/bot8084223356:AAH0f9ib-iOJlt4xZWPH3r8GecTdVvjYcrE/getUpdates "HTTP/1.1 200 OK"
2025-04-29 01:11:35,768 - httpx - INFO - HTTP Request: POST https://api.telegram.org/bot8084223356:AAH0f9ib-iOJlt4xZWPH3r8GecTdVvjYcrE/getUpdates "HTTP/1.1 200 OK"
2025-04-29 01:11:45,816 - httpx - INFO - HTTP Request: POST https://api.telegram.org/bot8084223356:AAH0f9ib-iOJlt4xZWPH3r8GecTdVvjYcrE/getUpdates "HTTP/1.1 200 OK"
2025-04-29 01:11:55,859 - httpx - INFO - HTTP Request: POST https://api.telegram.org/bot8084223356:AAH0f9ib-iOJlt4xZWPH3r8GecTdVvjYcrE/getUpdates "HTTP/1.1 200 OK"
2025-04-29 01:12:05,937 - httpx - INFO - HTTP Request: POST https://api.telegram.org/bot8084223356:AAH0f9ib-iOJlt4xZWPH3r8GecTdVvjYcrE/getUpdates "HTTP/1.1 200 OK"
2025-04-29 01:12:15,977 - httpx - INFO - HTTP Request: POST https://api.telegram.org/bot8084223356:AAH0f9ib-iOJlt4xZWPH3r8GecTdVvjYcrE/getUpdates "HTTP/1.1 200 OK"
2025-04-29 01:12:26,020 - httpx - INFO - HTTP Request: POST https://api.telegram.org/bot8084223356:AAH0f9ib-iOJlt4xZWPH3r8GecTdVvjYcrE/getUpdates "HTTP/1.1 200 OK"
2025-04-29 01:12:36,062 - httpx - INFO - HTTP Request: POST https://api.telegram.org/bot8084223356:AAH0f9ib-iOJlt4xZWPH3r8GecTdVvjYcrE/getUpdates "HTTP/1.1 200 OK"
2025-04-29 01:12:46,103 - httpx - INFO - HTTP Request: POST https://api.telegram.org/bot8084223356:AAH0f9ib-iOJlt4xZWPH3r8GecTdVvjYcrE/getUpdates "HTTP/1.1 200 OK"
2025-04-29 01:12:56,148 - httpx - INFO - HTTP Request: POST https://api.telegram.org/bot8084223356:AAH0f9ib-iOJlt4xZWPH3r8GecTdVvjYcrE/getUpdates "HTTP/1.1 200 OK"
2025-04-29 01:13:06,191 - httpx - INFO - HTTP Request: POST https://api.telegram.org/bot8084223356:AAH0f9ib-iOJlt4xZWPH3r8GecTdVvjYcrE/getUpdates "HTTP/1.1 200 OK"
2025-04-29 01:13:16,233 - httpx - INFO - HTTP Request: POST https://api.telegram.org/bot8084223356:AAH0f9ib-iOJlt4xZWPH3r8GecTdVvjYcrE/getUpdates "HTTP/1.1 200 OK"
2025-04-29 01:13:26,281 - httpx - INFO - HTTP Request: POST https://api.telegram.org/bot8084223356:AAH0f9ib-iOJlt4xZWPH3r8GecTdVvjYcrE/getUpdates "HTTP/1.1 200 OK"
2025-04-29 01:13:36,323 - httpx - INFO - HTTP Request: POST https://api.telegram.org/bot8084223356:AAH0f9ib-iOJlt4xZWPH3r8GecTdVvjYcrE/getUpdates "HTTP/1.1 200 OK"
2025-04-29 01:13:46,363 - httpx - INFO - HTTP Request: POST https://api.telegram.org/bot8084223356:AAH0f9ib-iOJlt4xZWPH3r8GecTdVvjYcrE/getUpdates "HTTP/1.1 200 OK"
2025-04-29 01:13:56,404 - httpx - INFO - HTTP Request: POST https://api.telegram.org/bot8084223356:AAH0f9ib-iOJlt4xZWPH3r8GecTdVvjYcrE/getUpdates "HTTP/1.1 200 OK"
2025-04-29 01:14:06,446 - httpx - INFO - HTTP Request: POST https://api.telegram.org/bot8084223356:AAH0f9ib-iOJlt4xZWPH3r8GecTdVvjYcrE/getUpdates "HTTP/1.1 200 OK"
2025-04-29 01:14:16,491 - httpx - INFO - HTTP Request: POST https://api.telegram.org/bot8084223356:AAH0f9ib-iOJlt4xZWPH3r8GecTdVvjYcrE/getUpdates "HTTP/1.1 200 OK"
2025-04-29 01:14:26,538 - httpx - INFO - HTTP Request: POST https://api.telegram.org/bot8084223356:AAH0f9ib-iOJlt4xZWPH3r8GecTdVvjYcrE/getUpdates "HTTP/1.1 200 OK"
2025-04-29 01:16:05,044 - apscheduler.scheduler - INFO - Adding job tentatively -- it will be properly scheduled when the scheduler starts
2025-04-29 01:16:05,044 - __main__ - INFO - Iniciando bot...
2025-04-29 01:16:05,215 - httpx - INFO - HTTP Request: POST https://api.telegram.org/bot8084223356:AAH0f9ib-iOJlt4xZWPH3r8GecTdVvjYcrE/getMe "HTTP/1.1 200 OK"
2025-04-29 01:16:05,258 - httpx - INFO - HTTP Request: POST https://api.telegram.org/bot8084223356:AAH0f9ib-iOJlt4xZWPH3r8GecTdVvjYcrE/deleteWebhook "HTTP/1.1 200 OK"
2025-04-29 01:16:05,262 - apscheduler.scheduler - INFO - Added job "envio_diario_horoscopos" to job store "default"
2025-04-29 01:16:05,263 - apscheduler.scheduler - INFO - Scheduler started
2025-04-29 01:16:05,264 - telegram.ext.Application - INFO - Application started
2025-04-29 01:16:15,425 - httpx - INFO - HTTP Request: POST https://api.telegram.org/bot8084223356:AAH0f9ib-iOJlt4xZWPH3r8GecTdVvjYcrE/getUpdates "HTTP/1.1 200 OK"
2025-04-29 01:16:22,745 - httpx - INFO - HTTP Request: POST https://api.telegram.org/bot8084223356:AAH0f9ib-iOJlt4xZWPH3r8GecTdVvjYcrE/getUpdates "HTTP/1.1 200 OK"
2025-04-29 01:16:22,746 - __main__ - ERROR - Error al guardar usuario: table usuarios has no column named chat_id
2025-04-29 01:16:22,900 - httpx - INFO - HTTP Request: POST https://api.telegram.org/bot8084223356:AAH0f9ib-iOJlt4xZWPH3r8GecTdVvjYcrE/sendMessage "HTTP/1.1 200 OK"
2025-04-29 01:16:32,966 - httpx - INFO - HTTP Request: POST https://api.telegram.org/bot8084223356:AAH0f9ib-iOJlt4xZWPH3r8GecTdVvjYcrE/getUpdates "HTTP/1.1 200 OK"
2025-04-29 01:16:37,401 - httpx - INFO - HTTP Request: POST https://api.telegram.org/bot8084223356:AAH0f9ib-iOJlt4xZWPH3r8GecTdVvjYcrE/getUpdates "HTTP/1.1 200 OK"
2025-04-29 01:16:37,531 - httpx - INFO - HTTP Request: POST https://api.telegram.org/bot8084223356:AAH0f9ib-iOJlt4xZWPH3r8GecTdVvjYcrE/answerCallbackQuery "HTTP/1.1 200 OK"
2025-04-29 01:16:37,595 - httpx - INFO - HTTP Request: POST https://api.telegram.org/bot8084223356:AAH0f9ib-iOJlt4xZWPH3r8GecTdVvjYcrE/sendMessage "HTTP/1.1 200 OK"
2025-04-29 01:16:38,916 - httpx - INFO - HTTP Request: POST https://api.telegram.org/bot8084223356:AAH0f9ib-iOJlt4xZWPH3r8GecTdVvjYcrE/editMessageText "HTTP/1.1 200 OK"
2025-04-29 01:16:38,916 - __main__ - ERROR - Error al guardar consulta: no such column: ultima_consulta
2025-04-29 01:16:47,449 - httpx - INFO - HTTP Request: POST https://api.telegram.org/bot8084223356:AAH0f9ib-iOJlt4xZWPH3r8GecTdVvjYcrE/getUpdates "HTTP/1.1 200 OK"
2025-04-29 01:16:52,142 - httpx - INFO - HTTP Request: POST https://api.telegram.org/bot8084223356:AAH0f9ib-iOJlt4xZWPH3r8GecTdVvjYcrE/getUpdates "HTTP/1.1 200 OK"
2025-04-29 01:16:52,290 - httpx - INFO - HTTP Request: POST https://api.telegram.org/bot8084223356:AAH0f9ib-iOJlt4xZWPH3r8GecTdVvjYcrE/answerCallbackQuery "HTTP/1.1 200 OK"
2025-04-29 01:16:52,339 - httpx - INFO - HTTP Request: POST https://api.telegram.org/bot8084223356:AAH0f9ib-iOJlt4xZWPH3r8GecTdVvjYcrE/editMessageText "HTTP/1.1 200 OK"
2025-04-29 01:17:02,187 - httpx - INFO - HTTP Request: POST https://api.telegram.org/bot8084223356:AAH0f9ib-iOJlt4xZWPH3r8GecTdVvjYcrE/getUpdates "HTTP/1.1 200 OK"
2025-04-29 01:17:12,232 - httpx - INFO - HTTP Request: POST https://api.telegram.org/bot8084223356:AAH0f9ib-iOJlt4xZWPH3r8GecTdVvjYcrE/getUpdates "HTTP/1.1 200 OK"
2025-04-29 01:17:22,278 - httpx - INFO - HTTP Request: POST https://api.telegram.org/bot8084223356:AAH0f9ib-iOJlt4xZWPH3r8GecTdVvjYcrE/getUpdates "HTTP/1.1 200 OK"
2025-04-29 01:17:32,324 - httpx - INFO - HTTP Request: POST https://api.telegram.org/bot8084223356:AAH0f9ib-iOJlt4xZWPH3r8GecTdVvjYcrE/getUpdates "HTTP/1.1 200 OK"
2025-04-29 01:17:42,371 - httpx - INFO - HTTP Request: POST https://api.telegram.org/bot8084223356:AAH0f9ib-iOJlt4xZWPH3r8GecTdVvjYcrE/getUpdates "HTTP/1.1 200 OK"
2025-04-29 01:17:52,416 - httpx - INFO - HTTP Request: POST https://api.telegram.org/bot8084223356:AAH0f9ib-iOJlt4xZWPH3r8GecTdVvjYcrE/getUpdates "HTTP/1.1 200 OK"
2025-04-29 01:18:02,471 - httpx - INFO - HTTP Request: POST https://api.telegram.org/bot8084223356:AAH0f9ib-iOJlt4xZWPH3r8GecTdVvjYcrE/getUpdates "HTTP/1.1 200 OK"
2025-04-29 01:18:12,523 - httpx - INFO - HTTP Request: POST https://api.telegram.org/bot8084223356:AAH0f9ib-iOJlt4xZWPH3r8GecTdVvjYcrE/getUpdates "HTTP/1.1 200 OK"
2025-04-29 01:18:22,570 - httpx - INFO - HTTP Request: POST https://api.telegram.org/bot8084223356:AAH0f9ib-iOJlt4xZWPH3r8GecTdVvjYcrE/getUpdates "HTTP/1.1 200 OK"
2025-04-29 01:18:23,500 - httpx - INFO - HTTP Request: POST https://api.telegram.org/bot8084223356:AAH0f9ib-iOJlt4xZWPH3r8GecTdVvjYcrE/getUpdates "HTTP/1.1 200 OK"
2025-04-29 01:18:23,696 - httpx - INFO - HTTP Request: POST https://api.telegram.org/bot8084223356:AAH0f9ib-iOJlt4xZWPH3r8GecTdVvjYcrE/answerCallbackQuery "HTTP/1.1 200 OK"
2025-04-29 01:18:23,696 - __main__ - ERROR - Error al actualizar estado VIP: no such column: es_vip
2025-04-29 01:18:23,746 - httpx - INFO - HTTP Request: POST https://api.telegram.org/bot8084223356:AAH0f9ib-iOJlt4xZWPH3r8GecTdVvjYcrE/answerCallbackQuery "HTTP/1.1 200 OK"
2025-04-29 01:18:33,544 - httpx - INFO - HTTP Request: POST https://api.telegram.org/bot8084223356:AAH0f9ib-iOJlt4xZWPH3r8GecTdVvjYcrE/getUpdates "HTTP/1.1 200 OK"
2025-04-29 01:18:43,682 - httpx - INFO - HTTP Request: POST https://api.telegram.org/bot8084223356:AAH0f9ib-iOJlt4xZWPH3r8GecTdVvjYcrE/getUpdates "HTTP/1.1 200 OK"
2025-04-29 01:18:53,726 - httpx - INFO - HTTP Request: POST https://api.telegram.org/bot8084223356:AAH0f9ib-iOJlt4xZWPH3r8GecTdVvjYcrE/getUpdates "HTTP/1.1 200 OK"
2025-04-29 01:19:03,769 - httpx - INFO - HTTP Request: POST https://api.telegram.org/bot8084223356:AAH0f9ib-iOJlt4xZWPH3r8GecTdVvjYcrE/getUpdates "HTTP/1.1 200 OK"
2025-04-29 01:19:13,812 - httpx - INFO - HTTP Request: POST https://api.telegram.org/bot8084223356:AAH0f9ib-iOJlt4xZWPH3r8GecTdVvjYcrE/getUpdates "HTTP/1.1 200 OK"
2025-04-29 01:19:23,857 - httpx - INFO - HTTP Request: POST https://api.telegram.org/bot8084223356:AAH0f9ib-iOJlt4xZWPH3r8GecTdVvjYcrE/getUpdates "HTTP/1.1 200 OK"
2025-04-29 01:19:33,908 - httpx - INFO - HTTP Request: POST https://api.telegram.org/bot8084223356:AAH0f9ib-iOJlt4xZWPH3r8GecTdVvjYcrE/getUpdates "HTTP/1.1 200 OK"
2025-04-29 01:19:43,954 - httpx - INFO - HTTP Request: POST https://api.telegram.org/bot8084223356:AAH0f9ib-iOJlt4xZWPH3r8GecTdVvjYcrE/getUpdates "HTTP/1.1 200 OK"
2025-04-29 01:19:53,998 - httpx - INFO - HTTP Request: POST https://api.telegram.org/bot8084223356:AAH0f9ib-iOJlt4xZWPH3r8GecTdVvjYcrE/getUpdates "HTTP/1.1 200 OK"
2025-04-29 01:20:04,051 - httpx - INFO - HTTP Request: POST https://api.telegram.org/bot8084223356:AAH0f9ib-iOJlt4xZWPH3r8GecTdVvjYcrE/getUpdates "HTTP/1.1 200 OK"
2025-04-29 01:20:14,096 - httpx - INFO - HTTP Request: POST https://api.telegram.org/bot8084223356:AAH0f9ib-iOJlt4xZWPH3r8GecTdVvjYcrE/getUpdates "HTTP/1.1 200 OK"
2025-04-29 01:20:24,147 - httpx - INFO - HTTP Request: POST https://api.telegram.org/bot8084223356:AAH0f9ib-iOJlt4xZWPH3r8GecTdVvjYcrE/getUpdates "HTTP/1.1 200 OK"
2025-04-29 01:20:34,198 - httpx - INFO - HTTP Request: POST https://api.telegram.org/bot8084223356:AAH0f9ib-iOJlt4xZWPH3r8GecTdVvjYcrE/getUpdates "HTTP/1.1 200 OK"
2025-04-29 01:20:44,241 - httpx - INFO - HTTP Request: POST https://api.telegram.org/bot8084223356:AAH0f9ib-iOJlt4xZWPH3r8GecTdVvjYcrE/getUpdates "HTTP/1.1 200 OK"
2025-04-29 01:20:54,287 - httpx - INFO - HTTP Request: POST https://api.telegram.org/bot8084223356:AAH0f9ib-iOJlt4xZWPH3r8GecTdVvjYcrE/getUpdates "HTTP/1.1 200 OK"
2025-04-29 01:21:04,333 - httpx - INFO - HTTP Request: POST https://api.telegram.org/bot8084223356:AAH0f9ib-iOJlt4xZWPH3r8GecTdVvjYcrE/getUpdates "HTTP/1.1 200 OK"
2025-04-29 01:21:14,378 - httpx - INFO - HTTP Request: POST https://api.telegram.org/bot8084223356:AAH0f9ib-iOJlt4xZWPH3r8GecTdVvjYcrE/getUpdates "HTTP/1.1 200 OK"
2025-04-29 01:21:24,422 - httpx - INFO - HTTP Request: POST https://api.telegram.org/bot8084223356:AAH0f9ib-iOJlt4xZWPH3r8GecTdVvjYcrE/getUpdates "HTTP/1.1 200 OK"
2025-04-29 01:21:34,466 - httpx - INFO - HTTP Request: POST https://api.telegram.org/bot8084223356:AAH0f9ib-iOJlt4xZWPH3r8GecTdVvjYcrE/getUpdates "HTTP/1.1 200 OK"
2025-04-29 01:21:44,509 - httpx - INFO - HTTP Request: POST https://api.telegram.org/bot8084223356:AAH0f9ib-iOJlt4xZWPH3r8GecTdVvjYcrE/getUpdates "HTTP/1.1 200 OK"
2025-04-29 01:21:54,555 - httpx - INFO - HTTP Request: POST https://api.telegram.org/bot8084223356:AAH0f9ib-iOJlt4xZWPH3r8GecTdVvjYcrE/getUpdates "HTTP/1.1 200 OK"
2025-04-29 01:22:04,603 - httpx - INFO - HTTP Request: POST https://api.telegram.org/bot8084223356:AAH0f9ib-iOJlt4xZWPH3r8GecTdVvjYcrE/getUpdates "HTTP/1.1 200 OK"
2025-04-29 01:22:14,653 - httpx - INFO - HTTP Request: POST https://api.telegram.org/bot8084223356:AAH0f9ib-iOJlt4xZWPH3r8GecTdVvjYcrE/getUpdates "HTTP/1.1 200 OK"
2025-04-29 01:22:24,780 - httpx - INFO - HTTP Request: POST https://api.telegram.org/bot8084223356:AAH0f9ib-iOJlt4xZWPH3r8GecTdVvjYcrE/getUpdates "HTTP/1.1 200 OK"
2025-04-29 01:22:34,826 - httpx - INFO - HTTP Request: POST https://api.telegram.org/bot8084223356:AAH0f9ib-iOJlt4xZWPH3r8GecTdVvjYcrE/getUpdates "HTTP/1.1 200 OK"
2025-04-29 01:22:44,944 - httpx - INFO - HTTP Request: POST https://api.telegram.org/bot8084223356:AAH0f9ib-iOJlt4xZWPH3r8GecTdVvjYcrE/getUpdates "HTTP/1.1 200 OK"
2025-04-29 01:22:54,991 - httpx - INFO - HTTP Request: POST https://api.telegram.org/bot8084223356:AAH0f9ib-iOJlt4xZWPH3r8GecTdVvjYcrE/getUpdates "HTTP/1.1 200 OK"
2025-04-29 01:23:05,149 - httpx - INFO - HTTP Request: POST https://api.telegram.org/bot8084223356:AAH0f9ib-iOJlt4xZWPH3r8GecTdVvjYcrE/getUpdates "HTTP/1.1 200 OK"
2025-04-29 01:23:15,208 - httpx - INFO - HTTP Request: POST https://api.telegram.org/bot8084223356:AAH0f9ib-iOJlt4xZWPH3r8GecTdVvjYcrE/getUpdates "HTTP/1.1 200 OK"
2025-04-29 01:23:25,251 - httpx - INFO - HTTP Request: POST https://api.telegram.org/bot8084223356:AAH0f9ib-iOJlt4xZWPH3r8GecTdVvjYcrE/getUpdates "HTTP/1.1 200 OK"
2025-04-29 01:23:35,297 - httpx - INFO - HTTP Request: POST https://api.telegram.org/bot8084223356:AAH0f9ib-iOJlt4xZWPH3r8GecTdVvjYcrE/getUpdates "HTTP/1.1 200 OK"
2025-04-29 01:23:45,341 - httpx - INFO - HTTP Request: POST https://api.telegram.org/bot8084223356:AAH0f9ib-iOJlt4xZWPH3r8GecTdVvjYcrE/getUpdates "HTTP/1.1 200 OK"
2025-04-29 01:23:55,383 - httpx - INFO - HTTP Request: POST https://api.telegram.org/bot8084223356:AAH0f9ib-iOJlt4xZWPH3r8GecTdVvjYcrE/getUpdates "HTTP/1.1 200 OK"
2025-04-29 01:24:05,426 - httpx - INFO - HTTP Request: POST https://api.telegram.org/bot8084223356:AAH0f9ib-iOJlt4xZWPH3r8GecTdVvjYcrE/getUpdates "HTTP/1.1 200 OK"
2025-04-29 01:24:15,473 - httpx - INFO - HTTP Request: POST https://api.telegram.org/bot8084223356:AAH0f9ib-iOJlt4xZWPH3r8GecTdVvjYcrE/getUpdates "HTTP/1.1 200 OK"
2025-04-29 01:24:25,522 - httpx - INFO - HTTP Request: POST https://api.telegram.org/bot8084223356:AAH0f9ib-iOJlt4xZWPH3r8GecTdVvjYcrE/getUpdates "HTTP/1.1 200 OK"
2025-04-29 01:24:35,564 - httpx - INFO - HTTP Request: POST https://api.telegram.org/bot8084223356:AAH0f9ib-iOJlt4xZWPH3r8GecTdVvjYcrE/getUpdates "HTTP/1.1 200 OK"
2025-04-29 01:24:45,606 - httpx - INFO - HTTP Request: POST https://api.telegram.org/bot8084223356:AAH0f9ib-iOJlt4xZWPH3r8GecTdVvjYcrE/getUpdates "HTTP/1.1 200 OK"
2025-04-29 01:24:55,647 - httpx - INFO - HTTP Request: POST https://api.telegram.org/bot8084223356:AAH0f9ib-iOJlt4xZWPH3r8GecTdVvjYcrE/getUpdates "HTTP/1.1 200 OK"
2025-04-29 01:25:05,690 - httpx - INFO - HTTP Request: POST https://api.telegram.org/bot8084223356:AAH0f9ib-iOJlt4xZWPH3r8GecTdVvjYcrE/getUpdates "HTTP/1.1 200 OK"
2025-04-29 01:25:15,734 - httpx - INFO - HTTP Request: POST https://api.telegram.org/bot8084223356:AAH0f9ib-iOJlt4xZWPH3r8GecTdVvjYcrE/getUpdates "HTTP/1.1 200 OK"
2025-04-29 01:25:25,804 - httpx - INFO - HTTP Request: POST https://api.telegram.org/bot8084223356:AAH0f9ib-iOJlt4xZWPH3r8GecTdVvjYcrE/getUpdates "HTTP/1.1 200 OK"
2025-04-29 01:25:35,849 - httpx - INFO - HTTP Request: POST https://api.telegram.org/bot8084223356:AAH0f9ib-iOJlt4xZWPH3r8GecTdVvjYcrE/getUpdates "HTTP/1.1 200 OK"
2025-04-29 01:25:45,896 - httpx - INFO - HTTP Request: POST https://api.telegram.org/bot8084223356:AAH0f9ib-iOJlt4xZWPH3r8GecTdVvjYcrE/getUpdates "HTTP/1.1 200 OK"
2025-04-29 01:25:55,944 - httpx - INFO - HTTP Request: POST https://api.telegram.org/bot8084223356:AAH0f9ib-iOJlt4xZWPH3r8GecTdVvjYcrE/getUpdates "HTTP/1.1 200 OK"
2025-04-29 01:26:05,992 - httpx - INFO - HTTP Request: POST https://api.telegram.org/bot8084223356:AAH0f9ib-iOJlt4xZWPH3r8GecTdVvjYcrE/getUpdates "HTTP/1.1 200 OK"
2025-04-29 01:26:16,040 - httpx - INFO - HTTP Request: POST https://api.telegram.org/bot8084223356:AAH0f9ib-iOJlt4xZWPH3r8GecTdVvjYcrE/getUpdates "HTTP/1.1 200 OK"
2025-04-29 01:26:26,086 - httpx - INFO - HTTP Request: POST https://api.telegram.org/bot8084223356:AAH0f9ib-iOJlt4xZWPH3r8GecTdVvjYcrE/getUpdates "HTTP/1.1 200 OK"
2025-04-29 01:26:36,129 - httpx - INFO - HTTP Request: POST https://api.telegram.org/bot8084223356:AAH0f9ib-iOJlt4xZWPH3r8GecTdVvjYcrE/getUpdates "HTTP/1.1 200 OK"
2025-04-29 01:26:46,171 - httpx - INFO - HTTP Request: POST https://api.telegram.org/bot8084223356:AAH0f9ib-iOJlt4xZWPH3r8GecTdVvjYcrE/getUpdates "HTTP/1.1 200 OK"
2025-04-29 01:26:56,216 - httpx - INFO - HTTP Request: POST https://api.telegram.org/bot8084223356:AAH0f9ib-iOJlt4xZWPH3r8GecTdVvjYcrE/getUpdates "HTTP/1.1 200 OK"
2025-04-29 01:27:06,259 - httpx - INFO - HTTP Request: POST https://api.telegram.org/bot8084223356:AAH0f9ib-iOJlt4xZWPH3r8GecTdVvjYcrE/getUpdates "HTTP/1.1 200 OK"
2025-04-29 01:27:16,301 - httpx - INFO - HTTP Request: POST https://api.telegram.org/bot8084223356:AAH0f9ib-iOJlt4xZWPH3r8GecTdVvjYcrE/getUpdates "HTTP/1.1 200 OK"
2025-04-29 01:27:26,350 - httpx - INFO - HTTP Request: POST https://api.telegram.org/bot8084223356:AAH0f9ib-iOJlt4xZWPH3r8GecTdVvjYcrE/getUpdates "HTTP/1.1 200 OK"
2025-04-29 01:27:36,396 - httpx - INFO - HTTP Request: POST https://api.telegram.org/bot8084223356:AAH0f9ib-iOJlt4xZWPH3r8GecTdVvjYcrE/getUpdates "HTTP/1.1 200 OK"
2025-04-29 01:27:46,499 - httpx - INFO - HTTP Request: POST https://api.telegram.org/bot8084223356:AAH0f9ib-iOJlt4xZWPH3r8GecTdVvjYcrE/getUpdates "HTTP/1.1 200 OK"
2025-04-29 01:27:56,540 - httpx - INFO - HTTP Request: POST https://api.telegram.org/bot8084223356:AAH0f9ib-iOJlt4xZWPH3r8GecTdVvjYcrE/getUpdates "HTTP/1.1 200 OK"
2025-04-29 01:28:06,586 - httpx - INFO - HTTP Request: POST https://api.telegram.org/bot8084223356:AAH0f9ib-iOJlt4xZWPH3r8GecTdVvjYcrE/getUpdates "HTTP/1.1 200 OK"
2025-04-29 01:28:16,628 - httpx - INFO - HTTP Request: POST https://api.telegram.org/bot8084223356:AAH0f9ib-iOJlt4xZWPH3r8GecTdVvjYcrE/getUpdates "HTTP/1.1 200 OK"
2025-04-29 01:28:26,674 - httpx - INFO - HTTP Request: POST https://api.telegram.org/bot8084223356:AAH0f9ib-iOJlt4xZWPH3r8GecTdVvjYcrE/getUpdates "HTTP/1.1 200 OK"
2025-04-29 01:28:36,723 - httpx - INFO - HTTP Request: POST https://api.telegram.org/bot8084223356:AAH0f9ib-iOJlt4xZWPH3r8GecTdVvjYcrE/getUpdates "HTTP/1.1 200 OK"
2025-04-29 01:28:46,767 - httpx - INFO - HTTP Request: POST https://api.telegram.org/bot8084223356:AAH0f9ib-iOJlt4xZWPH3r8GecTdVvjYcrE/getUpdates "HTTP/1.1 200 OK"
2025-04-29 01:28:56,810 - httpx - INFO - HTTP Request: POST https://api.telegram.org/bot8084223356:AAH0f9ib-iOJlt4xZWPH3r8GecTdVvjYcrE/getUpdates "HTTP/1.1 200 OK"
2025-04-29 01:29:06,851 - httpx - INFO - HTTP Request: POST https://api.telegram.org/bot8084223356:AAH0f9ib-iOJlt4xZWPH3r8GecTdVvjYcrE/getUpdates "HTTP/1.1 200 OK"
2025-04-29 01:29:16,892 - httpx - INFO - HTTP Request: POST https://api.telegram.org/bot8084223356:AAH0f9ib-iOJlt4xZWPH3r8GecTdVvjYcrE/getUpdates "HTTP/1.1 200 OK"
2025-04-29 01:29:26,938 - httpx - INFO - HTTP Request: POST https://api.telegram.org/bot8084223356:AAH0f9ib-iOJlt4xZWPH3r8GecTdVvjYcrE/getUpdates "HTTP/1.1 200 OK"
2025-04-29 01:29:36,982 - httpx - INFO - HTTP Request: POST https://api.telegram.org/bot8084223356:AAH0f9ib-iOJlt4xZWPH3r8GecTdVvjYcrE/getUpdates "HTTP/1.1 200 OK"
2025-04-29 01:29:47,026 - httpx - INFO - HTTP Request: POST https://api.telegram.org/bot8084223356:AAH0f9ib-iOJlt4xZWPH3r8GecTdVvjYcrE/getUpdates "HTTP/1.1 200 OK"
2025-04-29 01:29:57,111 - httpx - INFO - HTTP Request: POST https://api.telegram.org/bot8084223356:AAH0f9ib-iOJlt4xZWPH3r8GecTdVvjYcrE/getUpdates "HTTP/1.1 200 OK"
2025-04-29 01:30:07,165 - httpx - INFO - HTTP Request: POST https://api.telegram.org/bot8084223356:AAH0f9ib-iOJlt4xZWPH3r8GecTdVvjYcrE/getUpdates "HTTP/1.1 200 OK"
2025-04-29 01:30:17,207 - httpx - INFO - HTTP Request: POST https://api.telegram.org/bot8084223356:AAH0f9ib-iOJlt4xZWPH3r8GecTdVvjYcrE/getUpdates "HTTP/1.1 200 OK"
2025-04-29 01:30:27,348 - httpx - INFO - HTTP Request: POST https://api.telegram.org/bot8084223356:AAH0f9ib-iOJlt4xZWPH3r8GecTdVvjYcrE/getUpdates "HTTP/1.1 200 OK"
2025-04-29 01:30:37,403 - httpx - INFO - HTTP Request: POST https://api.telegram.org/bot8084223356:AAH0f9ib-iOJlt4xZWPH3r8GecTdVvjYcrE/getUpdates "HTTP/1.1 200 OK"
2025-04-29 01:30:47,446 - httpx - INFO - HTTP Request: POST https://api.telegram.org/bot8084223356:AAH0f9ib-iOJlt4xZWPH3r8GecTdVvjYcrE/getUpdates "HTTP/1.1 200 OK"
2025-04-29 01:30:57,492 - httpx - INFO - HTTP Request: POST https://api.telegram.org/bot8084223356:AAH0f9ib-iOJlt4xZWPH3r8GecTdVvjYcrE/getUpdates "HTTP/1.1 200 OK"
2025-04-29 01:31:07,534 - httpx - INFO - HTTP Request: POST https://api.telegram.org/bot8084223356:AAH0f9ib-iOJlt4xZWPH3r8GecTdVvjYcrE/getUpdates "HTTP/1.1 200 OK"
2025-04-29 01:31:17,577 - httpx - INFO - HTTP Request: POST https://api.telegram.org/bot8084223356:AAH0f9ib-iOJlt4xZWPH3r8GecTdVvjYcrE/getUpdates "HTTP/1.1 200 OK"
2025-04-29 01:31:27,618 - httpx - INFO - HTTP Request: POST https://api.telegram.org/bot8084223356:AAH0f9ib-iOJlt4xZWPH3r8GecTdVvjYcrE/getUpdates "HTTP/1.1 200 OK"
2025-04-29 01:31:37,661 - httpx - INFO - HTTP Request: POST https://api.telegram.org/bot8084223356:AAH0f9ib-iOJlt4xZWPH3r8GecTdVvjYcrE/getUpdates "HTTP/1.1 200 OK"
2025-04-29 01:31:47,703 - httpx - INFO - HTTP Request: POST https://api.telegram.org/bot8084223356:AAH0f9ib-iOJlt4xZWPH3r8GecTdVvjYcrE/getUpdates "HTTP/1.1 200 OK"
2025-04-29 01:31:57,753 - httpx - INFO - HTTP Request: POST https://api.telegram.org/bot8084223356:AAH0f9ib-iOJlt4xZWPH3r8GecTdVvjYcrE/getUpdates "HTTP/1.1 200 OK"
2025-04-29 01:32:07,876 - httpx - INFO - HTTP Request: POST https://api.telegram.org/bot8084223356:AAH0f9ib-iOJlt4xZWPH3r8GecTdVvjYcrE/getUpdates "HTTP/1.1 200 OK"
2025-04-29 01:32:17,920 - httpx - INFO - HTTP Request: POST https://api.telegram.org/bot8084223356:AAH0f9ib-iOJlt4xZWPH3r8GecTdVvjYcrE/getUpdates "HTTP/1.1 200 OK"
2025-04-29 01:32:27,969 - httpx - INFO - HTTP Request: POST https://api.telegram.org/bot8084223356:AAH0f9ib-iOJlt4xZWPH3r8GecTdVvjYcrE/getUpdates "HTTP/1.1 200 OK"
2025-04-29 01:32:38,128 - httpx - INFO - HTTP Request: POST https://api.telegram.org/bot8084223356:AAH0f9ib-iOJlt4xZWPH3r8GecTdVvjYcrE/getUpdates "HTTP/1.1 200 OK"
2025-04-29 01:32:48,169 - httpx - INFO - HTTP Request: POST https://api.telegram.org/bot8084223356:AAH0f9ib-iOJlt4xZWPH3r8GecTdVvjYcrE/getUpdates "HTTP/1.1 200 OK"
2025-04-29 01:32:58,210 - httpx - INFO - HTTP Request: POST https://api.telegram.org/bot8084223356:AAH0f9ib-iOJlt4xZWPH3r8GecTdVvjYcrE/getUpdates "HTTP/1.1 200 OK"
2025-04-29 01:33:08,253 - httpx - INFO - HTTP Request: POST https://api.telegram.org/bot8084223356:AAH0f9ib-iOJlt4xZWPH3r8GecTdVvjYcrE/getUpdates "HTTP/1.1 200 OK"
2025-04-29 01:33:18,293 - httpx - INFO - HTTP Request: POST https://api.telegram.org/bot8084223356:AAH0f9ib-iOJlt4xZWPH3r8GecTdVvjYcrE/getUpdates "HTTP/1.1 200 OK"
2025-04-29 01:33:28,363 - httpx - INFO - HTTP Request: POST https://api.telegram.org/bot8084223356:AAH0f9ib-iOJlt4xZWPH3r8GecTdVvjYcrE/getUpdates "HTTP/1.1 200 OK"
2025-04-29 01:33:38,406 - httpx - INFO - HTTP Request: POST https://api.telegram.org/bot8084223356:AAH0f9ib-iOJlt4xZWPH3r8GecTdVvjYcrE/getUpdates "HTTP/1.1 200 OK"
2025-04-29 01:33:48,477 - httpx - INFO - HTTP Request: POST https://api.telegram.org/bot8084223356:AAH0f9ib-iOJlt4xZWPH3r8GecTdVvjYcrE/getUpdates "HTTP/1.1 200 OK"
2025-04-29 01:33:58,520 - httpx - INFO - HTTP Request: POST https://api.telegram.org/bot8084223356:AAH0f9ib-iOJlt4xZWPH3r8GecTdVvjYcrE/getUpdates "HTTP/1.1 200 OK"
2025-04-29 01:34:08,562 - httpx - INFO - HTTP Request: POST https://api.telegram.org/bot8084223356:AAH0f9ib-iOJlt4xZWPH3r8GecTdVvjYcrE/getUpdates "HTTP/1.1 200 OK"
2025-04-29 01:34:18,605 - httpx - INFO - HTTP Request: POST https://api.telegram.org/bot8084223356:AAH0f9ib-iOJlt4xZWPH3r8GecTdVvjYcrE/getUpdates "HTTP/1.1 200 OK"
2025-04-29 01:34:28,649 - httpx - INFO - HTTP Request: POST https://api.telegram.org/bot8084223356:AAH0f9ib-iOJlt4xZWPH3r8GecTdVvjYcrE/getUpdates "HTTP/1.1 200 OK"
2025-04-29 01:34:38,690 - httpx - INFO - HTTP Request: POST https://api.telegram.org/bot8084223356:AAH0f9ib-iOJlt4xZWPH3r8GecTdVvjYcrE/getUpdates "HTTP/1.1 200 OK"
2025-04-29 01:34:48,732 - httpx - INFO - HTTP Request: POST https://api.telegram.org/bot8084223356:AAH0f9ib-iOJlt4xZWPH3r8GecTdVvjYcrE/getUpdates "HTTP/1.1 200 OK"
2025-04-29 01:34:58,776 - httpx - INFO - HTTP Request: POST https://api.telegram.org/bot8084223356:AAH0f9ib-iOJlt4xZWPH3r8GecTdVvjYcrE/getUpdates "HTTP/1.1 200 OK"
2025-04-29 01:35:08,821 - httpx - INFO - HTTP Request: POST https://api.telegram.org/bot8084223356:AAH0f9ib-iOJlt4xZWPH3r8GecTdVvjYcrE/getUpdates "HTTP/1.1 200 OK"
2025-04-29 01:35:18,863 - httpx - INFO - HTTP Request: POST https://api.telegram.org/bot8084223356:AAH0f9ib-iOJlt4xZWPH3r8GecTdVvjYcrE/getUpdates "HTTP/1.1 200 OK"
2025-04-29 01:35:28,904 - httpx - INFO - HTTP Request: POST https://api.telegram.org/bot8084223356:AAH0f9ib-iOJlt4xZWPH3r8GecTdVvjYcrE/getUpdates "HTTP/1.1 200 OK"
2025-04-29 01:35:38,948 - httpx - INFO - HTTP Request: POST https://api.telegram.org/bot8084223356:AAH0f9ib-iOJlt4xZWPH3r8GecTdVvjYcrE/getUpdates "HTTP/1.1 200 OK"
2025-04-29 01:35:48,991 - httpx - INFO - HTTP Request: POST https://api.telegram.org/bot8084223356:AAH0f9ib-iOJlt4xZWPH3r8GecTdVvjYcrE/getUpdates "HTTP/1.1 200 OK"
2025-04-29 01:35:59,032 - httpx - INFO - HTTP Request: POST https://api.telegram.org/bot8084223356:AAH0f9ib-iOJlt4xZWPH3r8GecTdVvjYcrE/getUpdates "HTTP/1.1 200 OK"
2025-04-29 01:36:09,073 - httpx - INFO - HTTP Request: POST https://api.telegram.org/bot8084223356:AAH0f9ib-iOJlt4xZWPH3r8GecTdVvjYcrE/getUpdates "HTTP/1.1 200 OK"
2025-04-29 01:36:19,114 - httpx - INFO - HTTP Request: POST https://api.telegram.org/bot8084223356:AAH0f9ib-iOJlt4xZWPH3r8GecTdVvjYcrE/getUpdates "HTTP/1.1 200 OK"
2025-04-29 01:36:29,155 - httpx - INFO - HTTP Request: POST https://api.telegram.org/bot8084223356:AAH0f9ib-iOJlt4xZWPH3r8GecTdVvjYcrE/getUpdates "HTTP/1.1 200 OK"
2025-04-29 01:36:39,197 - httpx - INFO - HTTP Request: POST https://api.telegram.org/bot8084223356:AAH0f9ib-iOJlt4xZWPH3r8GecTdVvjYcrE/getUpdates "HTTP/1.1 200 OK"
2025-04-29 01:36:49,239 - httpx - INFO - HTTP Request: POST https://api.telegram.org/bot8084223356:AAH0f9ib-iOJlt4xZWPH3r8GecTdVvjYcrE/getUpdates "HTTP/1.1 200 OK"
2025-04-29 01:36:59,280 - httpx - INFO - HTTP Request: POST https://api.telegram.org/bot8084223356:AAH0f9ib-iOJlt4xZWPH3r8GecTdVvjYcrE/getUpdates "HTTP/1.1 200 OK"
2025-04-29 01:37:09,324 - httpx - INFO - HTTP Request: POST https://api.telegram.org/bot8084223356:AAH0f9ib-iOJlt4xZWPH3r8GecTdVvjYcrE/getUpdates "HTTP/1.1 200 OK"
2025-04-29 01:37:19,371 - httpx - INFO - HTTP Request: POST https://api.telegram.org/bot8084223356:AAH0f9ib-iOJlt4xZWPH3r8GecTdVvjYcrE/getUpdates "HTTP/1.1 200 OK"
2025-04-29 01:37:29,545 - httpx - INFO - HTTP Request: POST https://api.telegram.org/bot8084223356:AAH0f9ib-iOJlt4xZWPH3r8GecTdVvjYcrE/getUpdates "HTTP/1.1 200 OK"
2025-04-29 01:37:39,589 - httpx - INFO - HTTP Request: POST https://api.telegram.org/bot8084223356:AAH0f9ib-iOJlt4xZWPH3r8GecTdVvjYcrE/getUpdates "HTTP/1.1 200 OK"
2025-04-29 01:37:49,630 - httpx - INFO - HTTP Request: POST https://api.telegram.org/bot8084223356:AAH0f9ib-iOJlt4xZWPH3r8GecTdVvjYcrE/getUpdates "HTTP/1.1 200 OK"
2025-04-29 01:37:59,823 - httpx - INFO - HTTP Request: POST https://api.telegram.org/bot8084223356:AAH0f9ib-iOJlt4xZWPH3r8GecTdVvjYcrE/getUpdates "HTTP/1.1 200 OK"
2025-04-29 01:38:09,924 - httpx - INFO - HTTP Request: POST https://api.telegram.org/bot8084223356:AAH0f9ib-iOJlt4xZWPH3r8GecTdVvjYcrE/getUpdates "HTTP/1.1 200 OK"
2025-04-29 01:38:19,965 - httpx - INFO - HTTP Request: POST https://api.telegram.org/bot8084223356:AAH0f9ib-iOJlt4xZWPH3r8GecTdVvjYcrE/getUpdates "HTTP/1.1 200 OK"
2025-04-29 01:38:30,009 - httpx - INFO - HTTP Request: POST https://api.telegram.org/bot8084223356:AAH0f9ib-iOJlt4xZWPH3r8GecTdVvjYcrE/getUpdates "HTTP/1.1 200 OK"
2025-04-29 01:38:40,052 - httpx - INFO - HTTP Request: POST https://api.telegram.org/bot8084223356:AAH0f9ib-iOJlt4xZWPH3r8GecTdVvjYcrE/getUpdates "HTTP/1.1 200 OK"
2025-04-29 01:38:50,096 - httpx - INFO - HTTP Request: POST https://api.telegram.org/bot8084223356:AAH0f9ib-iOJlt4xZWPH3r8GecTdVvjYcrE/getUpdates "HTTP/1.1 200 OK"
2025-04-29 01:39:00,138 - httpx - INFO - HTTP Request: POST https://api.telegram.org/bot8084223356:AAH0f9ib-iOJlt4xZWPH3r8GecTdVvjYcrE/getUpdates "HTTP/1.1 200 OK"
2025-04-29 01:39:10,183 - httpx - INFO - HTTP Request: POST https://api.telegram.org/bot8084223356:AAH0f9ib-iOJlt4xZWPH3r8GecTdVvjYcrE/getUpdates "HTTP/1.1 200 OK"
2025-04-29 01:39:20,328 - httpx - INFO - HTTP Request: POST https://api.telegram.org/bot8084223356:AAH0f9ib-iOJlt4xZWPH3r8GecTdVvjYcrE/getUpdates "HTTP/1.1 200 OK"
2025-04-29 01:39:30,371 - httpx - INFO - HTTP Request: POST https://api.telegram.org/bot8084223356:AAH0f9ib-iOJlt4xZWPH3r8GecTdVvjYcrE/getUpdates "HTTP/1.1 200 OK"
2025-04-29 01:39:40,413 - httpx - INFO - HTTP Request: POST https://api.telegram.org/bot8084223356:AAH0f9ib-iOJlt4xZWPH3r8GecTdVvjYcrE/getUpdates "HTTP/1.1 200 OK"
2025-04-29 01:39:50,456 - httpx - INFO - HTTP Request: POST https://api.telegram.org/bot8084223356:AAH0f9ib-iOJlt4xZWPH3r8GecTdVvjYcrE/getUpdates "HTTP/1.1 200 OK"
2025-04-29 01:40:00,497 - httpx - INFO - HTTP Request: POST https://api.telegram.org/bot8084223356:AAH0f9ib-iOJlt4xZWPH3r8GecTdVvjYcrE/getUpdates "HTTP/1.1 200 OK"
2025-04-29 01:40:10,539 - httpx - INFO - HTTP Request: POST https://api.telegram.org/bot8084223356:AAH0f9ib-iOJlt4xZWPH3r8GecTdVvjYcrE/getUpdates "HTTP/1.1 200 OK"
2025-04-29 01:40:20,581 - httpx - INFO - HTTP Request: POST https://api.telegram.org/bot8084223356:AAH0f9ib-iOJlt4xZWPH3r8GecTdVvjYcrE/getUpdates "HTTP/1.1 200 OK"
2025-04-29 01:40:30,621 - httpx - INFO - HTTP Request: POST https://api.telegram.org/bot8084223356:AAH0f9ib-iOJlt4xZWPH3r8GecTdVvjYcrE/getUpdates "HTTP/1.1 200 OK"
2025-04-29 01:40:40,661 - httpx - INFO - HTTP Request: POST https://api.telegram.org/bot8084223356:AAH0f9ib-iOJlt4xZWPH3r8GecTdVvjYcrE/getUpdates "HTTP/1.1 200 OK"
2025-04-29 01:40:50,704 - httpx - INFO - HTTP Request: POST https://api.telegram.org/bot8084223356:AAH0f9ib-iOJlt4xZWPH3r8GecTdVvjYcrE/getUpdates "HTTP/1.1 200 OK"
2025-04-29 01:41:00,743 - httpx - INFO - HTTP Request: POST https://api.telegram.org/bot8084223356:AAH0f9ib-iOJlt4xZWPH3r8GecTdVvjYcrE/getUpdates "HTTP/1.1 200 OK"
2025-04-29 01:41:10,785 - httpx - INFO - HTTP Request: POST https://api.telegram.org/bot8084223356:AAH0f9ib-iOJlt4xZWPH3r8GecTdVvjYcrE/getUpdates "HTTP/1.1 200 OK"
2025-04-29 01:41:20,827 - httpx - INFO - HTTP Request: POST https://api.telegram.org/bot8084223356:AAH0f9ib-iOJlt4xZWPH3r8GecTdVvjYcrE/getUpdates "HTTP/1.1 200 OK"
2025-04-29 01:41:30,872 - httpx - INFO - HTTP Request: POST https://api.telegram.org/bot8084223356:AAH0f9ib-iOJlt4xZWPH3r8GecTdVvjYcrE/getUpdates "HTTP/1.1 200 OK"
2025-04-29 01:41:40,916 - httpx - INFO - HTTP Request: POST https://api.telegram.org/bot8084223356:AAH0f9ib-iOJlt4xZWPH3r8GecTdVvjYcrE/getUpdates "HTTP/1.1 200 OK"
2025-04-29 01:41:51,018 - httpx - INFO - HTTP Request: POST https://api.telegram.org/bot8084223356:AAH0f9ib-iOJlt4xZWPH3r8GecTdVvjYcrE/getUpdates "HTTP/1.1 200 OK"
2025-04-29 01:42:01,060 - httpx - INFO - HTTP Request: POST https://api.telegram.org/bot8084223356:AAH0f9ib-iOJlt4xZWPH3r8GecTdVvjYcrE/getUpdates "HTTP/1.1 200 OK"
2025-04-29 01:42:11,103 - httpx - INFO - HTTP Request: POST https://api.telegram.org/bot8084223356:AAH0f9ib-iOJlt4xZWPH3r8GecTdVvjYcrE/getUpdates "HTTP/1.1 200 OK"
2025-04-29 01:42:21,170 - httpx - INFO - HTTP Request: POST https://api.telegram.org/bot8084223356:AAH0f9ib-iOJlt4xZWPH3r8GecTdVvjYcrE/getUpdates "HTTP/1.1 200 OK"
2025-04-29 01:42:31,213 - httpx - INFO - HTTP Request: POST https://api.telegram.org/bot8084223356:AAH0f9ib-iOJlt4xZWPH3r8GecTdVvjYcrE/getUpdates "HTTP/1.1 200 OK"
2025-04-29 01:42:41,253 - httpx - INFO - HTTP Request: POST https://api.telegram.org/bot8084223356:AAH0f9ib-iOJlt4xZWPH3r8GecTdVvjYcrE/getUpdates "HTTP/1.1 200 OK"
2025-04-29 01:42:51,292 - httpx - INFO - HTTP Request: POST https://api.telegram.org/bot8084223356:AAH0f9ib-iOJlt4xZWPH3r8GecTdVvjYcrE/getUpdates "HTTP/1.1 200 OK"
2025-04-29 01:43:01,596 - httpx - INFO - HTTP Request: POST https://api.telegram.org/bot8084223356:AAH0f9ib-iOJlt4xZWPH3r8GecTdVvjYcrE/getUpdates "HTTP/1.1 200 OK"
2025-04-29 01:43:11,636 - httpx - INFO - HTTP Request: POST https://api.telegram.org/bot8084223356:AAH0f9ib-iOJlt4xZWPH3r8GecTdVvjYcrE/getUpdates "HTTP/1.1 200 OK"
2025-04-29 01:43:21,677 - httpx - INFO - HTTP Request: POST https://api.telegram.org/bot8084223356:AAH0f9ib-iOJlt4xZWPH3r8GecTdVvjYcrE/getUpdates "HTTP/1.1 200 OK"
2025-04-29 01:43:31,784 - httpx - INFO - HTTP Request: POST https://api.telegram.org/bot8084223356:AAH0f9ib-iOJlt4xZWPH3r8GecTdVvjYcrE/getUpdates "HTTP/1.1 200 OK"
2025-04-29 01:43:41,825 - httpx - INFO - HTTP Request: POST https://api.telegram.org/bot8084223356:AAH0f9ib-iOJlt4xZWPH3r8GecTdVvjYcrE/getUpdates "HTTP/1.1 200 OK"
2025-04-29 01:43:51,865 - httpx - INFO - HTTP Request: POST https://api.telegram.org/bot8084223356:AAH0f9ib-iOJlt4xZWPH3r8GecTdVvjYcrE/getUpdates "HTTP/1.1 200 OK"
2025-04-29 01:44:01,905 - httpx - INFO - HTTP Request: POST https://api.telegram.org/bot8084223356:AAH0f9ib-iOJlt4xZWPH3r8GecTdVvjYcrE/getUpdates "HTTP/1.1 200 OK"
2025-04-29 01:44:11,948 - httpx - INFO - HTTP Request: POST https://api.telegram.org/bot8084223356:AAH0f9ib-iOJlt4xZWPH3r8GecTdVvjYcrE/getUpdates "HTTP/1.1 200 OK"
2025-04-29 01:44:21,991 - httpx - INFO - HTTP Request: POST https://api.telegram.org/bot8084223356:AAH0f9ib-iOJlt4xZWPH3r8GecTdVvjYcrE/getUpdates "HTTP/1.1 200 OK"
2025-04-29 01:44:32,033 - httpx - INFO - HTTP Request: POST https://api.telegram.org/bot8084223356:AAH0f9ib-iOJlt4xZWPH3r8GecTdVvjYcrE/getUpdates "HTTP/1.1 200 OK"
2025-04-29 01:44:42,079 - httpx - INFO - HTTP Request: POST https://api.telegram.org/bot8084223356:AAH0f9ib-iOJlt4xZWPH3r8GecTdVvjYcrE/getUpdates "HTTP/1.1 200 OK"
2025-04-29 01:44:52,124 - httpx - INFO - HTTP Request: POST https://api.telegram.org/bot8084223356:AAH0f9ib-iOJlt4xZWPH3r8GecTdVvjYcrE/getUpdates "HTTP/1.1 200 OK"
2025-04-29 01:45:02,170 - httpx - INFO - HTTP Request: POST https://api.telegram.org/bot8084223356:AAH0f9ib-iOJlt4xZWPH3r8GecTdVvjYcrE/getUpdates "HTTP/1.1 200 OK"
2025-04-29 01:45:12,211 - httpx - INFO - HTTP Request: POST https://api.telegram.org/bot8084223356:AAH0f9ib-iOJlt4xZWPH3r8GecTdVvjYcrE/getUpdates "HTTP/1.1 200 OK"
2025-04-29 01:45:22,359 - httpx - INFO - HTTP Request: POST https://api.telegram.org/bot8084223356:AAH0f9ib-iOJlt4xZWPH3r8GecTdVvjYcrE/getUpdates "HTTP/1.1 200 OK"
2025-04-29 01:45:32,402 - httpx - INFO - HTTP Request: POST https://api.telegram.org/bot8084223356:AAH0f9ib-iOJlt4xZWPH3r8GecTdVvjYcrE/getUpdates "HTTP/1.1 200 OK"
2025-04-29 01:45:42,443 - httpx - INFO - HTTP Request: POST https://api.telegram.org/bot8084223356:AAH0f9ib-iOJlt4xZWPH3r8GecTdVvjYcrE/getUpdates "HTTP/1.1 200 OK"
2025-04-29 01:45:52,486 - httpx - INFO - HTTP Request: POST https://api.telegram.org/bot8084223356:AAH0f9ib-iOJlt4xZWPH3r8GecTdVvjYcrE/getUpdates "HTTP/1.1 200 OK"
2025-04-29 01:46:02,530 - httpx - INFO - HTTP Request: POST https://api.telegram.org/bot8084223356:AAH0f9ib-iOJlt4xZWPH3r8GecTdVvjYcrE/getUpdates "HTTP/1.1 200 OK"
2025-04-29 01:46:12,572 - httpx - INFO - HTTP Request: POST https://api.telegram.org/bot8084223356:AAH0f9ib-iOJlt4xZWPH3r8GecTdVvjYcrE/getUpdates "HTTP/1.1 200 OK"
2025-04-29 01:46:22,617 - httpx - INFO - HTTP Request: POST https://api.telegram.org/bot8084223356:AAH0f9ib-iOJlt4xZWPH3r8GecTdVvjYcrE/getUpdates "HTTP/1.1 200 OK"
2025-04-29 01:46:32,660 - httpx - INFO - HTTP Request: POST https://api.telegram.org/bot8084223356:AAH0f9ib-iOJlt4xZWPH3r8GecTdVvjYcrE/getUpdates "HTTP/1.1 200 OK"
2025-04-29 01:46:42,701 - httpx - INFO - HTTP Request: POST https://api.telegram.org/bot8084223356:AAH0f9ib-iOJlt4xZWPH3r8GecTdVvjYcrE/getUpdates "HTTP/1.1 200 OK"
2025-04-29 01:46:52,742 - httpx - INFO - HTTP Request: POST https://api.telegram.org/bot8084223356:AAH0f9ib-iOJlt4xZWPH3r8GecTdVvjYcrE/getUpdates "HTTP/1.1 200 OK"
2025-04-29 01:47:02,784 - httpx - INFO - HTTP Request: POST https://api.telegram.org/bot8084223356:AAH0f9ib-iOJlt4xZWPH3r8GecTdVvjYcrE/getUpdates "HTTP/1.1 200 OK"
2025-04-29 01:47:12,825 - httpx - INFO - HTTP Request: POST https://api.telegram.org/bot8084223356:AAH0f9ib-iOJlt4xZWPH3r8GecTdVvjYcrE/getUpdates "HTTP/1.1 200 OK"
2025-04-29 01:47:22,867 - httpx - INFO - HTTP Request: POST https://api.telegram.org/bot8084223356:AAH0f9ib-iOJlt4xZWPH3r8GecTdVvjYcrE/getUpdates "HTTP/1.1 200 OK"
2025-04-29 01:47:32,909 - httpx - INFO - HTTP Request: POST https://api.telegram.org/bot8084223356:AAH0f9ib-iOJlt4xZWPH3r8GecTdVvjYcrE/getUpdates "HTTP/1.1 200 OK"
2025-04-29 01:47:42,950 - httpx - INFO - HTTP Request: POST https://api.telegram.org/bot8084223356:AAH0f9ib-iOJlt4xZWPH3r8GecTdVvjYcrE/getUpdates "HTTP/1.1 200 OK"
2025-04-29 01:47:52,991 - httpx - INFO - HTTP Request: POST https://api.telegram.org/bot8084223356:AAH0f9ib-iOJlt4xZWPH3r8GecTdVvjYcrE/getUpdates "HTTP/1.1 200 OK"
2025-04-29 01:48:03,035 - httpx - INFO - HTTP Request: POST https://api.telegram.org/bot8084223356:AAH0f9ib-iOJlt4xZWPH3r8GecTdVvjYcrE/getUpdates "HTTP/1.1 200 OK"
2025-04-29 01:48:13,077 - httpx - INFO - HTTP Request: POST https://api.telegram.org/bot8084223356:AAH0f9ib-iOJlt4xZWPH3r8GecTdVvjYcrE/getUpdates "HTTP/1.1 200 OK"
2025-04-29 01:48:23,118 - httpx - INFO - HTTP Request: POST https://api.telegram.org/bot8084223356:AAH0f9ib-iOJlt4xZWPH3r8GecTdVvjYcrE/getUpdates "HTTP/1.1 200 OK"
2025-04-29 01:48:33,190 - httpx - INFO - HTTP Request: POST https://api.telegram.org/bot8084223356:AAH0f9ib-iOJlt4xZWPH3r8GecTdVvjYcrE/getUpdates "HTTP/1.1 200 OK"
2025-04-29 01:48:43,233 - httpx - INFO - HTTP Request: POST https://api.telegram.org/bot8084223356:AAH0f9ib-iOJlt4xZWPH3r8GecTdVvjYcrE/getUpdates "HTTP/1.1 200 OK"
2025-04-29 01:48:53,274 - httpx - INFO - HTTP Request: POST https://api.telegram.org/bot8084223356:AAH0f9ib-iOJlt4xZWPH3r8GecTdVvjYcrE/getUpdates "HTTP/1.1 200 OK"
2025-04-29 01:49:03,318 - httpx - INFO - HTTP Request: POST https://api.telegram.org/bot8084223356:AAH0f9ib-iOJlt4xZWPH3r8GecTdVvjYcrE/getUpdates "HTTP/1.1 200 OK"
2025-04-29 01:49:13,359 - httpx - INFO - HTTP Request: POST https://api.telegram.org/bot8084223356:AAH0f9ib-iOJlt4xZWPH3r8GecTdVvjYcrE/getUpdates "HTTP/1.1 200 OK"
2025-04-29 01:49:23,517 - httpx - INFO - HTTP Request: POST https://api.telegram.org/bot8084223356:AAH0f9ib-iOJlt4xZWPH3r8GecTdVvjYcrE/getUpdates "HTTP/1.1 200 OK"
2025-04-29 01:49:33,655 - httpx - INFO - HTTP Request: POST https://api.telegram.org/bot8084223356:AAH0f9ib-iOJlt4xZWPH3r8GecTdVvjYcrE/getUpdates "HTTP/1.1 200 OK"
2025-04-29 01:49:43,714 - httpx - INFO - HTTP Request: POST https://api.telegram.org/bot8084223356:AAH0f9ib-iOJlt4xZWPH3r8GecTdVvjYcrE/getUpdates "HTTP/1.1 200 OK"
2025-04-29 01:49:53,760 - httpx - INFO - HTTP Request: POST https://api.telegram.org/bot8084223356:AAH0f9ib-iOJlt4xZWPH3r8GecTdVvjYcrE/getUpdates "HTTP/1.1 200 OK"
2025-04-29 01:50:03,817 - httpx - INFO - HTTP Request: POST https://api.telegram.org/bot8084223356:AAH0f9ib-iOJlt4xZWPH3r8GecTdVvjYcrE/getUpdates "HTTP/1.1 200 OK"
2025-04-29 01:50:13,864 - httpx - INFO - HTTP Request: POST https://api.telegram.org/bot8084223356:AAH0f9ib-iOJlt4xZWPH3r8GecTdVvjYcrE/getUpdates "HTTP/1.1 200 OK"
2025-04-29 01:50:37,556 - apscheduler.scheduler - INFO - Adding job tentatively -- it will be properly scheduled when the scheduler starts
2025-04-29 01:50:37,556 - __main__ - INFO - Iniciando bot...
2025-04-29 01:50:37,715 - httpx - INFO - HTTP Request: POST https://api.telegram.org/bot8084223356:AAH0f9ib-iOJlt4xZWPH3r8GecTdVvjYcrE/getMe "HTTP/1.1 200 OK"
2025-04-29 01:50:37,759 - httpx - INFO - HTTP Request: POST https://api.telegram.org/bot8084223356:AAH0f9ib-iOJlt4xZWPH3r8GecTdVvjYcrE/deleteWebhook "HTTP/1.1 200 OK"
2025-04-29 01:50:37,762 - apscheduler.scheduler - INFO - Added job "envio_diario_horoscopos" to job store "default"
2025-04-29 01:50:37,763 - apscheduler.scheduler - INFO - Scheduler started
2025-04-29 01:50:37,763 - telegram.ext.Application - INFO - Application started
2025-04-29 01:50:47,918 - httpx - INFO - HTTP Request: POST https://api.telegram.org/bot8084223356:AAH0f9ib-iOJlt4xZWPH3r8GecTdVvjYcrE/getUpdates "HTTP/1.1 200 OK"
2025-04-29 01:50:57,620 - httpx - INFO - HTTP Request: POST https://api.telegram.org/bot8084223356:AAH0f9ib-iOJlt4xZWPH3r8GecTdVvjYcrE/getUpdates "HTTP/1.1 200 OK"
2025-04-29 01:50:57,621 - __main__ - ERROR - Error al guardar usuario: table usuarios has no column named chat_id
2025-04-29 01:50:57,819 - httpx - INFO - HTTP Request: POST https://api.telegram.org/bot8084223356:AAH0f9ib-iOJlt4xZWPH3r8GecTdVvjYcrE/sendMessage "HTTP/1.1 200 OK"
2025-04-29 01:51:07,665 - httpx - INFO - HTTP Request: POST https://api.telegram.org/bot8084223356:AAH0f9ib-iOJlt4xZWPH3r8GecTdVvjYcrE/getUpdates "HTTP/1.1 200 OK"
2025-04-29 01:51:16,112 - httpx - INFO - HTTP Request: POST https://api.telegram.org/bot8084223356:AAH0f9ib-iOJlt4xZWPH3r8GecTdVvjYcrE/getUpdates "HTTP/1.1 200 OK"
2025-04-29 01:51:16,284 - httpx - INFO - HTTP Request: POST https://api.telegram.org/bot8084223356:AAH0f9ib-iOJlt4xZWPH3r8GecTdVvjYcrE/answerCallbackQuery "HTTP/1.1 200 OK"
2025-04-29 01:51:16,285 - __main__ - ERROR - Error al verificar VIP: no such column: es_vip
2025-04-29 01:51:16,351 - httpx - INFO - HTTP Request: POST https://api.telegram.org/bot8084223356:AAH0f9ib-iOJlt4xZWPH3r8GecTdVvjYcrE/sendMessage "HTTP/1.1 200 OK"
2025-04-29 01:51:17,781 - httpx - INFO - HTTP Request: POST https://api.telegram.org/bot8084223356:AAH0f9ib-iOJlt4xZWPH3r8GecTdVvjYcrE/editMessageText "HTTP/1.1 200 OK"
2025-04-29 01:51:17,782 - __main__ - ERROR - Error al guardar consulta: no such column: ultima_consulta
2025-04-29 01:51:26,156 - httpx - INFO - HTTP Request: POST https://api.telegram.org/bot8084223356:AAH0f9ib-iOJlt4xZWPH3r8GecTdVvjYcrE/getUpdates "HTTP/1.1 200 OK"
2025-04-29 01:51:36,202 - httpx - INFO - HTTP Request: POST https://api.telegram.org/bot8084223356:AAH0f9ib-iOJlt4xZWPH3r8GecTdVvjYcrE/getUpdates "HTTP/1.1 200 OK"
2025-04-29 01:51:37,785 - httpx - INFO - HTTP Request: POST https://api.telegram.org/bot8084223356:AAH0f9ib-iOJlt4xZWPH3r8GecTdVvjYcrE/getUpdates "HTTP/1.1 200 OK"
2025-04-29 01:51:37,940 - httpx - INFO - HTTP Request: POST https://api.telegram.org/bot8084223356:AAH0f9ib-iOJlt4xZWPH3r8GecTdVvjYcrE/answerCallbackQuery "HTTP/1.1 200 OK"
2025-04-29 01:51:37,940 - __main__ - ERROR - Error al verificar VIP: no such column: es_vip
2025-04-29 01:51:37,984 - httpx - INFO - HTTP Request: POST https://api.telegram.org/bot8084223356:AAH0f9ib-iOJlt4xZWPH3r8GecTdVvjYcrE/editMessageText "HTTP/1.1 400 Bad Request"
2025-04-29 01:51:37,985 - __main__ - ERROR - Error mostrando info VIP: Can't parse inline keyboard button: text buttons are unallowed in the inline keyboard
2025-04-29 01:51:38,072 - httpx - INFO - HTTP Request: POST https://api.telegram.org/bot8084223356:AAH0f9ib-iOJlt4xZWPH3r8GecTdVvjYcrE/editMessageText "HTTP/1.1 200 OK"
2025-04-29 01:51:42,698 - httpx - INFO - HTTP Request: POST https://api.telegram.org/bot8084223356:AAH0f9ib-iOJlt4xZWPH3r8GecTdVvjYcrE/getUpdates "HTTP/1.1 200 OK"
2025-04-29 01:51:42,699 - __main__ - ERROR - Error al guardar usuario: table usuarios has no column named chat_id
2025-04-29 01:51:42,777 - httpx - INFO - HTTP Request: POST https://api.telegram.org/bot8084223356:AAH0f9ib-iOJlt4xZWPH3r8GecTdVvjYcrE/sendMessage "HTTP/1.1 200 OK"
2025-04-29 01:51:45,104 - httpx - INFO - HTTP Request: POST https://api.telegram.org/bot8084223356:AAH0f9ib-iOJlt4xZWPH3r8GecTdVvjYcrE/getUpdates "HTTP/1.1 200 OK"
2025-04-29 01:51:45,158 - httpx - INFO - HTTP Request: POST https://api.telegram.org/bot8084223356:AAH0f9ib-iOJlt4xZWPH3r8GecTdVvjYcrE/answerCallbackQuery "HTTP/1.1 200 OK"
2025-04-29 01:51:45,159 - __main__ - ERROR - Error al obtener estadísticas: no such column: fecha
2025-04-29 01:51:45,217 - httpx - INFO - HTTP Request: POST https://api.telegram.org/bot8084223356:AAH0f9ib-iOJlt4xZWPH3r8GecTdVvjYcrE/editMessageText "HTTP/1.1 200 OK"
2025-04-29 01:51:47,860 - httpx - INFO - HTTP Request: POST https://api.telegram.org/bot8084223356:AAH0f9ib-iOJlt4xZWPH3r8GecTdVvjYcrE/getUpdates "HTTP/1.1 200 OK"
2025-04-29 01:51:47,910 - httpx - INFO - HTTP Request: POST https://api.telegram.org/bot8084223356:AAH0f9ib-iOJlt4xZWPH3r8GecTdVvjYcrE/answerCallbackQuery "HTTP/1.1 200 OK"
2025-04-29 01:51:47,910 - __main__ - ERROR - Error al guardar usuario: table usuarios has no column named chat_id
2025-04-29 01:51:47,973 - httpx - INFO - HTTP Request: POST https://api.telegram.org/bot8084223356:AAH0f9ib-iOJlt4xZWPH3r8GecTdVvjYcrE/sendMessage "HTTP/1.1 200 OK"
2025-04-29 01:51:49,401 - httpx - INFO - HTTP Request: POST https://api.telegram.org/bot8084223356:AAH0f9ib-iOJlt4xZWPH3r8GecTdVvjYcrE/getUpdates "HTTP/1.1 200 OK"
2025-04-29 01:51:49,450 - httpx - INFO - HTTP Request: POST https://api.telegram.org/bot8084223356:AAH0f9ib-iOJlt4xZWPH3r8GecTdVvjYcrE/answerCallbackQuery "HTTP/1.1 200 OK"
2025-04-29 01:51:49,450 - __main__ - ERROR - Error al verificar VIP: no such column: es_vip
2025-04-29 01:51:49,451 - __main__ - ERROR - Error mostrando configuración: 'recibir_diario'
2025-04-29 01:51:49,505 - httpx - INFO - HTTP Request: POST https://api.telegram.org/bot8084223356:AAH0f9ib-iOJlt4xZWPH3r8GecTdVvjYcrE/editMessageText "HTTP/1.1 200 OK"
2025-04-29 01:51:59,445 - httpx - INFO - HTTP Request: POST https://api.telegram.org/bot8084223356:AAH0f9ib-iOJlt4xZWPH3r8GecTdVvjYcrE/getUpdates "HTTP/1.1 200 OK"
2025-04-29 01:52:09,488 - httpx - INFO - HTTP Request: POST https://api.telegram.org/bot8084223356:AAH0f9ib-iOJlt4xZWPH3r8GecTdVvjYcrE/getUpdates "HTTP/1.1 200 OK"
2025-04-29 01:52:19,533 - httpx - INFO - HTTP Request: POST https://api.telegram.org/bot8084223356:AAH0f9ib-iOJlt4xZWPH3r8GecTdVvjYcrE/getUpdates "HTTP/1.1 200 OK"
2025-04-29 01:52:29,576 - httpx - INFO - HTTP Request: POST https://api.telegram.org/bot8084223356:AAH0f9ib-iOJlt4xZWPH3r8GecTdVvjYcrE/getUpdates "HTTP/1.1 200 OK"
2025-04-29 01:52:39,648 - httpx - INFO - HTTP Request: POST https://api.telegram.org/bot8084223356:AAH0f9ib-iOJlt4xZWPH3r8GecTdVvjYcrE/getUpdates "HTTP/1.1 200 OK"
2025-04-29 01:52:49,694 - httpx - INFO - HTTP Request: POST https://api.telegram.org/bot8084223356:AAH0f9ib-iOJlt4xZWPH3r8GecTdVvjYcrE/getUpdates "HTTP/1.1 200 OK"
2025-04-29 01:52:59,737 - httpx - INFO - HTTP Request: POST https://api.telegram.org/bot8084223356:AAH0f9ib-iOJlt4xZWPH3r8GecTdVvjYcrE/getUpdates "HTTP/1.1 200 OK"
2025-04-29 01:53:09,786 - httpx - INFO - HTTP Request: POST https://api.telegram.org/bot8084223356:AAH0f9ib-iOJlt4xZWPH3r8GecTdVvjYcrE/getUpdates "HTTP/1.1 200 OK"
2025-04-29 01:53:16,275 - httpx - INFO - HTTP Request: POST https://api.telegram.org/bot8084223356:AAH0f9ib-iOJlt4xZWPH3r8GecTdVvjYcrE/getUpdates "HTTP/1.1 200 OK"
2025-04-29 01:53:16,441 - httpx - INFO - HTTP Request: POST https://api.telegram.org/bot8084223356:AAH0f9ib-iOJlt4xZWPH3r8GecTdVvjYcrE/answerCallbackQuery "HTTP/1.1 200 OK"
2025-04-29 01:53:16,442 - __main__ - ERROR - Error al verificar VIP: no such column: es_vip
2025-04-29 01:53:16,500 - httpx - INFO - HTTP Request: POST https://api.telegram.org/bot8084223356:AAH0f9ib-iOJlt4xZWPH3r8GecTdVvjYcrE/sendMessage "HTTP/1.1 200 OK"
2025-04-29 01:53:17,926 - httpx - INFO - HTTP Request: POST https://api.telegram.org/bot8084223356:AAH0f9ib-iOJlt4xZWPH3r8GecTdVvjYcrE/editMessageText "HTTP/1.1 200 OK"
2025-04-29 01:53:17,927 - __main__ - ERROR - Error al guardar consulta: no such column: ultima_consulta
2025-04-29 01:53:26,320 - httpx - INFO - HTTP Request: POST https://api.telegram.org/bot8084223356:AAH0f9ib-iOJlt4xZWPH3r8GecTdVvjYcrE/getUpdates "HTTP/1.1 200 OK"
2025-04-29 01:53:36,362 - httpx - INFO - HTTP Request: POST https://api.telegram.org/bot8084223356:AAH0f9ib-iOJlt4xZWPH3r8GecTdVvjYcrE/getUpdates "HTTP/1.1 200 OK"
2025-04-29 01:53:46,406 - httpx - INFO - HTTP Request: POST https://api.telegram.org/bot8084223356:AAH0f9ib-iOJlt4xZWPH3r8GecTdVvjYcrE/getUpdates "HTTP/1.1 200 OK"
2025-04-29 01:53:56,453 - httpx - INFO - HTTP Request: POST https://api.telegram.org/bot8084223356:AAH0f9ib-iOJlt4xZWPH3r8GecTdVvjYcrE/getUpdates "HTTP/1.1 200 OK"
2025-04-29 01:54:06,505 - httpx - INFO - HTTP Request: POST https://api.telegram.org/bot8084223356:AAH0f9ib-iOJlt4xZWPH3r8GecTdVvjYcrE/getUpdates "HTTP/1.1 200 OK"
2025-04-29 01:54:09,036 - httpx - INFO - HTTP Request: POST https://api.telegram.org/bot8084223356:AAH0f9ib-iOJlt4xZWPH3r8GecTdVvjYcrE/getUpdates "HTTP/1.1 200 OK"
2025-04-29 01:54:09,190 - httpx - INFO - HTTP Request: POST https://api.telegram.org/bot8084223356:AAH0f9ib-iOJlt4xZWPH3r8GecTdVvjYcrE/answerCallbackQuery "HTTP/1.1 200 OK"
2025-04-29 01:54:09,191 - __main__ - ERROR - Error al obtener estadísticas: no such column: fecha
2025-04-29 01:54:09,248 - httpx - INFO - HTTP Request: POST https://api.telegram.org/bot8084223356:AAH0f9ib-iOJlt4xZWPH3r8GecTdVvjYcrE/editMessageText "HTTP/1.1 400 Bad Request"
2025-04-29 01:54:09,249 - __main__ - ERROR - Error mostrando estadísticas: Message is not modified: specified new message content and reply markup are exactly the same as a current content and reply markup of the message
2025-04-29 01:54:09,316 - httpx - INFO - HTTP Request: POST https://api.telegram.org/bot8084223356:AAH0f9ib-iOJlt4xZWPH3r8GecTdVvjYcrE/editMessageText "HTTP/1.1 200 OK"
2025-04-29 01:54:12,402 - httpx - INFO - HTTP Request: POST https://api.telegram.org/bot8084223356:AAH0f9ib-iOJlt4xZWPH3r8GecTdVvjYcrE/getUpdates "HTTP/1.1 200 OK"
2025-04-29 01:54:12,453 - httpx - INFO - HTTP Request: POST https://api.telegram.org/bot8084223356:AAH0f9ib-iOJlt4xZWPH3r8GecTdVvjYcrE/answerCallbackQuery "HTTP/1.1 200 OK"
2025-04-29 01:54:12,454 - __main__ - ERROR - Error al verificar VIP: no such column: es_vip
2025-04-29 01:54:12,513 - httpx - INFO - HTTP Request: POST https://api.telegram.org/bot8084223356:AAH0f9ib-iOJlt4xZWPH3r8GecTdVvjYcrE/sendMessage "HTTP/1.1 200 OK"
2025-04-29 01:54:13,876 - httpx - INFO - HTTP Request: POST https://api.telegram.org/bot8084223356:AAH0f9ib-iOJlt4xZWPH3r8GecTdVvjYcrE/editMessageText "HTTP/1.1 200 OK"
2025-04-29 01:54:13,877 - __main__ - ERROR - Error al guardar consulta: no such column: ultima_consulta
2025-04-29 01:54:16,287 - httpx - INFO - HTTP Request: POST https://api.telegram.org/bot8084223356:AAH0f9ib-iOJlt4xZWPH3r8GecTdVvjYcrE/getUpdates "HTTP/1.1 200 OK"
2025-04-29 01:54:16,342 - httpx - INFO - HTTP Request: POST https://api.telegram.org/bot8084223356:AAH0f9ib-iOJlt4xZWPH3r8GecTdVvjYcrE/answerCallbackQuery "HTTP/1.1 200 OK"
2025-04-29 01:54:16,343 - __main__ - ERROR - Error al guardar usuario: table usuarios has no column named chat_id
2025-04-29 01:54:16,404 - httpx - INFO - HTTP Request: POST https://api.telegram.org/bot8084223356:AAH0f9ib-iOJlt4xZWPH3r8GecTdVvjYcrE/sendMessage "HTTP/1.1 200 OK"
2025-04-29 01:54:20,119 - httpx - INFO - HTTP Request: POST https://api.telegram.org/bot8084223356:AAH0f9ib-iOJlt4xZWPH3r8GecTdVvjYcrE/getUpdates "HTTP/1.1 200 OK"
2025-04-29 01:54:20,230 - httpx - INFO - HTTP Request: POST https://api.telegram.org/bot8084223356:AAH0f9ib-iOJlt4xZWPH3r8GecTdVvjYcrE/answerCallbackQuery "HTTP/1.1 200 OK"
2025-04-29 01:54:20,230 - __main__ - ERROR - Error al verificar VIP: no such column: es_vip
2025-04-29 01:54:20,388 - httpx - INFO - HTTP Request: POST https://api.telegram.org/bot8084223356:AAH0f9ib-iOJlt4xZWPH3r8GecTdVvjYcrE/sendMessage "HTTP/1.1 200 OK"
2025-04-29 01:54:21,794 - httpx - INFO - HTTP Request: POST https://api.telegram.org/bot8084223356:AAH0f9ib-iOJlt4xZWPH3r8GecTdVvjYcrE/editMessageText "HTTP/1.1 200 OK"
2025-04-29 01:54:21,795 - __main__ - ERROR - Error al guardar consulta: no such column: ultima_consulta
2025-04-29 01:54:30,161 - httpx - INFO - HTTP Request: POST https://api.telegram.org/bot8084223356:AAH0f9ib-iOJlt4xZWPH3r8GecTdVvjYcrE/getUpdates "HTTP/1.1 200 OK"
2025-04-29 01:54:40,205 - httpx - INFO - HTTP Request: POST https://api.telegram.org/bot8084223356:AAH0f9ib-iOJlt4xZWPH3r8GecTdVvjYcrE/getUpdates "HTTP/1.1 200 OK"
2025-04-29 01:54:50,246 - httpx - INFO - HTTP Request: POST https://api.telegram.org/bot8084223356:AAH0f9ib-iOJlt4xZWPH3r8GecTdVvjYcrE/getUpdates "HTTP/1.1 200 OK"
2025-04-29 01:55:00,289 - httpx - INFO - HTTP Request: POST https://api.telegram.org/bot8084223356:AAH0f9ib-iOJlt4xZWPH3r8GecTdVvjYcrE/getUpdates "HTTP/1.1 200 OK"
2025-04-29 01:55:10,357 - httpx - INFO - HTTP Request: POST https://api.telegram.org/bot8084223356:AAH0f9ib-iOJlt4xZWPH3r8GecTdVvjYcrE/getUpdates "HTTP/1.1 200 OK"
2025-04-29 01:55:20,400 - httpx - INFO - HTTP Request: POST https://api.telegram.org/bot8084223356:AAH0f9ib-iOJlt4xZWPH3r8GecTdVvjYcrE/getUpdates "HTTP/1.1 200 OK"
2025-04-29 01:55:30,444 - httpx - INFO - HTTP Request: POST https://api.telegram.org/bot8084223356:AAH0f9ib-iOJlt4xZWPH3r8GecTdVvjYcrE/getUpdates "HTTP/1.1 200 OK"
2025-04-29 01:55:40,487 - httpx - INFO - HTTP Request: POST https://api.telegram.org/bot8084223356:AAH0f9ib-iOJlt4xZWPH3r8GecTdVvjYcrE/getUpdates "HTTP/1.1 200 OK"
2025-04-29 01:55:50,534 - httpx - INFO - HTTP Request: POST https://api.telegram.org/bot8084223356:AAH0f9ib-iOJlt4xZWPH3r8GecTdVvjYcrE/getUpdates "HTTP/1.1 200 OK"
2025-04-29 01:56:00,580 - httpx - INFO - HTTP Request: POST https://api.telegram.org/bot8084223356:AAH0f9ib-iOJlt4xZWPH3r8GecTdVvjYcrE/getUpdates "HTTP/1.1 200 OK"
2025-04-29 01:56:10,630 - httpx - INFO - HTTP Request: POST https://api.telegram.org/bot8084223356:AAH0f9ib-iOJlt4xZWPH3r8GecTdVvjYcrE/getUpdates "HTTP/1.1 200 OK"
2025-04-29 01:56:20,674 - httpx - INFO - HTTP Request: POST https://api.telegram.org/bot8084223356:AAH0f9ib-iOJlt4xZWPH3r8GecTdVvjYcrE/getUpdates "HTTP/1.1 200 OK"
2025-04-29 01:56:30,745 - httpx - INFO - HTTP Request: POST https://api.telegram.org/bot8084223356:AAH0f9ib-iOJlt4xZWPH3r8GecTdVvjYcrE/getUpdates "HTTP/1.1 200 OK"
2025-04-29 01:56:40,789 - httpx - INFO - HTTP Request: POST https://api.telegram.org/bot8084223356:AAH0f9ib-iOJlt4xZWPH3r8GecTdVvjYcrE/getUpdates "HTTP/1.1 200 OK"
2025-04-29 01:56:50,833 - httpx - INFO - HTTP Request: POST https://api.telegram.org/bot8084223356:AAH0f9ib-iOJlt4xZWPH3r8GecTdVvjYcrE/getUpdates "HTTP/1.1 200 OK"
2025-04-29 01:57:00,874 - httpx - INFO - HTTP Request: POST https://api.telegram.org/bot8084223356:AAH0f9ib-iOJlt4xZWPH3r8GecTdVvjYcrE/getUpdates "HTTP/1.1 200 OK"
2025-04-29 01:57:10,914 - httpx - INFO - HTTP Request: POST https://api.telegram.org/bot8084223356:AAH0f9ib-iOJlt4xZWPH3r8GecTdVvjYcrE/getUpdates "HTTP/1.1 200 OK"
2025-04-29 01:57:20,957 - httpx - INFO - HTTP Request: POST https://api.telegram.org/bot8084223356:AAH0f9ib-iOJlt4xZWPH3r8GecTdVvjYcrE/getUpdates "HTTP/1.1 200 OK"
2025-04-29 01:57:30,998 - httpx - INFO - HTTP Request: POST https://api.telegram.org/bot8084223356:AAH0f9ib-iOJlt4xZWPH3r8GecTdVvjYcrE/getUpdates "HTTP/1.1 200 OK"
2025-04-29 01:57:41,045 - httpx - INFO - HTTP Request: POST https://api.telegram.org/bot8084223356:AAH0f9ib-iOJlt4xZWPH3r8GecTdVvjYcrE/getUpdates "HTTP/1.1 200 OK"
2025-04-29 01:57:51,088 - httpx - INFO - HTTP Request: POST https://api.telegram.org/bot8084223356:AAH0f9ib-iOJlt4xZWPH3r8GecTdVvjYcrE/getUpdates "HTTP/1.1 200 OK"
2025-04-29 01:58:01,130 - httpx - INFO - HTTP Request: POST https://api.telegram.org/bot8084223356:AAH0f9ib-iOJlt4xZWPH3r8GecTdVvjYcrE/getUpdates "HTTP/1.1 200 OK"
2025-04-29 01:58:11,173 - httpx - INFO - HTTP Request: POST https://api.telegram.org/bot8084223356:AAH0f9ib-iOJlt4xZWPH3r8GecTdVvjYcrE/getUpdates "HTTP/1.1 200 OK"
2025-04-29 01:58:21,213 - httpx - INFO - HTTP Request: POST https://api.telegram.org/bot8084223356:AAH0f9ib-iOJlt4xZWPH3r8GecTdVvjYcrE/getUpdates "HTTP/1.1 200 OK"
2025-04-29 01:58:31,255 - httpx - INFO - HTTP Request: POST https://api.telegram.org/bot8084223356:AAH0f9ib-iOJlt4xZWPH3r8GecTdVvjYcrE/getUpdates "HTTP/1.1 200 OK"
2025-04-29 01:58:41,296 - httpx - INFO - HTTP Request: POST https://api.telegram.org/bot8084223356:AAH0f9ib-iOJlt4xZWPH3r8GecTdVvjYcrE/getUpdates "HTTP/1.1 200 OK"
2025-04-29 01:58:51,336 - httpx - INFO - HTTP Request: POST https://api.telegram.org/bot8084223356:AAH0f9ib-iOJlt4xZWPH3r8GecTdVvjYcrE/getUpdates "HTTP/1.1 200 OK"
2025-04-29 01:59:01,378 - httpx - INFO - HTTP Request: POST https://api.telegram.org/bot8084223356:AAH0f9ib-iOJlt4xZWPH3r8GecTdVvjYcrE/getUpdates "HTTP/1.1 200 OK"
2025-04-29 01:59:11,424 - httpx - INFO - HTTP Request: POST https://api.telegram.org/bot8084223356:AAH0f9ib-iOJlt4xZWPH3r8GecTdVvjYcrE/getUpdates "HTTP/1.1 200 OK"
2025-04-29 01:59:21,464 - httpx - INFO - HTTP Request: POST https://api.telegram.org/bot8084223356:AAH0f9ib-iOJlt4xZWPH3r8GecTdVvjYcrE/getUpdates "HTTP/1.1 200 OK"
2025-04-29 01:59:31,504 - httpx - INFO - HTTP Request: POST https://api.telegram.org/bot8084223356:AAH0f9ib-iOJlt4xZWPH3r8GecTdVvjYcrE/getUpdates "HTTP/1.1 200 OK"
2025-04-29 01:59:41,546 - httpx - INFO - HTTP Request: POST https://api.telegram.org/bot8084223356:AAH0f9ib-iOJlt4xZWPH3r8GecTdVvjYcrE/getUpdates "HTTP/1.1 200 OK"
2025-04-29 01:59:51,587 - httpx - INFO - HTTP Request: POST https://api.telegram.org/bot8084223356:AAH0f9ib-iOJlt4xZWPH3r8GecTdVvjYcrE/getUpdates "HTTP/1.1 200 OK"
2025-04-29 02:00:01,629 - httpx - INFO - HTTP Request: POST https://api.telegram.org/bot8084223356:AAH0f9ib-iOJlt4xZWPH3r8GecTdVvjYcrE/getUpdates "HTTP/1.1 200 OK"
2025-04-29 02:00:11,672 - httpx - INFO - HTTP Request: POST https://api.telegram.org/bot8084223356:AAH0f9ib-iOJlt4xZWPH3r8GecTdVvjYcrE/getUpdates "HTTP/1.1 200 OK"
2025-04-29 02:00:21,718 - httpx - INFO - HTTP Request: POST https://api.telegram.org/bot8084223356:AAH0f9ib-iOJlt4xZWPH3r8GecTdVvjYcrE/getUpdates "HTTP/1.1 200 OK"
2025-04-29 02:00:31,762 - httpx - INFO - HTTP Request: POST https://api.telegram.org/bot8084223356:AAH0f9ib-iOJlt4xZWPH3r8GecTdVvjYcrE/getUpdates "HTTP/1.1 200 OK"
2025-04-29 02:00:41,804 - httpx - INFO - HTTP Request: POST https://api.telegram.org/bot8084223356:AAH0f9ib-iOJlt4xZWPH3r8GecTdVvjYcrE/getUpdates "HTTP/1.1 200 OK"
2025-04-29 02:00:51,847 - httpx - INFO - HTTP Request: POST https://api.telegram.org/bot8084223356:AAH0f9ib-iOJlt4xZWPH3r8GecTdVvjYcrE/getUpdates "HTTP/1.1 200 OK"
2025-04-29 02:01:01,888 - httpx - INFO - HTTP Request: POST https://api.telegram.org/bot8084223356:AAH0f9ib-iOJlt4xZWPH3r8GecTdVvjYcrE/getUpdates "HTTP/1.1 200 OK"
2025-04-29 02:01:11,935 - httpx - INFO - HTTP Request: POST https://api.telegram.org/bot8084223356:AAH0f9ib-iOJlt4xZWPH3r8GecTdVvjYcrE/getUpdates "HTTP/1.1 200 OK"
2025-04-29 02:01:21,976 - httpx - INFO - HTTP Request: POST https://api.telegram.org/bot8084223356:AAH0f9ib-iOJlt4xZWPH3r8GecTdVvjYcrE/getUpdates "HTTP/1.1 200 OK"
2025-04-29 02:01:32,018 - httpx - INFO - HTTP Request: POST https://api.telegram.org/bot8084223356:AAH0f9ib-iOJlt4xZWPH3r8GecTdVvjYcrE/getUpdates "HTTP/1.1 200 OK"
2025-04-29 02:01:42,060 - httpx - INFO - HTTP Request: POST https://api.telegram.org/bot8084223356:AAH0f9ib-iOJlt4xZWPH3r8GecTdVvjYcrE/getUpdates "HTTP/1.1 200 OK"
2025-04-29 02:01:52,102 - httpx - INFO - HTTP Request: POST https://api.telegram.org/bot8084223356:AAH0f9ib-iOJlt4xZWPH3r8GecTdVvjYcrE/getUpdates "HTTP/1.1 200 OK"
2025-04-29 02:02:02,143 - httpx - INFO - HTTP Request: POST https://api.telegram.org/bot8084223356:AAH0f9ib-iOJlt4xZWPH3r8GecTdVvjYcrE/getUpdates "HTTP/1.1 200 OK"
2025-04-29 02:02:12,184 - httpx - INFO - HTTP Request: POST https://api.telegram.org/bot8084223356:AAH0f9ib-iOJlt4xZWPH3r8GecTdVvjYcrE/getUpdates "HTTP/1.1 200 OK"
2025-04-29 02:02:22,228 - httpx - INFO - HTTP Request: POST https://api.telegram.org/bot8084223356:AAH0f9ib-iOJlt4xZWPH3r8GecTdVvjYcrE/getUpdates "HTTP/1.1 200 OK"
2025-04-29 02:02:32,272 - httpx - INFO - HTTP Request: POST https://api.telegram.org/bot8084223356:AAH0f9ib-iOJlt4xZWPH3r8GecTdVvjYcrE/getUpdates "HTTP/1.1 200 OK"
2025-04-29 02:02:42,326 - httpx - INFO - HTTP Request: POST https://api.telegram.org/bot8084223356:AAH0f9ib-iOJlt4xZWPH3r8GecTdVvjYcrE/getUpdates "HTTP/1.1 200 OK"
2025-04-29 02:02:52,369 - httpx - INFO - HTTP Request: POST https://api.telegram.org/bot8084223356:AAH0f9ib-iOJlt4xZWPH3r8GecTdVvjYcrE/getUpdates "HTTP/1.1 200 OK"
2025-04-29 02:03:02,416 - httpx - INFO - HTTP Request: POST https://api.telegram.org/bot8084223356:AAH0f9ib-iOJlt4xZWPH3r8GecTdVvjYcrE/getUpdates "HTTP/1.1 200 OK"
2025-04-29 02:03:12,459 - httpx - INFO - HTTP Request: POST https://api.telegram.org/bot8084223356:AAH0f9ib-iOJlt4xZWPH3r8GecTdVvjYcrE/getUpdates "HTTP/1.1 200 OK"
2025-04-29 02:03:22,503 - httpx - INFO - HTTP Request: POST https://api.telegram.org/bot8084223356:AAH0f9ib-iOJlt4xZWPH3r8GecTdVvjYcrE/getUpdates "HTTP/1.1 200 OK"
2025-04-29 02:03:32,547 - httpx - INFO - HTTP Request: POST https://api.telegram.org/bot8084223356:AAH0f9ib-iOJlt4xZWPH3r8GecTdVvjYcrE/getUpdates "HTTP/1.1 200 OK"
2025-04-29 02:03:42,587 - httpx - INFO - HTTP Request: POST https://api.telegram.org/bot8084223356:AAH0f9ib-iOJlt4xZWPH3r8GecTdVvjYcrE/getUpdates "HTTP/1.1 200 OK"
2025-04-29 02:03:52,630 - httpx - INFO - HTTP Request: POST https://api.telegram.org/bot8084223356:AAH0f9ib-iOJlt4xZWPH3r8GecTdVvjYcrE/getUpdates "HTTP/1.1 200 OK"
2025-04-29 02:04:02,679 - httpx - INFO - HTTP Request: POST https://api.telegram.org/bot8084223356:AAH0f9ib-iOJlt4xZWPH3r8GecTdVvjYcrE/getUpdates "HTTP/1.1 200 OK"
2025-04-29 02:04:12,724 - httpx - INFO - HTTP Request: POST https://api.telegram.org/bot8084223356:AAH0f9ib-iOJlt4xZWPH3r8GecTdVvjYcrE/getUpdates "HTTP/1.1 200 OK"
2025-04-29 02:04:22,770 - httpx - INFO - HTTP Request: POST https://api.telegram.org/bot8084223356:AAH0f9ib-iOJlt4xZWPH3r8GecTdVvjYcrE/getUpdates "HTTP/1.1 200 OK"
2025-04-29 02:04:32,813 - httpx - INFO - HTTP Request: POST https://api.telegram.org/bot8084223356:AAH0f9ib-iOJlt4xZWPH3r8GecTdVvjYcrE/getUpdates "HTTP/1.1 200 OK"
2025-04-29 02:04:42,856 - httpx - INFO - HTTP Request: POST https://api.telegram.org/bot8084223356:AAH0f9ib-iOJlt4xZWPH3r8GecTdVvjYcrE/getUpdates "HTTP/1.1 200 OK"
2025-04-29 02:04:52,897 - httpx - INFO - HTTP Request: POST https://api.telegram.org/bot8084223356:AAH0f9ib-iOJlt4xZWPH3r8GecTdVvjYcrE/getUpdates "HTTP/1.1 200 OK"
2025-04-29 02:05:02,939 - httpx - INFO - HTTP Request: POST https://api.telegram.org/bot8084223356:AAH0f9ib-iOJlt4xZWPH3r8GecTdVvjYcrE/getUpdates "HTTP/1.1 200 OK"
2025-04-29 02:05:13,043 - httpx - INFO - HTTP Request: POST https://api.telegram.org/bot8084223356:AAH0f9ib-iOJlt4xZWPH3r8GecTdVvjYcrE/getUpdates "HTTP/1.1 200 OK"
2025-04-29 02:05:23,084 - httpx - INFO - HTTP Request: POST https://api.telegram.org/bot8084223356:AAH0f9ib-iOJlt4xZWPH3r8GecTdVvjYcrE/getUpdates "HTTP/1.1 200 OK"
2025-04-29 02:05:33,128 - httpx - INFO - HTTP Request: POST https://api.telegram.org/bot8084223356:AAH0f9ib-iOJlt4xZWPH3r8GecTdVvjYcrE/getUpdates "HTTP/1.1 200 OK"
2025-04-29 02:05:43,172 - httpx - INFO - HTTP Request: POST https://api.telegram.org/bot8084223356:AAH0f9ib-iOJlt4xZWPH3r8GecTdVvjYcrE/getUpdates "HTTP/1.1 200 OK"
2025-04-29 02:05:53,326 - httpx - INFO - HTTP Request: POST https://api.telegram.org/bot8084223356:AAH0f9ib-iOJlt4xZWPH3r8GecTdVvjYcrE/getUpdates "HTTP/1.1 200 OK"
2025-04-29 02:06:03,397 - httpx - INFO - HTTP Request: POST https://api.telegram.org/bot8084223356:AAH0f9ib-iOJlt4xZWPH3r8GecTdVvjYcrE/getUpdates "HTTP/1.1 200 OK"
2025-04-29 02:06:13,500 - httpx - INFO - HTTP Request: POST https://api.telegram.org/bot8084223356:AAH0f9ib-iOJlt4xZWPH3r8GecTdVvjYcrE/getUpdates "HTTP/1.1 200 OK"
2025-04-29 02:06:23,676 - httpx - INFO - HTTP Request: POST https://api.telegram.org/bot8084223356:AAH0f9ib-iOJlt4xZWPH3r8GecTdVvjYcrE/getUpdates "HTTP/1.1 200 OK"
2025-04-29 02:06:33,719 - httpx - INFO - HTTP Request: POST https://api.telegram.org/bot8084223356:AAH0f9ib-iOJlt4xZWPH3r8GecTdVvjYcrE/getUpdates "HTTP/1.1 200 OK"
2025-04-29 02:06:43,827 - httpx - INFO - HTTP Request: POST https://api.telegram.org/bot8084223356:AAH0f9ib-iOJlt4xZWPH3r8GecTdVvjYcrE/getUpdates "HTTP/1.1 200 OK"
2025-04-29 02:06:53,876 - httpx - INFO - HTTP Request: POST https://api.telegram.org/bot8084223356:AAH0f9ib-iOJlt4xZWPH3r8GecTdVvjYcrE/getUpdates "HTTP/1.1 200 OK"
2025-04-29 02:07:03,920 - httpx - INFO - HTTP Request: POST https://api.telegram.org/bot8084223356:AAH0f9ib-iOJlt4xZWPH3r8GecTdVvjYcrE/getUpdates "HTTP/1.1 200 OK"
2025-04-29 02:07:13,972 - httpx - INFO - HTTP Request: POST https://api.telegram.org/bot8084223356:AAH0f9ib-iOJlt4xZWPH3r8GecTdVvjYcrE/getUpdates "HTTP/1.1 200 OK"
2025-04-29 02:07:24,014 - httpx - INFO - HTTP Request: POST https://api.telegram.org/bot8084223356:AAH0f9ib-iOJlt4xZWPH3r8GecTdVvjYcrE/getUpdates "HTTP/1.1 200 OK"
2025-04-29 02:07:34,161 - httpx - INFO - HTTP Request: POST https://api.telegram.org/bot8084223356:AAH0f9ib-iOJlt4xZWPH3r8GecTdVvjYcrE/getUpdates "HTTP/1.1 200 OK"
2025-04-29 02:07:44,205 - httpx - INFO - HTTP Request: POST https://api.telegram.org/bot8084223356:AAH0f9ib-iOJlt4xZWPH3r8GecTdVvjYcrE/getUpdates "HTTP/1.1 200 OK"
2025-04-29 02:07:54,248 - httpx - INFO - HTTP Request: POST https://api.telegram.org/bot8084223356:AAH0f9ib-iOJlt4xZWPH3r8GecTdVvjYcrE/getUpdates "HTTP/1.1 200 OK"
2025-04-29 02:08:04,291 - httpx - INFO - HTTP Request: POST https://api.telegram.org/bot8084223356:AAH0f9ib-iOJlt4xZWPH3r8GecTdVvjYcrE/getUpdates "HTTP/1.1 200 OK"
2025-04-29 02:08:14,336 - httpx - INFO - HTTP Request: POST https://api.telegram.org/bot8084223356:AAH0f9ib-iOJlt4xZWPH3r8GecTdVvjYcrE/getUpdates "HTTP/1.1 200 OK"
2025-04-29 02:08:24,378 - httpx - INFO - HTTP Request: POST https://api.telegram.org/bot8084223356:AAH0f9ib-iOJlt4xZWPH3r8GecTdVvjYcrE/getUpdates "HTTP/1.1 200 OK"
2025-04-29 02:08:34,422 - httpx - INFO - HTTP Request: POST https://api.telegram.org/bot8084223356:AAH0f9ib-iOJlt4xZWPH3r8GecTdVvjYcrE/getUpdates "HTTP/1.1 200 OK"
2025-04-29 02:08:44,464 - httpx - INFO - HTTP Request: POST https://api.telegram.org/bot8084223356:AAH0f9ib-iOJlt4xZWPH3r8GecTdVvjYcrE/getUpdates "HTTP/1.1 200 OK"
2025-04-29 02:08:54,507 - httpx - INFO - HTTP Request: POST https://api.telegram.org/bot8084223356:AAH0f9ib-iOJlt4xZWPH3r8GecTdVvjYcrE/getUpdates "HTTP/1.1 200 OK"
2025-04-29 02:09:04,603 - httpx - INFO - HTTP Request: POST https://api.telegram.org/bot8084223356:AAH0f9ib-iOJlt4xZWPH3r8GecTdVvjYcrE/getUpdates "HTTP/1.1 200 OK"
2025-04-29 02:09:14,646 - httpx - INFO - HTTP Request: POST https://api.telegram.org/bot8084223356:AAH0f9ib-iOJlt4xZWPH3r8GecTdVvjYcrE/getUpdates "HTTP/1.1 200 OK"
2025-04-29 02:09:24,691 - httpx - INFO - HTTP Request: POST https://api.telegram.org/bot8084223356:AAH0f9ib-iOJlt4xZWPH3r8GecTdVvjYcrE/getUpdates "HTTP/1.1 200 OK"
2025-04-29 02:09:34,734 - httpx - INFO - HTTP Request: POST https://api.telegram.org/bot8084223356:AAH0f9ib-iOJlt4xZWPH3r8GecTdVvjYcrE/getUpdates "HTTP/1.1 200 OK"
2025-04-29 02:09:44,848 - httpx - INFO - HTTP Request: POST https://api.telegram.org/bot8084223356:AAH0f9ib-iOJlt4xZWPH3r8GecTdVvjYcrE/getUpdates "HTTP/1.1 200 OK"
2025-04-29 02:09:54,895 - httpx - INFO - HTTP Request: POST https://api.telegram.org/bot8084223356:AAH0f9ib-iOJlt4xZWPH3r8GecTdVvjYcrE/getUpdates "HTTP/1.1 200 OK"
2025-04-29 02:10:05,000 - httpx - INFO - HTTP Request: POST https://api.telegram.org/bot8084223356:AAH0f9ib-iOJlt4xZWPH3r8GecTdVvjYcrE/getUpdates "HTTP/1.1 200 OK"
2025-04-29 02:10:15,045 - httpx - INFO - HTTP Request: POST https://api.telegram.org/bot8084223356:AAH0f9ib-iOJlt4xZWPH3r8GecTdVvjYcrE/getUpdates "HTTP/1.1 200 OK"
2025-04-29 02:10:25,088 - httpx - INFO - HTTP Request: POST https://api.telegram.org/bot8084223356:AAH0f9ib-iOJlt4xZWPH3r8GecTdVvjYcrE/getUpdates "HTTP/1.1 200 OK"
2025-04-29 02:10:35,134 - httpx - INFO - HTTP Request: POST https://api.telegram.org/bot8084223356:AAH0f9ib-iOJlt4xZWPH3r8GecTdVvjYcrE/getUpdates "HTTP/1.1 200 OK"
2025-04-29 02:10:45,177 - httpx - INFO - HTTP Request: POST https://api.telegram.org/bot8084223356:AAH0f9ib-iOJlt4xZWPH3r8GecTdVvjYcrE/getUpdates "HTTP/1.1 200 OK"
2025-04-29 02:10:55,220 - httpx - INFO - HTTP Request: POST https://api.telegram.org/bot8084223356:AAH0f9ib-iOJlt4xZWPH3r8GecTdVvjYcrE/getUpdates "HTTP/1.1 200 OK"
2025-04-29 02:11:05,264 - httpx - INFO - HTTP Request: POST https://api.telegram.org/bot8084223356:AAH0f9ib-iOJlt4xZWPH3r8GecTdVvjYcrE/getUpdates "HTTP/1.1 200 OK"
2025-04-29 02:12:11,489 - apscheduler.scheduler - INFO - Adding job tentatively -- it will be properly scheduled when the scheduler starts
2025-04-29 02:12:11,489 - __main__ - INFO - Iniciando bot...
2025-04-29 02:12:11,648 - httpx - INFO - HTTP Request: POST https://api.telegram.org/bot8084223356:AAH0f9ib-iOJlt4xZWPH3r8GecTdVvjYcrE/getMe "HTTP/1.1 200 OK"
2025-04-29 02:12:11,736 - httpx - INFO - HTTP Request: POST https://api.telegram.org/bot8084223356:AAH0f9ib-iOJlt4xZWPH3r8GecTdVvjYcrE/deleteWebhook "HTTP/1.1 200 OK"
2025-04-29 02:12:11,737 - apscheduler.scheduler - INFO - Added job "envio_diario_horoscopos" to job store "default"
2025-04-29 02:12:11,737 - apscheduler.scheduler - INFO - Scheduler started
2025-04-29 02:12:11,737 - telegram.ext.Application - INFO - Application started
2025-04-29 02:12:21,853 - httpx - INFO - HTTP Request: POST https://api.telegram.org/bot8084223356:AAH0f9ib-iOJlt4xZWPH3r8GecTdVvjYcrE/getUpdates "HTTP/1.1 200 OK"
2025-04-29 02:12:31,893 - httpx - INFO - HTTP Request: POST https://api.telegram.org/bot8084223356:AAH0f9ib-iOJlt4xZWPH3r8GecTdVvjYcrE/getUpdates "HTTP/1.1 200 OK"
2025-04-29 02:12:41,939 - httpx - INFO - HTTP Request: POST https://api.telegram.org/bot8084223356:AAH0f9ib-iOJlt4xZWPH3r8GecTdVvjYcrE/getUpdates "HTTP/1.1 200 OK"
2025-04-29 02:12:43,687 - httpx - INFO - HTTP Request: POST https://api.telegram.org/bot8084223356:AAH0f9ib-iOJlt4xZWPH3r8GecTdVvjYcrE/getUpdates "HTTP/1.1 200 OK"
2025-04-29 02:12:43,914 - httpx - INFO - HTTP Request: POST https://api.telegram.org/bot8084223356:AAH0f9ib-iOJlt4xZWPH3r8GecTdVvjYcrE/sendMessage "HTTP/1.1 200 OK"
2025-04-29 02:12:48,681 - httpx - INFO - HTTP Request: POST https://api.telegram.org/bot8084223356:AAH0f9ib-iOJlt4xZWPH3r8GecTdVvjYcrE/getUpdates "HTTP/1.1 200 OK"
2025-04-29 02:12:48,726 - httpx - INFO - HTTP Request: POST https://api.telegram.org/bot8084223356:AAH0f9ib-iOJlt4xZWPH3r8GecTdVvjYcrE/answerCallbackQuery "HTTP/1.1 200 OK"
2025-04-29 02:12:48,779 - httpx - INFO - HTTP Request: POST https://api.telegram.org/bot8084223356:AAH0f9ib-iOJlt4xZWPH3r8GecTdVvjYcrE/sendMessage "HTTP/1.1 200 OK"
2025-04-29 02:12:50,197 - httpx - INFO - HTTP Request: POST https://api.telegram.org/bot8084223356:AAH0f9ib-iOJlt4xZWPH3r8GecTdVvjYcrE/editMessageText "HTTP/1.1 200 OK"
2025-04-29 02:12:54,628 - httpx - INFO - HTTP Request: POST https://api.telegram.org/bot8084223356:AAH0f9ib-iOJlt4xZWPH3r8GecTdVvjYcrE/getUpdates "HTTP/1.1 200 OK"
2025-04-29 02:12:54,675 - httpx - INFO - HTTP Request: POST https://api.telegram.org/bot8084223356:AAH0f9ib-iOJlt4xZWPH3r8GecTdVvjYcrE/answerCallbackQuery "HTTP/1.1 200 OK"
2025-04-29 02:12:54,749 - httpx - INFO - HTTP Request: POST https://api.telegram.org/bot8084223356:AAH0f9ib-iOJlt4xZWPH3r8GecTdVvjYcrE/sendMessage "HTTP/1.1 200 OK"
2025-04-29 02:13:03,024 - httpx - INFO - HTTP Request: POST https://api.telegram.org/bot8084223356:AAH0f9ib-iOJlt4xZWPH3r8GecTdVvjYcrE/getUpdates "HTTP/1.1 200 OK"
2025-04-29 02:13:03,178 - httpx - INFO - HTTP Request: POST https://api.telegram.org/bot8084223356:AAH0f9ib-iOJlt4xZWPH3r8GecTdVvjYcrE/answerCallbackQuery "HTTP/1.1 200 OK"
2025-04-29 02:13:03,239 - httpx - INFO - HTTP Request: POST https://api.telegram.org/bot8084223356:AAH0f9ib-iOJlt4xZWPH3r8GecTdVvjYcrE/editMessageText "HTTP/1.1 200 OK"
2025-04-29 02:13:13,064 - httpx - INFO - HTTP Request: POST https://api.telegram.org/bot8084223356:AAH0f9ib-iOJlt4xZWPH3r8GecTdVvjYcrE/getUpdates "HTTP/1.1 200 OK"
2025-04-29 02:13:23,103 - httpx - INFO - HTTP Request: POST https://api.telegram.org/bot8084223356:AAH0f9ib-iOJlt4xZWPH3r8GecTdVvjYcrE/getUpdates "HTTP/1.1 200 OK"
2025-04-29 02:13:33,142 - httpx - INFO - HTTP Request: POST https://api.telegram.org/bot8084223356:AAH0f9ib-iOJlt4xZWPH3r8GecTdVvjYcrE/getUpdates "HTTP/1.1 200 OK"
2025-04-29 02:13:43,181 - httpx - INFO - HTTP Request: POST https://api.telegram.org/bot8084223356:AAH0f9ib-iOJlt4xZWPH3r8GecTdVvjYcrE/getUpdates "HTTP/1.1 200 OK"
2025-04-29 02:13:53,221 - httpx - INFO - HTTP Request: POST https://api.telegram.org/bot8084223356:AAH0f9ib-iOJlt4xZWPH3r8GecTdVvjYcrE/getUpdates "HTTP/1.1 200 OK"
2025-04-29 02:14:03,260 - httpx - INFO - HTTP Request: POST https://api.telegram.org/bot8084223356:AAH0f9ib-iOJlt4xZWPH3r8GecTdVvjYcrE/getUpdates "HTTP/1.1 200 OK"
2025-04-29 02:14:13,300 - httpx - INFO - HTTP Request: POST https://api.telegram.org/bot8084223356:AAH0f9ib-iOJlt4xZWPH3r8GecTdVvjYcrE/getUpdates "HTTP/1.1 200 OK"
2025-04-29 02:14:15,714 - httpx - INFO - HTTP Request: POST https://api.telegram.org/bot8084223356:AAH0f9ib-iOJlt4xZWPH3r8GecTdVvjYcrE/getUpdates "HTTP/1.1 200 OK"
2025-04-29 02:14:15,873 - httpx - INFO - HTTP Request: POST https://api.telegram.org/bot8084223356:AAH0f9ib-iOJlt4xZWPH3r8GecTdVvjYcrE/answerCallbackQuery "HTTP/1.1 200 OK"
2025-04-29 02:14:15,948 - httpx - INFO - HTTP Request: POST https://api.telegram.org/bot8084223356:AAH0f9ib-iOJlt4xZWPH3r8GecTdVvjYcrE/sendMessage "HTTP/1.1 200 OK"
2025-04-29 02:14:17,487 - httpx - INFO - HTTP Request: POST https://api.telegram.org/bot8084223356:AAH0f9ib-iOJlt4xZWPH3r8GecTdVvjYcrE/getUpdates "HTTP/1.1 200 OK"
2025-04-29 02:14:17,537 - httpx - INFO - HTTP Request: POST https://api.telegram.org/bot8084223356:AAH0f9ib-iOJlt4xZWPH3r8GecTdVvjYcrE/answerCallbackQuery "HTTP/1.1 200 OK"
2025-04-29 02:14:17,593 - httpx - INFO - HTTP Request: POST https://api.telegram.org/bot8084223356:AAH0f9ib-iOJlt4xZWPH3r8GecTdVvjYcrE/sendMessage "HTTP/1.1 200 OK"
2025-04-29 02:14:18,950 - httpx - INFO - HTTP Request: POST https://api.telegram.org/bot8084223356:AAH0f9ib-iOJlt4xZWPH3r8GecTdVvjYcrE/editMessageText "HTTP/1.1 200 OK"
2025-04-29 02:14:27,524 - httpx - INFO - HTTP Request: POST https://api.telegram.org/bot8084223356:AAH0f9ib-iOJlt4xZWPH3r8GecTdVvjYcrE/getUpdates "HTTP/1.1 200 OK"
2025-04-29 02:14:37,563 - httpx - INFO - HTTP Request: POST https://api.telegram.org/bot8084223356:AAH0f9ib-iOJlt4xZWPH3r8GecTdVvjYcrE/getUpdates "HTTP/1.1 200 OK"
2025-04-29 02:14:38,569 - httpx - INFO - HTTP Request: POST https://api.telegram.org/bot8084223356:AAH0f9ib-iOJlt4xZWPH3r8GecTdVvjYcrE/getUpdates "HTTP/1.1 200 OK"
2025-04-29 02:14:38,705 - httpx - INFO - HTTP Request: POST https://api.telegram.org/bot8084223356:AAH0f9ib-iOJlt4xZWPH3r8GecTdVvjYcrE/answerCallbackQuery "HTTP/1.1 200 OK"
2025-04-29 02:14:38,788 - httpx - INFO - HTTP Request: POST https://api.telegram.org/bot8084223356:AAH0f9ib-iOJlt4xZWPH3r8GecTdVvjYcrE/sendMessage "HTTP/1.1 200 OK"
2025-04-29 02:14:48,609 - httpx - INFO - HTTP Request: POST https://api.telegram.org/bot8084223356:AAH0f9ib-iOJlt4xZWPH3r8GecTdVvjYcrE/getUpdates "HTTP/1.1 200 OK"
2025-04-29 02:14:58,754 - httpx - INFO - HTTP Request: POST https://api.telegram.org/bot8084223356:AAH0f9ib-iOJlt4xZWPH3r8GecTdVvjYcrE/getUpdates "HTTP/1.1 200 OK"
2025-04-29 02:15:08,792 - httpx - INFO - HTTP Request: POST https://api.telegram.org/bot8084223356:AAH0f9ib-iOJlt4xZWPH3r8GecTdVvjYcrE/getUpdates "HTTP/1.1 200 OK"
2025-04-29 02:15:18,832 - httpx - INFO - HTTP Request: POST https://api.telegram.org/bot8084223356:AAH0f9ib-iOJlt4xZWPH3r8GecTdVvjYcrE/getUpdates "HTTP/1.1 200 OK"
2025-04-29 02:15:28,871 - httpx - INFO - HTTP Request: POST https://api.telegram.org/bot8084223356:AAH0f9ib-iOJlt4xZWPH3r8GecTdVvjYcrE/getUpdates "HTTP/1.1 200 OK"
2025-04-29 02:15:38,912 - httpx - INFO - HTTP Request: POST https://api.telegram.org/bot8084223356:AAH0f9ib-iOJlt4xZWPH3r8GecTdVvjYcrE/getUpdates "HTTP/1.1 200 OK"
2025-04-29 02:15:40,736 - httpx - INFO - HTTP Request: POST https://api.telegram.org/bot8084223356:AAH0f9ib-iOJlt4xZWPH3r8GecTdVvjYcrE/getUpdates "HTTP/1.1 200 OK"
2025-04-29 02:15:40,911 - httpx - INFO - HTTP Request: POST https://api.telegram.org/bot8084223356:AAH0f9ib-iOJlt4xZWPH3r8GecTdVvjYcrE/sendMessage "HTTP/1.1 200 OK"
2025-04-29 02:15:47,528 - httpx - INFO - HTTP Request: POST https://api.telegram.org/bot8084223356:AAH0f9ib-iOJlt4xZWPH3r8GecTdVvjYcrE/getUpdates "HTTP/1.1 200 OK"
2025-04-29 02:15:47,677 - httpx - INFO - HTTP Request: POST https://api.telegram.org/bot8084223356:AAH0f9ib-iOJlt4xZWPH3r8GecTdVvjYcrE/answerCallbackQuery "HTTP/1.1 200 OK"
2025-04-29 02:15:47,731 - httpx - INFO - HTTP Request: POST https://api.telegram.org/bot8084223356:AAH0f9ib-iOJlt4xZWPH3r8GecTdVvjYcrE/editMessageText "HTTP/1.1 200 OK"
2025-04-29 02:15:57,567 - httpx - INFO - HTTP Request: POST https://api.telegram.org/bot8084223356:AAH0f9ib-iOJlt4xZWPH3r8GecTdVvjYcrE/getUpdates "HTTP/1.1 200 OK"
2025-04-29 02:15:58,281 - httpx - INFO - HTTP Request: POST https://api.telegram.org/bot8084223356:AAH0f9ib-iOJlt4xZWPH3r8GecTdVvjYcrE/getUpdates "HTTP/1.1 200 OK"
2025-04-29 02:15:58,431 - httpx - INFO - HTTP Request: POST https://api.telegram.org/bot8084223356:AAH0f9ib-iOJlt4xZWPH3r8GecTdVvjYcrE/answerCallbackQuery "HTTP/1.1 200 OK"
2025-04-29 02:15:58,509 - httpx - INFO - HTTP Request: POST https://api.telegram.org/bot8084223356:AAH0f9ib-iOJlt4xZWPH3r8GecTdVvjYcrE/editMessageText "HTTP/1.1 200 OK"
2025-04-29 02:16:00,824 - httpx - INFO - HTTP Request: POST https://api.telegram.org/bot8084223356:AAH0f9ib-iOJlt4xZWPH3r8GecTdVvjYcrE/getUpdates "HTTP/1.1 200 OK"
2025-04-29 02:16:00,874 - httpx - INFO - HTTP Request: POST https://api.telegram.org/bot8084223356:AAH0f9ib-iOJlt4xZWPH3r8GecTdVvjYcrE/answerCallbackQuery "HTTP/1.1 200 OK"
2025-04-29 02:16:00,931 - httpx - INFO - HTTP Request: POST https://api.telegram.org/bot8084223356:AAH0f9ib-iOJlt4xZWPH3r8GecTdVvjYcrE/editMessageText "HTTP/1.1 200 OK"
2025-04-29 02:16:04,149 - httpx - INFO - HTTP Request: POST https://api.telegram.org/bot8084223356:AAH0f9ib-iOJlt4xZWPH3r8GecTdVvjYcrE/getUpdates "HTTP/1.1 200 OK"
2025-04-29 02:16:04,193 - httpx - INFO - HTTP Request: POST https://api.telegram.org/bot8084223356:AAH0f9ib-iOJlt4xZWPH3r8GecTdVvjYcrE/answerCallbackQuery "HTTP/1.1 200 OK"
2025-04-29 02:16:04,256 - httpx - INFO - HTTP Request: POST https://api.telegram.org/bot8084223356:AAH0f9ib-iOJlt4xZWPH3r8GecTdVvjYcrE/editMessageText "HTTP/1.1 200 OK"
2025-04-29 02:16:14,191 - httpx - INFO - HTTP Request: POST https://api.telegram.org/bot8084223356:AAH0f9ib-iOJlt4xZWPH3r8GecTdVvjYcrE/getUpdates "HTTP/1.1 200 OK"
2025-04-29 02:16:14,833 - httpx - INFO - HTTP Request: POST https://api.telegram.org/bot8084223356:AAH0f9ib-iOJlt4xZWPH3r8GecTdVvjYcrE/getUpdates "HTTP/1.1 200 OK"
2025-04-29 02:16:14,968 - httpx - INFO - HTTP Request: POST https://api.telegram.org/bot8084223356:AAH0f9ib-iOJlt4xZWPH3r8GecTdVvjYcrE/answerCallbackQuery "HTTP/1.1 200 OK"
2025-04-29 02:16:15,025 - httpx - INFO - HTTP Request: POST https://api.telegram.org/bot8084223356:AAH0f9ib-iOJlt4xZWPH3r8GecTdVvjYcrE/editMessageText "HTTP/1.1 200 OK"
2025-04-29 02:16:19,457 - httpx - INFO - HTTP Request: POST https://api.telegram.org/bot8084223356:AAH0f9ib-iOJlt4xZWPH3r8GecTdVvjYcrE/getUpdates "HTTP/1.1 200 OK"
2025-04-29 02:16:19,516 - httpx - INFO - HTTP Request: POST https://api.telegram.org/bot8084223356:AAH0f9ib-iOJlt4xZWPH3r8GecTdVvjYcrE/answerCallbackQuery "HTTP/1.1 200 OK"
2025-04-29 02:16:19,577 - httpx - INFO - HTTP Request: POST https://api.telegram.org/bot8084223356:AAH0f9ib-iOJlt4xZWPH3r8GecTdVvjYcrE/editMessageText "HTTP/1.1 200 OK"
2025-04-29 02:16:29,497 - httpx - INFO - HTTP Request: POST https://api.telegram.org/bot8084223356:AAH0f9ib-iOJlt4xZWPH3r8GecTdVvjYcrE/getUpdates "HTTP/1.1 200 OK"
2025-04-29 02:16:32,357 - httpx - INFO - HTTP Request: POST https://api.telegram.org/bot8084223356:AAH0f9ib-iOJlt4xZWPH3r8GecTdVvjYcrE/getUpdates "HTTP/1.1 200 OK"
2025-04-29 02:16:32,502 - httpx - INFO - HTTP Request: POST https://api.telegram.org/bot8084223356:AAH0f9ib-iOJlt4xZWPH3r8GecTdVvjYcrE/answerCallbackQuery "HTTP/1.1 200 OK"
2025-04-29 02:16:32,592 - httpx - INFO - HTTP Request: POST https://api.telegram.org/bot8084223356:AAH0f9ib-iOJlt4xZWPH3r8GecTdVvjYcrE/editMessageText "HTTP/1.1 200 OK"
2025-04-29 02:16:41,160 - httpx - INFO - HTTP Request: POST https://api.telegram.org/bot8084223356:AAH0f9ib-iOJlt4xZWPH3r8GecTdVvjYcrE/getUpdates "HTTP/1.1 200 OK"
2025-04-29 02:16:41,280 - httpx - INFO - HTTP Request: POST https://api.telegram.org/bot8084223356:AAH0f9ib-iOJlt4xZWPH3r8GecTdVvjYcrE/answerCallbackQuery "HTTP/1.1 200 OK"
2025-04-29 02:16:41,333 - httpx - INFO - HTTP Request: POST https://api.telegram.org/bot8084223356:AAH0f9ib-iOJlt4xZWPH3r8GecTdVvjYcrE/editMessageText "HTTP/1.1 200 OK"
2025-04-29 02:16:51,171 - httpx - INFO - HTTP Request: POST https://api.telegram.org/bot8084223356:AAH0f9ib-iOJlt4xZWPH3r8GecTdVvjYcrE/getUpdates "HTTP/1.1 200 OK"
2025-04-29 02:16:51,289 - httpx - INFO - HTTP Request: POST https://api.telegram.org/bot8084223356:AAH0f9ib-iOJlt4xZWPH3r8GecTdVvjYcrE/answerCallbackQuery "HTTP/1.1 200 OK"
2025-04-29 02:16:51,351 - httpx - INFO - HTTP Request: POST https://api.telegram.org/bot8084223356:AAH0f9ib-iOJlt4xZWPH3r8GecTdVvjYcrE/editMessageText "HTTP/1.1 200 OK"
2025-04-29 02:16:57,513 - httpx - INFO - HTTP Request: POST https://api.telegram.org/bot8084223356:AAH0f9ib-iOJlt4xZWPH3r8GecTdVvjYcrE/getUpdates "HTTP/1.1 200 OK"
2025-04-29 02:16:57,651 - httpx - INFO - HTTP Request: POST https://api.telegram.org/bot8084223356:AAH0f9ib-iOJlt4xZWPH3r8GecTdVvjYcrE/answerCallbackQuery "HTTP/1.1 200 OK"
2025-04-29 02:16:57,722 - httpx - INFO - HTTP Request: POST https://api.telegram.org/bot8084223356:AAH0f9ib-iOJlt4xZWPH3r8GecTdVvjYcrE/sendMessage "HTTP/1.1 200 OK"
2025-04-29 02:17:01,452 - httpx - INFO - HTTP Request: POST https://api.telegram.org/bot8084223356:AAH0f9ib-iOJlt4xZWPH3r8GecTdVvjYcrE/getUpdates "HTTP/1.1 200 OK"
2025-04-29 02:17:01,500 - httpx - INFO - HTTP Request: POST https://api.telegram.org/bot8084223356:AAH0f9ib-iOJlt4xZWPH3r8GecTdVvjYcrE/answerCallbackQuery "HTTP/1.1 200 OK"
2025-04-29 02:17:01,555 - httpx - INFO - HTTP Request: POST https://api.telegram.org/bot8084223356:AAH0f9ib-iOJlt4xZWPH3r8GecTdVvjYcrE/editMessageText "HTTP/1.1 200 OK"
2025-04-29 02:17:11,494 - httpx - INFO - HTTP Request: POST https://api.telegram.org/bot8084223356:AAH0f9ib-iOJlt4xZWPH3r8GecTdVvjYcrE/getUpdates "HTTP/1.1 200 OK"
2025-04-29 02:17:21,535 - httpx - INFO - HTTP Request: POST https://api.telegram.org/bot8084223356:AAH0f9ib-iOJlt4xZWPH3r8GecTdVvjYcrE/getUpdates "HTTP/1.1 200 OK"
2025-04-29 02:17:31,573 - httpx - INFO - HTTP Request: POST https://api.telegram.org/bot8084223356:AAH0f9ib-iOJlt4xZWPH3r8GecTdVvjYcrE/getUpdates "HTTP/1.1 200 OK"
2025-04-29 02:17:36,350 - httpx - INFO - HTTP Request: POST https://api.telegram.org/bot8084223356:AAH0f9ib-iOJlt4xZWPH3r8GecTdVvjYcrE/getUpdates "HTTP/1.1 200 OK"
2025-04-29 02:17:36,521 - httpx - INFO - HTTP Request: POST https://api.telegram.org/bot8084223356:AAH0f9ib-iOJlt4xZWPH3r8GecTdVvjYcrE/answerCallbackQuery "HTTP/1.1 200 OK"
2025-04-29 02:17:36,619 - httpx - INFO - HTTP Request: POST https://api.telegram.org/bot8084223356:AAH0f9ib-iOJlt4xZWPH3r8GecTdVvjYcrE/sendMessage "HTTP/1.1 200 OK"
2025-04-29 02:17:39,670 - httpx - INFO - HTTP Request: POST https://api.telegram.org/bot8084223356:AAH0f9ib-iOJlt4xZWPH3r8GecTdVvjYcrE/getUpdates "HTTP/1.1 200 OK"
2025-04-29 02:17:39,721 - httpx - INFO - HTTP Request: POST https://api.telegram.org/bot8084223356:AAH0f9ib-iOJlt4xZWPH3r8GecTdVvjYcrE/answerCallbackQuery "HTTP/1.1 200 OK"
2025-04-29 02:17:39,787 - httpx - INFO - HTTP Request: POST https://api.telegram.org/bot8084223356:AAH0f9ib-iOJlt4xZWPH3r8GecTdVvjYcrE/sendMessage "HTTP/1.1 200 OK"
2025-04-29 02:17:41,129 - httpx - INFO - HTTP Request: POST https://api.telegram.org/bot8084223356:AAH0f9ib-iOJlt4xZWPH3r8GecTdVvjYcrE/editMessageText "HTTP/1.1 200 OK"
2025-04-29 02:17:49,710 - httpx - INFO - HTTP Request: POST https://api.telegram.org/bot8084223356:AAH0f9ib-iOJlt4xZWPH3r8GecTdVvjYcrE/getUpdates "HTTP/1.1 200 OK"
2025-04-29 02:17:59,749 - httpx - INFO - HTTP Request: POST https://api.telegram.org/bot8084223356:AAH0f9ib-iOJlt4xZWPH3r8GecTdVvjYcrE/getUpdates "HTTP/1.1 200 OK"
